time,side,gross_r,net_r,exit,risk_pct,hold_bars
2020-01-03 04:45:00+00:00,1,1.6083531644756461,1.5353770964985345,timeout,2.466562052321806,289
2020-01-07 22:15:00+00:00,1,0.0034353702504910165,-0.035360228413922064,timeout,4.639701569165696,289
2020-01-08 22:30:00+00:00,1,0.19251322256884273,0.1622663859060054,timeout,5.951035541549911,289
2020-01-10 16:45:00+00:00,1,0.2584196038496072,0.21535147560017426,timeout,4.179424723487255,289
2020-01-12 00:30:00+00:00,1,2.279704575162853,2.2366755109471415,timeout,4.183219023719192,289
2020-01-28 05:45:00+00:00,1,0.9796866254487993,0.9248885643858987,timeout,3.2847877554168416,289
2020-02-09 03:45:00+00:00,1,-1.0,-1.0782241265371222,stop,2.301080343985417,105
2020-02-11 15:45:00+00:00,1,0.40251821056985176,0.32782908242679065,timeout,2.40998930467128,289
2020-02-16 03:00:00+00:00,1,-1.0,-1.0594282671087203,stop,3.02886166394018,55
2020-02-18 19:30:00+00:00,1,-1.0,-1.0509130033740957,stop,3.535442579912365,106
2020-02-26 14:15:00+00:00,1,-1.0,-1.0378249756805489,stop,4.758760495186858,11
2020-04-12 16:15:00+00:00,1,-1.0,-1.062991577486406,stop,2.8575248816215963,32
2020-04-16 12:45:00+00:00,1,0.3699253588400999,0.33901858069122287,timeout,5.823965187602062,289
2020-04-17 15:15:00+00:00,1,0.106368739107752,0.06279877009358571,timeout,4.131285930946496,289
2020-04-20 13:00:00+00:00,1,-1.0,-1.0572204505585752,stop,3.1457284632133176,26
2020-05-03 00:45:00+00:00,1,-1.0,-1.0531968178755142,stop,3.383661038169942,48
2020-05-05 08:45:00+00:00,1,2.4390640875273832,2.397755290182942,wick,4.357425332408585,253
2020-05-11 12:30:00+00:00,1,-1.0,-1.0244188223874544,stop,7.371362842316167,17
2020-05-13 12:30:00+00:00,1,1.1541860688071683,1.1129807570806611,timeout,4.368368845131353,289
2020-05-21 19:45:00+00:00,1,-0.15890734126836836,-0.19267014043586625,timeout,5.331311515583073,289
2020-05-24 20:00:00+00:00,1,-1.0,-1.051132157445485,stop,3.520289559303428,15
2020-07-27 01:15:00+00:00,1,2.4334542509132175,2.372786665601276,wick,2.9669880394031347,64
2020-07-28 04:15:00+00:00,1,-0.019889045383749478,-0.044755384492801975,timeout,7.238701250336913,289
2020-07-29 06:45:00+00:00,1,1.11104918234272,1.0745229245004058,timeout,4.927961708452836,289
2020-07-30 07:00:00+00:00,1,-1.0,-1.0397793918551073,stop,4.524956054019954,279
2020-08-02 13:15:00+00:00,1,0.6411059626440301,0.6179445402204048,timeout,7.7715434185248915,289
2020-08-10 03:00:00+00:00,1,-1.0,-1.0719139599255973,stop,2.5029910769234425,30
2020-08-18 15:30:00+00:00,1,-0.5907241349363727,-0.6344252784681341,timeout,4.118885352946842,289
2020-09-01 16:45:00+00:00,1,-1.0,-1.071304865103762,stop,2.5243719308362227,62
2020-10-21 01:30:00+00:00,1,2.5284840575559526,2.463733967733625,wick,2.779918923570841,80
2020-10-22 18:00:00+00:00,1,-0.11897446679898453,-0.16065170523130318,timeout,4.318904197366849,289
2020-10-25 06:45:00+00:00,1,1.4350725625591796,1.3855425627403228,timeout,3.634161127767078,289
2020-10-26 09:00:00+00:00,1,-1.0,-1.0840517075918183,stop,2.1415388831139146,36
2020-10-28 17:30:00+00:00,1,1.1847369571093282,1.1489531636945365,wick,5.030210126509246,258
2020-11-04 17:15:00+00:00,1,1.5907065117887564,1.5432886270790587,wick,3.7960360547923537,105
2020-11-05 19:45:00+00:00,1,0.3483330505727151,0.3170885005304822,timeout,5.761004711435951,289
2020-11-08 02:00:00+00:00,1,0.39395161904171233,0.36527571537211606,timeout,6.277047170821878,289
2020-11-09 17:00:00+00:00,1,0.8700851677097916,0.8393419671669283,wick,5.8549531870970215,197
2020-11-12 15:30:00+00:00,1,-0.04160405936046569,-0.07860814782573888,timeout,4.8643273612569216,289
2020-11-13 16:45:00+00:00,1,0.6431589749997142,0.5963368020758288,timeout,3.8443324766795843,289
2020-11-14 22:15:00+00:00,1,1.8293353328214843,1.7736046127535574,wick,3.229816513775675,246
2020-11-16 04:30:00+00:00,1,2.083429689522383,2.0188170842669426,wick,2.7858341153152018,125
2020-11-17 13:00:00+00:00,1,1.575800640780522,1.5203812514205761,wick,3.2479607241954596,83
2020-11-19 18:15:00+00:00,1,0.5439572947648708,0.5101727337336045,timeout,5.327877424052286,289
2020-11-22 12:30:00+00:00,1,0.9584207125787673,0.9232514413506735,wick,5.118104348327047,181
2020-11-24 12:30:00+00:00,1,-1.0,-1.0364966826948685,stop,4.93195509040903,155
2020-11-26 12:15:00+00:00,1,0.4958447609527076,0.47665947974903095,timeout,9.382192426009631,289
2020-11-27 20:30:00+00:00,1,2.098015258532105,2.0711008580410493,timeout,6.6878695685538005,289
2020-11-29 08:30:00+00:00,1,1.1718731469538084,1.12269105374288,wick,3.6598686279583474,233
2020-12-01 16:45:00+00:00,1,-0.0854023799153096,-0.10648464932759615,timeout,8.537980256295262,289
2020-12-02 18:30:00+00:00,1,0.05969780470634345,0.03151667620291865,timeout,6.387253085983585,289
2020-12-04 18:45:00+00:00,1,-0.0850766033106546,-0.12932821428287603,timeout,4.0676485227395105,289
2020-12-05 22:15:00+00:00,1,-0.551200802353244,-0.6127270384403634,timeout,2.9255812064486646,289
2020-12-07 20:45:00+00:00,1,-1.0,-1.0659417556692403,stop,2.7296816436442577,105
2020-12-09 01:30:00+00:00,1,0.08123164691395597,0.037846893030378824,timeout,4.1489229253905515,289
2020-12-11 19:15:00+00:00,1,1.5608598683814463,1.5163366304494246,timeout,4.042832650105656,289
2020-12-13 22:45:00+00:00,1,4.371590782038221,4.306403028538099,timeout,2.7612548421332446,289
2020-12-18 03:15:00+00:00,1,0.4625346784152002,0.4415691891619726,wick,8.58553777714914,149
2020-12-19 05:30:00+00:00,1,0.908335455288787,0.8684281102700773,wick,4.510447886613618,44
2020-12-21 15:00:00+00:00,1,0.45734446191854355,0.4323089541826084,wick,7.189788275858841,186
2020-12-23 12:30:00+00:00,1,0.5114065141706051,0.4770955812711972,wick,5.246141238063107,4
2020-12-24 13:00:00+00:00,1,0.5516009468099766,0.5201516266879228,wick,5.723494158265608,84
2020-12-25 15:15:00+00:00,1,0.6166075578848427,0.5823801701257191,wick,5.258946469031056,49
2020-12-27 19:15:00+00:00,1,0.3346256207930732,0.31183623568637914,wick,7.898414071168931,230
2020-12-28 20:15:00+00:00,1,0.5701607662566207,0.5397781524216989,wick,5.924440898271495,130
2020-12-29 21:15:00+00:00,1,0.6228169410202393,0.5862459489236164,wick,4.921933742580138,30
2020-12-31 10:15:00+00:00,1,0.90597397221459,0.874751223597711,wick,5.76502735901644,203
2021-01-01 18:15:00+00:00,1,1.0579428981526635,1.018811800042512,wick,4.599922023484008,75
2021-01-03 00:30:00+00:00,1,0.606514754987674,0.5864679130699808,wick,8.97897039040013,21
2021-01-04 02:45:00+00:00,1,-1.0,-1.0197101241045132,stop,9.132362589172342,30
2021-01-05 07:15:00+00:00,1,0.6857966773154973,0.6713336971990423,wick,12.445567825624575,50
2021-01-06 08:45:00+00:00,1,0.7046814567968063,0.6855954484762431,wick,9.430992430516167,61
2021-01-07 09:30:00+00:00,1,0.2530455885921044,0.23229364055843021,wick,8.673884481009388,11
2021-01-08 12:15:00+00:00,1,-1.0,-1.0166838151806126,stop,10.788899184712172,223
2021-01-09 17:15:00+00:00,1,-1.0,-1.0202928811275482,stop,8.870105672458948,108
2021-01-10 19:15:00+00:00,1,-1.0,-1.0199985050840015,stop,9.00067276248546,33
2021-01-12 01:15:00+00:00,1,0.5425443664658981,0.5322071086398844,wick,17.41274166027186,242
2021-01-13 03:15:00+00:00,1,0.3698685498689914,0.35645456198626874,wick,13.418828283857408,63
2021-01-14 10:15:00+00:00,1,0.4327450838803224,0.4105325122359459,wick,8.103519163913209,22
2021-01-15 18:15:00+00:00,1,0.49345538047385107,0.4748734297101301,wick,9.686819338227307,72
2021-01-16 18:30:00+00:00,1,-1.0,-1.0209100834829574,stop,8.608287008835127,63
2021-01-18 02:00:00+00:00,1,0.26843776416835724,0.24455637544202724,wick,7.537250118186978,47
2021-01-19 11:00:00+00:00,1,-1.0,-1.0288349551197058,stop,6.24242344934285,70
2021-01-20 12:15:00+00:00,1,-1.0,-1.023826680605861,stop,7.554556296680418,96
2021-01-21 19:30:00+00:00,1,-1.0,-1.0172565953032044,stop,10.430794536079532,23
2021-01-23 06:00:00+00:00,1,0.20701277354332254,0.18564944361594937,wick,8.425652770983204,237
2021-01-24 23:45:00+00:00,1,0.2696134113825188,0.24007554940526676,wick,6.093873691285545,10
2021-01-26 17:15:00+00:00,1,-1.0,-1.0208448381315949,stop,8.635231363450648,87
2021-01-28 03:45:00+00:00,1,0.26889762138065,0.24983732175999004,wick,9.443713036121077,42
2021-01-29 05:00:00+00:00,1,1.233764878125214,1.2091096210311323,wick,7.300674225912128,17
2021-01-30 08:15:00+00:00,1,0.008000833103768156,-0.007024493339278124,timeout,11.979772997431546,289
2021-01-31 12:45:00+00:00,1,0.3751095935091124,0.3456515938970362,wick,6.110394540375028,191
2021-02-02 06:30:00+00:00,1,0.5228788972781674,0.48905862357488894,wick,5.322251427626715,24
2021-02-03 08:30:00+00:00,1,0.40540580979943347,0.37038535651462945,wick,5.139853517490169,29
2021-02-04 10:00:00+00:00,1,0.5431140976784627,0.5143526553883487,wick,6.258378776153039,161
2021-02-05 12:45:00+00:00,1,0.34565133883116383,0.3127848962671984,wick,5.476710771166667,54
2021-02-06 13:15:00+00:00,1,-1.0,-1.0342117629594951,stop,5.261348274074934,63
2021-02-08 14:15:00+00:00,1,0.27944093424193006,0.2586121141059767,wick,8.641872118781002,32
2021-02-09 18:45:00+00:00,1,0.2818291179124639,0.26179135291667993,wick,8.98303778080403,214
2021-02-10 19:00:00+00:00,1,0.7121766677414224,0.6899947320213802,wick,8.11471109968835,78
2021-02-11 20:30:00+00:00,1,0.10538376442591828,0.07915047228780958,timeout,6.861510139572484,289
2021-02-13 03:15:00+00:00,1,0.2570337691547258,0.22408353136878797,wick,5.4627830357211735,110
2021-02-14 05:45:00+00:00,1,0.33069877577470114,0.2879835995152488,wick,4.213958966402917,4
2021-02-15 06:30:00+00:00,1,0.2553639106603172,0.2283192259083792,wick,6.65565162437699,22
2021-02-16 07:00:00+00:00,1,0.23735857871141,0.2057260789024576,wick,5.690350148964759,24
2021-02-17 09:15:00+00:00,1,0.4535244072472457,0.4227098248216065,wick,5.841390206548171,193
2021-02-18 12:30:00+00:00,1,0.22855567660923246,0.18833816325114755,wick,4.475662092714011,6
2021-02-19 15:30:00+00:00,1,0.19196156980051224,0.14506562250132218,wick,3.838284763747779,3
2021-02-20 17:45:00+00:00,1,-1.0,-1.032588176353702,stop,5.523475693955242,20
2021-02-22 07:30:00+00:00,1,-1.0,-1.0315132458057321,stop,5.711883857017952,20
2021-02-23 10:15:00+00:00,1,0.2971624230231269,0.2851322731458805,wick,14.96240710520564,75
2021-02-24 15:45:00+00:00,1,0.458391763015591,0.4424358979901125,wick,11.28111824163556,86
2021-02-25 16:30:00+00:00,1,-1.0,-1.023435010781381,stop,7.680815753795576,30
2021-02-27 08:00:00+00:00,1,-1.0,-1.0216457996441795,stop,8.315701104089378,128
2021-02-28 09:45:00+00:00,1,0.6717860163468308,0.6500277490932641,wick,8.272717579130482,105
2021-03-01 13:45:00+00:00,1,0.23524207261303492,0.20704945036618333,wick,6.384649090955046,10
2021-03-02 14:15:00+00:00,1,0.5857176240480827,0.5511334059592579,wick,5.204686124107089,98
2021-03-03 16:30:00+00:00,1,-1.0,-1.0300858045953396,stop,5.982888023805153,102
2021-03-04 21:00:00+00:00,1,0.3668763052966415,0.3440348897402575,wick,7.8804222774928405,217
2021-03-05 21:45:00+00:00,1,0.4905334485765177,0.4630937179483729,wick,6.559831160127164,152
2021-03-06 23:45:00+00:00,1,0.2191508350534536,0.18281215630562359,wick,4.953399688775114,14
2021-03-08 10:45:00+00:00,1,0.263414702372634,0.2288705387365183,wick,5.210721032244395,12
2021-03-09 11:00:00+00:00,1,0.2448106814682725,0.2092845922125117,wick,5.066698974495531,96
2021-03-10 14:00:00+00:00,1,0.21817491389671492,0.1829448484287834,wick,5.109272367485281,19
2021-03-11 14:15:00+00:00,1,0.6886714664195283,0.6567540962553302,wick,5.639562378541684,178
2021-03-12 15:15:00+00:00,1,0.8803786250657747,0.8499643079252726,wick,5.918265373786655,78
2021-03-13 18:00:00+00:00,1,-1.0,-1.0364586139531007,stop,4.937104856250083,150
2021-03-14 18:45:00+00:00,1,-1.0,-1.0414566775851934,stop,4.3418819472472165,51
2021-03-16 01:45:00+00:00,1,0.35835718313306636,0.3341441775187997,wick,7.434021321745428,27
2021-03-17 06:30:00+00:00,1,0.4687594511282438,0.4351947387400827,wick,5.362774985776115,51
2021-03-18 09:15:00+00:00,1,0.5121200012782667,0.47580416706830087,wick,4.956515633354332,28
2021-03-20 06:15:00+00:00,1,0.24661023077815225,0.20293495082732005,wick,4.121324470103833,12
2021-03-21 07:15:00+00:00,1,-1.0,-1.0434565425232354,stop,4.142069054475686,150
2021-03-22 10:30:00+00:00,1,-1.0,-1.04764151782802,stop,3.7782171560901445,35
2021-03-24 08:45:00+00:00,1,0.20092386149715882,0.16660476763654997,wick,5.244893723916246,20
2021-03-25 13:00:00+00:00,1,0.5501152164140354,0.5216215646935952,wick,6.317196608073764,95
2021-03-26 13:15:00+00:00,1,0.22999874501943623,0.19898876065160442,wick,5.80458209410524,14
2021-03-27 16:15:00+00:00,1,1.028078136111557,0.9823770329284812,wick,3.9386357760102966,167
2021-03-28 16:30:00+00:00,1,0.8305258029775887,0.7804032454682698,wick,3.591197435736073,70
2021-03-30 07:30:00+00:00,1,0.358101366540373,0.3090812745025432,wick,3.671963729914877,14
2021-03-31 12:30:00+00:00,1,0.299592953977314,0.2601873218478544,wick,4.567874952713481,35
2021-04-01 14:30:00+00:00,1,0.36676185195803546,0.3178649332844545,wick,3.6812135587033223,51
2021-04-03 00:15:00+00:00,1,-1.0,-1.0632474983139024,stop,2.8459623668693634,87
2021-04-04 00:45:00+00:00,1,0.2397057988457953,0.1934921110637992,wick,3.894949930183332,47
2021-04-05 07:15:00+00:00,1,0.33676395879693427,0.27523829967170305,wick,2.925608641325118,21
2021-04-06 16:30:00+00:00,1,-1.0,-1.0561013954850194,stop,3.208476339025563,76
2021-04-07 18:15:00+00:00,1,0.528243468774679,0.4878509540384597,wick,4.456271197163098,82
2021-04-08 18:45:00+00:00,1,0.37414253855013874,0.3231492061143119,wick,3.5298732481648107,68
2021-04-09 23:45:00+00:00,1,1.8159124045903319,1.7494984493037034,wick,2.7102737553148053,25
2021-04-11 19:15:00+00:00,1,0.4439504984454537,0.38680780804204873,wick,3.1500091915391213,48
2021-04-13 08:00:00+00:00,1,0.7424714370421523,0.6870088887382264,wick,3.245433278933175,3
2021-04-14 11:00:00+00:00,1,-1.0,-1.0416192277046668,stop,4.324924077815511,173
2021-04-15 19:30:00+00:00,1,-1.0,-1.051475243717124,stop,3.4968265714130204,55
2021-04-16 21:15:00+00:00,1,-1.0,-1.0451294356961116,stop,3.9885276034042882,84
2021-04-18 00:15:00+00:00,1,-1.0,-1.045162809362644,stop,3.9855802271876675,13
2021-04-22 05:45:00+00:00,1,0.2025947092339862,0.17237487736303175,wick,5.9563534558577595,24
2021-05-07 15:00:00+00:00,1,0.2855968304094624,0.24852511744976347,wick,4.855454081544062,15
2021-05-08 16:45:00+00:00,1,0.19942225532951824,0.16269910879033234,wick,4.901540770966579,3
2021-05-09 23:30:00+00:00,1,0.23278339478199506,0.1889766151765175,wick,4.108953034691758,7
2021-06-18 13:30:00+00:00,1,-1.0,-1.0354177744789406,stop,5.082193973170963,22
2021-06-29 13:30:00+00:00,1,-1.0,-1.030365676616595,stop,5.927745403889005,103
2021-07-07 22:30:00+00:00,1,-1.0,-1.0492091357005675,stop,3.6578573762254525,30
2021-07-21 16:45:00+00:00,1,1.1489276601634022,1.1025524800869537,wick,3.881386545632247,267
2021-07-25 13:45:00+00:00,1,3.164246447428887,3.113624052372636,wick,3.5557385184953474,46
2021-07-26 19:30:00+00:00,1,-1.0,-1.0221568574302633,stop,8.123895754013544,9
2021-07-28 00:00:00+00:00,1,0.1492012996988326,0.12284347693753617,wick,6.829092130641008,15
2021-07-29 06:45:00+00:00,1,0.633144705440889,0.6065500009953849,wick,6.768264726116543,170
2021-07-30 15:45:00+00:00,1,1.6673505743626709,1.6252844247585867,wick,4.278974940519017,38
2021-07-31 17:45:00+00:00,1,0.3182220264638298,0.27790893245201453,wick,4.465050485761378,48
2021-08-01 18:00:00+00:00,1,-1.0,-1.0451257484341872,stop,3.9888535092668382,22
2021-08-03 16:00:00+00:00,1,0.9255351006111414,0.888791006825083,wick,4.898746477407929,122
2021-08-05 07:00:00+00:00,1,-1.0,-1.0512955285817043,stop,3.5090777885891753,23
2021-08-07 02:00:00+00:00,1,0.2428100498056922,0.20944359031557677,wick,5.3946388903900235,34
2021-08-08 21:45:00+00:00,1,0.721056842530531,0.6891179605982253,wick,5.63576396886743,66
2021-08-09 23:00:00+00:00,1,-0.7212580780709933,-0.7524675812046993,timeout,5.7674740680379974,289
2021-08-11 09:30:00+00:00,1,-1.0,-1.043232852401647,stop,4.1635004400760485,108
2021-08-12 17:00:00+00:00,1,1.8687591424440702,1.827322500824382,wick,4.343981388551411,110
2021-08-14 22:30:00+00:00,1,-1.0,-1.0454416276353855,stop,3.9611257203259496,279
2021-08-16 00:00:00+00:00,1,-1.0,-1.0457915264729576,stop,3.93085825837887,177
2021-08-17 01:30:00+00:00,1,0.2826660571131103,0.23799504388688023,wick,4.029458635478339,35
2021-08-18 04:15:00+00:00,1,0.32972747446134504,0.2912380950974783,wick,4.676614769449395,51
2021-08-19 04:30:00+00:00,1,0.09359469073260872,0.05239179713525378,wick,4.36862521741811,15
2021-08-20 04:45:00+00:00,1,0.9458931569583333,0.8989607602735918,wick,3.8353038138902695,81
2021-08-21 08:15:00+00:00,1,0.48182953039594495,0.42767954160251875,wick,3.3241004109284704,167
2021-08-22 08:45:00+00:00,1,0.49422258136476876,0.4363938287247761,wick,3.1126384675902083,69
2021-08-24 01:00:00+00:00,1,-1.0,-1.0584438336947628,stop,3.079880093768213,62
2021-08-25 02:00:00+00:00,1,0.4434826437860167,0.3951479088285081,wick,3.7240299374402124,69
2021-08-26 06:15:00+00:00,1,0.796103517160716,0.7563561932972408,wick,4.528606771572013,154
2021-08-27 09:45:00+00:00,1,0.9387409365643541,0.8942228821803876,wick,4.04330338535253,44
2021-08-28 17:15:00+00:00,1,-1.0,-1.0665273100509476,stop,2.7056557654616316,150
2021-08-30 06:00:00+00:00,1,0.45694415039954867,0.4037878031933142,wick,3.3862371938696456,240
2021-08-31 21:45:00+00:00,1,0.8904648108599389,0.8418691486357096,wick,3.7040343059725567,81
2021-09-02 01:45:00+00:00,1,0.2034454646902703,0.1521750687761741,wick,3.5107979330136407,246
2021-09-03 03:15:00+00:00,1,0.38057738199429003,0.33128800930256486,wick,3.651902837672325,78
2021-09-04 03:45:00+00:00,1,0.3047409615626512,0.2573754614702438,wick,3.8002343403707415,164
2021-09-05 08:45:00+00:00,1,0.5889119620672958,0.5271598320969237,wick,2.9148792128524446,48
2021-09-06 22:00:00+00:00,1,0.440751562272374,0.3687864217109921,wick,2.5012109834826335,22
2021-09-08 02:00:00+00:00,1,-0.44651296510322697,-0.46795697316041923,timeout,8.393953197552001,289
2021-09-09 04:15:00+00:00,1,0.27756761414294207,0.24652617583015377,wick,5.798700375486288,36
2021-09-10 12:45:00+00:00,1,-1.0,-1.0456403819823614,stop,3.943875843755302,37
2021-09-11 22:45:00+00:00,1,0.48947793180683596,0.4340055091097812,wick,3.2448555741474183,40
2021-09-14 12:15:00+00:00,1,0.39940773879644714,0.3523746404490494,wick,3.8270921186283933,13
2021-09-15 15:45:00+00:00,1,0.15755833232306898,0.10156237351387748,timeout,3.2145176871309107,289
2021-09-16 16:15:00+00:00,1,-0.26780685246025215,-0.3187405233050762,timeout,3.534007995386649,289
2021-09-17 19:00:00+00:00,1,0.4127947607821478,0.3567763784292325,wick,3.213230950976087,34
2021-09-18 21:15:00+00:00,1,-1.0,-1.0662937107146975,stop,2.7151896923472907,110
2021-10-05 10:00:00+00:00,1,2.3018596877179798,2.2556158747753097,wick,3.8924125963218357,109
2021-10-06 20:30:00+00:00,1,-0.2619819545189363,-0.29526603104985466,timeout,5.407991410931707,289
2021-10-08 00:30:00+00:00,1,0.6899228726835632,0.6496323238782978,wick,4.467548974574323,33
2021-10-09 02:00:00+00:00,1,0.3942832226049738,0.3518115110017581,wick,4.238115046589542,22
2021-10-10 04:15:00+00:00,1,0.39300691556462913,0.3387994180213266,wick,3.320573871837763,4
2021-10-11 11:30:00+00:00,1,0.32647694122231435,0.28107539577677765,wick,3.9646227509133247,52
2021-10-12 15:15:00+00:00,1,-1.0,-1.0439856625971473,stop,4.092242548408797,20
2021-10-13 16:15:00+00:00,1,0.2592934201060875,0.22347749679352535,wick,5.02569760464241,3
2021-10-14 16:45:00+00:00,1,0.7159855079554136,0.6709194353872875,wick,3.994135493566587,40
2021-10-15 23:30:00+00:00,1,0.18958614208646063,0.15677947633912745,timeout,5.4866898509682285,289
2021-10-17 01:15:00+00:00,1,0.3382925279980478,0.2918127356405171,wick,3.872650691195181,124
2021-10-18 04:00:00+00:00,1,0.2487316634658685,0.20525771472731566,wick,4.14041064184205,94
2021-10-19 07:00:00+00:00,1,0.19243710822397644,0.14879697177792234,wick,4.124643382417182,27
2021-10-20 07:30:00+00:00,1,1.2833477932472108,1.2298012609695417,wick,3.3615622215570955,30
2021-10-21 07:45:00+00:00,1,-1.0,-1.0443015253658834,stop,4.063065515541332,31
2021-10-22 10:45:00+00:00,1,-1.0,-1.0385997410253416,stop,4.663243721812176,22
2021-10-23 15:15:00+00:00,1,0.28644015104564025,0.2455183385294881,wick,4.398632145850153,156
2021-10-24 16:45:00+00:00,1,0.315810866151208,0.27105740962403874,wick,4.02203570333666,20
2021-10-25 18:00:00+00:00,1,-1.0,-1.0586652447919755,stop,3.0682561819740504,111
2021-10-26 20:15:00+00:00,1,-1.0,-1.0560926934874215,stop,3.2089740892967455,8
2021-10-28 03:15:00+00:00,1,0.6981419122903072,0.6563262610905597,wick,4.304608318549562,34
2021-10-29 06:15:00+00:00,1,0.49175746243248386,0.4576174875452038,wick,5.272411611148101,41
2021-10-30 09:00:00+00:00,1,0.2353762899000143,0.1830006723007332,wick,3.436713651324478,9
2021-10-31 13:45:00+00:00,1,0.2752667293098849,0.22122468094054354,wick,3.3307397745144693,29
2021-11-01 19:30:00+00:00,1,0.9316877634366604,0.8843522100747441,wick,3.802638550008345,75
2021-11-02 21:30:00+00:00,1,-1.0,-1.048195565661455,stop,3.7347834293385507,83
2021-11-03 21:45:00+00:00,1,-1.0,-1.040982372608256,stop,4.392132239892275,246
2021-11-05 01:45:00+00:00,1,0.2157500327075645,0.1670249988255029,wick,3.6941995861036867,197
2021-11-06 03:00:00+00:00,1,0.44880840482392004,0.38771649377627615,wick,2.946380247617774,93
2021-11-07 03:15:00+00:00,1,0.4118943929712047,0.34405983261138073,wick,2.6535146545536925,71
2021-11-08 03:45:00+00:00,1,0.27295851138326177,0.21614479475895362,wick,3.1682489844888218,19
2021-11-09 05:45:00+00:00,1,-1.0,-1.0507685406448484,stop,3.545502740746303,157
2021-11-10 14:15:00+00:00,1,-1.0,-1.0476566967425542,stop,3.7770137735809937,27
2021-11-11 15:15:00+00:00,1,-0.3814961414800673,-0.42036169873649387,timeout,4.631350036033158,289
2021-11-12 15:45:00+00:00,1,0.21799283733646757,0.17449213005452746,wick,4.137863755487242,10
2021-11-13 19:00:00+00:00,1,0.4055929695208577,0.3443186295766979,wick,2.9376081433767647,25
2021-11-14 19:30:00+00:00,1,1.0190957067365811,0.957691402783166,wick,2.931390609631509,20
2021-11-15 19:45:00+00:00,1,-1.0,-1.0600666944277801,stop,2.9966689812841127,22
2022-01-03 05:45:00+00:00,1,-1.0,-1.0630703423261014,stop,2.853956286923588,59
2022-02-07 19:15:00+00:00,1,0.40623057832150383,0.3651412196116879,wick,4.38069625936993,276
2022-02-08 21:45:00+00:00,1,0.2809927829192281,0.24783182502703846,wick,5.428069978714196,170
2022-02-10 01:45:00+00:00,1,0.4223191592728478,0.37897029425210044,wick,4.15235785098063,58
2022-02-11 02:00:00+00:00,1,-0.5263388236846337,-0.5551923790725205,timeout,6.2383993092084165,289
2022-02-15 10:00:00+00:00,1,-1.0,-1.0545758023803014,stop,3.298164976956334,206
2022-02-16 10:15:00+00:00,1,-1.0,-1.0686925310783808,stop,2.6203722176813216,109
2022-02-17 11:15:00+00:00,1,-1.0,-1.0534617409505052,stop,3.3668937224966897,18
2022-02-20 21:45:00+00:00,1,0.5152132413213595,0.4549185792418954,wick,2.9853388972107133,6
2022-02-22 00:45:00+00:00,1,0.2437900568557799,0.218914161899021,wick,7.235920569406212,75
2022-02-23 02:15:00+00:00,1,0.3025698889398891,0.2669951255214352,wick,5.059766607095054,39
2022-02-24 20:00:00+00:00,1,0.6027449069135843,0.5767027635666501,wick,6.911873481457903,1
2022-02-25 21:15:00+00:00,1,0.3018421034526326,0.27301800385746267,wick,6.244774425847541,14
2022-02-27 00:15:00+00:00,1,-1.0,-1.0439492414401785,stop,4.095633828970786,79
2022-02-28 10:15:00+00:00,1,1.2420377217082204,1.210104102308796,wick,5.636692720250927,24
2022-03-01 10:30:00+00:00,1,0.20911819484803784,0.1745189739321257,wick,5.202429281210152,4
2022-03-02 11:15:00+00:00,1,-1.0,-1.0377549279399976,stop,4.767589552443767,121
2022-03-03 17:45:00+00:00,1,-1.0,-1.036087645741177,stop,4.987856544895513,102
2022-03-04 23:45:00+00:00,1,-0.5418855679824673,-0.5730572138081393,timeout,5.774478543951553,289
2022-03-06 09:15:00+00:00,1,-1.0,-1.0573072214957282,stop,3.140965401950561,69
2022-03-19 20:00:00+00:00,1,-1.0,-1.0753697169283216,stop,2.3882270935312704,87
2022-03-21 08:00:00+00:00,1,1.5076471296174763,1.4484605727652313,wick,3.041231143912586,83
2022-03-22 08:15:00+00:00,1,0.2648702187772883,0.22117988191071364,wick,4.119904146074673,16
2022-03-23 08:30:00+00:00,1,0.4705927314514515,0.41586590814054997,wick,3.2890635544004647,62
2022-03-24 08:45:00+00:00,1,0.5676386177683947,0.5143100768475841,wick,3.3753032971085415,30
2022-03-25 09:45:00+00:00,1,0.6051670221168965,0.5396003436193769,wick,2.7452969118575905,16
2022-03-27 21:30:00+00:00,1,0.24498576125899427,0.18463424801119976,wick,2.982526705849882,4
2022-03-29 00:15:00+00:00,1,0.35159782043269694,0.30165839424531815,wick,3.6043666045464393,47
2022-03-30 02:30:00+00:00,1,-1.0,-1.0551047490834524,stop,3.2665061177830976,165
2022-03-31 04:15:00+00:00,1,-1.0,-1.0668383440431057,stop,2.6930649251859626,50
2022-04-01 08:15:00+00:00,1,1.2082125283704788,1.1539742408892157,wick,3.3186888517116695,67
2022-04-02 19:45:00+00:00,1,-0.09281644986213858,-0.14837588190686934,timeout,3.2397739389251208,289
2022-04-04 03:15:00+00:00,1,-1.0,-1.0532007734220459,stop,3.3834094585814696,181
2022-04-05 17:45:00+00:00,1,-1.0,-1.059402036374715,stop,3.0301991477958556,27
2022-04-07 01:30:00+00:00,1,0.2556307548814544,0.2165458635485668,wick,4.605360124118872,126
2022-04-10 17:45:00+00:00,1,-1.0,-1.0995897369570797,stop,1.8074151564189258,19
2022-04-12 06:00:00+00:00,1,0.26179872505383545,0.22186050744683766,wick,4.506961271312749,130
2022-04-13 07:30:00+00:00,1,0.27190089941558354,0.2238645863362887,wick,3.7471651852811676,28
2022-04-14 09:45:00+00:00,1,-1.0,-1.0633373759374902,stop,2.8419238614755393,24
2022-04-20 13:00:00+00:00,1,-1.0,-1.069199080717221,stop,2.6011906247073213,23
2022-06-11 00:00:00+00:00,1,-1.0,-1.0463183095307378,stop,3.886152189568749,106
2022-07-17 19:45:00+00:00,1,0.9765891471530738,0.9347406949843432,wick,4.301234350896664,91
2022-07-19 03:15:00+00:00,1,0.43453761809222674,0.4082909014205343,wick,6.858000650196885,50
2022-07-20 15:00:00+00:00,1,-1.0,-1.0311136291397973,stop,5.785246047358819,48
2022-07-21 20:00:00+00:00,1,-0.39236321822886217,-0.42411999259235117,timeout,5.668081963857997,289
2022-07-23 17:30:00+00:00,1,-1.0,-1.0443711141415155,stop,4.056693267289047,218
2022-07-25 09:00:00+00:00,1,-1.0,-1.047593907873093,stop,3.7819966471331146,61
2022-07-26 22:30:00+00:00,1,1.0172807452299673,0.9720859017476804,wick,3.9827552466366463,79
2022-07-28 05:30:00+00:00,1,0.59115726664491,0.5534363138452113,wick,4.771883704948146,42
2022-07-29 06:45:00+00:00,1,-1.0,-1.040153028271921,stop,4.482849930546196,287
2022-08-01 11:30:00+00:00,1,-0.287675991269468,-0.34196127275342025,timeout,3.315815909570468,289
2022-08-02 16:30:00+00:00,1,-1.0,-1.0474670431362052,stop,3.7921047553667036,199
2022-08-04 01:15:00+00:00,1,-0.20146635130530546,-0.2509088388316522,timeout,3.6405935260454325,289
2022-08-05 03:15:00+00:00,1,0.3077346803386561,0.2557523888362009,timeout,3.4627176832229165,289
2022-08-07 00:45:00+00:00,1,1.9291613021840524,1.8448156359043106,wick,2.1340752636064315,128
2022-08-08 09:00:00+00:00,1,-1.0,-1.0780819332107565,stop,2.3052707918251585,99
2022-08-09 14:45:00+00:00,1,1.2834962983761313,1.2233185458029963,wick,2.9911386235510005,90
2022-08-11 01:15:00+00:00,1,0.5434450545008428,0.4973474946976029,wick,3.904762004069228,46
2022-08-12 16:15:00+00:00,1,1.0237959893830715,0.9704196621357479,wick,3.37228148287452,244
2022-08-15 07:30:00+00:00,1,-0.6808466260652873,-0.7263013576414268,timeout,3.9599837851531308,289
2022-08-16 09:15:00+00:00,1,-1.0,-1.054270687565199,stop,3.3167075649033166,140
2022-09-27 04:30:00+00:00,1,-1.0,-1.0413951864069224,stop,4.34833166906332,49
2022-09-30 15:15:00+00:00,1,-1.0,-1.040779902020669,stop,4.4139390013435715,81
2022-10-04 13:45:00+00:00,1,-1.0,-1.0637058253787706,stop,2.825487291464928,285
2022-10-05 21:15:00+00:00,1,-0.825026880155043,-0.8760507037001067,timeout,3.5277638462555765,289
2022-10-07 00:30:00+00:00,1,-1.0,-1.0619185647974414,stop,2.907044124631224,64
2022-10-20 18:30:00+00:00,1,1.023044622483859,0.9424043323118625,timeout,2.2321348251113764,289
2022-10-25 18:00:00+00:00,1,2.0476150409445975,1.9546578380938302,wick,1.936374960517803,89
2022-11-03 13:00:00+00:00,1,1.7565603498569786,1.6808693777371781,wick,2.378090741325181,120
2022-11-04 20:00:00+00:00,1,-0.30442610022772776,-0.35383024116406947,timeout,3.6434192881105645,289
2022-11-06 22:30:00+00:00,1,-1.0,-1.1235168347037323,stop,1.4572912302339063,12
2022-12-12 15:00:00+00:00,1,4.640660227791267,4.476496041054118,wick,1.0964632638676943,91
2022-12-14 15:00:00+00:00,1,-1.0,-1.0969736737315914,stop,1.8561738776465582,19
2022-12-16 10:00:00+00:00,1,-1.0,-1.0746210599948387,stop,2.412187658717929,53
2023-01-12 15:15:00+00:00,1,1.2128809569520467,1.1579952371358326,wick,3.279541574798211,12
2023-01-14 23:15:00+00:00,1,0.1817686057728439,0.14349013907583383,timeout,4.702382711010202,289
2023-01-16 17:15:00+00:00,1,-0.15829092113836415,-0.20916976538456294,timeout,3.5378162115671095,289
2023-01-19 19:30:00+00:00,1,3.0573116320199913,2.991332248364385,wick,2.728124908525195,153
2023-01-21 10:15:00+00:00,1,-1.0,-1.055930912701319,stop,3.218256082485764,136
2023-01-22 15:15:00+00:00,1,-1.0,-1.0604908623194844,stop,2.975656042880069,23
2023-01-23 18:15:00+00:00,1,-0.06234549440828819,-0.1126430844959808,timeout,3.5787002853650525,289
2023-01-24 18:45:00+00:00,1,-1.0,-1.0625298179301792,stop,2.878626644987005,27
2023-01-25 21:45:00+00:00,1,-1.0,-1.0637912728531507,stop,2.8217025926785477,112
2023-01-26 23:45:00+00:00,1,0.9805254915172379,0.9249241384051451,timeout,3.237331286472801,289
2023-01-28 00:30:00+00:00,1,-0.5081044422807687,-0.5675092325891976,timeout,3.0300586714546482,289
2023-01-29 00:45:00+00:00,1,-1.0,-1.1174145040387706,stop,1.5330303651460602,170
2023-01-30 13:00:00+00:00,1,1.2683764799553727,1.2078636454613694,wick,2.9745755839257146,245
2023-01-31 14:00:00+00:00,1,1.5040853739871671,1.4289939162032943,wick,2.397076915433891,145
2023-02-01 14:45:00+00:00,1,1.7096416739524491,1.6237002712064006,wick,2.0944503376549344,46
2023-02-02 18:30:00+00:00,1,-1.0,-1.0609431559474336,stop,2.9535720164419828,77
2023-02-05 16:30:00+00:00,1,-1.0,-1.104250936018923,stop,1.7266032025585614,52
2023-02-06 17:45:00+00:00,1,-1.0,-1.0735701685562682,stop,2.4466438439967964,230
2023-02-07 18:00:00+00:00,1,-1.0,-1.0992026820954603,stop,1.8144670708276869,2
2023-02-12 17:15:00+00:00,1,-1.0,-1.111493683473338,stop,1.6144412346287247,20
2023-02-14 17:15:00+00:00,1,1.243101908799701,1.1902739811036342,wick,3.4072886794952186,103
2023-02-15 21:00:00+00:00,1,0.9963238190504466,0.9371938575276054,wick,3.044142011329874,79
2023-02-17 15:45:00+00:00,1,0.7962730266027943,0.7508374807177584,wick,3.961655934660672,19
2023-02-20 01:45:00+00:00,1,0.9672987777737768,0.9115507614589419,wick,3.2288144385883863,37
2023-02-21 07:00:00+00:00,1,-1.0,-1.064925935992366,stop,2.7723897584035573,38
2023-02-22 08:00:00+00:00,1,-1.0,-1.0478753082403935,stop,3.7597669156755416,225
2023-02-24 01:45:00+00:00,1,-1.0,-1.0528822396110729,stop,3.403789274505505,58
2023-02-25 09:45:00+00:00,1,0.37373044149369794,0.3040213922222153,timeout,2.5821611667516517,289
2023-03-13 11:00:00+00:00,1,1.550474071893095,1.5175087288246036,wick,5.460279895343985,22
2023-03-14 21:30:00+00:00,1,0.2826708443635683,0.26028615855366705,wick,8.041211814569301,16
2023-03-17 01:30:00+00:00,1,0.4504393355922759,0.4087959635001289,wick,4.322416532496515,20
2023-03-18 16:00:00+00:00,1,0.5697004732491289,0.5295971451164029,wick,4.488405535926394,100
2023-03-19 22:45:00+00:00,1,-1.0,-1.0381412853292489,stop,4.719295599143479,277
2023-03-21 12:00:00+00:00,1,-1.0,-1.041029875416212,stop,4.387047198512276,128
2023-03-22 23:00:00+00:00,1,0.48430770218743213,0.4538889519854735,wick,5.917402878321091,142
2023-03-24 09:30:00+00:00,1,-1.0,-1.046601040649322,stop,3.8625746870015165,48
2023-03-26 14:00:00+00:00,1,-1.0,-1.0732294561786857,stop,2.458027266524906,98
2023-03-27 17:45:00+00:00,1,0.7997436031340611,0.7522240559805858,timeout,3.787914885187117,289
2023-03-28 19:00:00+00:00,1,0.7311788155124064,0.6748113905232057,wick,3.193333739025439,196
2023-03-30 16:30:00+00:00,1,-0.16405400266505754,-0.21619502557041168,timeout,3.4521762322679055,289
2023-04-02 17:00:00+00:00,1,-1.0,-1.1001265543549534,stop,1.7977249008478955,35
2023-04-03 18:45:00+00:00,1,-1.0,-1.0608344088285304,stop,2.9588517989441265,10
2023-04-05 15:45:00+00:00,1,-0.040923094266880296,-0.10078923977280393,timeout,3.006707688942314,289
2023-04-06 17:30:00+00:00,1,-0.2881125986766256,-0.3602713917680671,timeout,2.49449848436211,289
2023-04-08 04:00:00+00:00,1,4.628216655281208,4.497113446084168,wick,1.372964102880741,275
2023-04-09 04:30:00+00:00,1,5.732792700894207,5.569286722334217,wick,1.1008771763899676,177
2023-04-10 17:15:00+00:00,1,0.9649417409539028,0.8879474079559374,wick,2.337834396263377,30
2023-04-11 17:30:00+00:00,1,0.7597939435501495,0.7004311606893945,wick,3.032202860540065,245
2023-04-12 17:45:00+00:00,1,0.926895012996937,0.8658231540067004,wick,2.9473476487554815,148
2023-04-18 11:45:00+00:00,1,-1.0,-1.0896682234879977,stop,2.0074000911158136,82
2023-04-20 20:15:00+00:00,1,-0.5602375212173075,-0.6079497785155097,timeout,3.772615470171491,289
2023-04-25 21:15:00+00:00,1,1.0029126295818582,0.9405124617258783,wick,2.8846076250218022,55
2023-04-27 05:00:00+00:00,1,0.07521796236727353,0.048380101102652104,timeout,6.706942785984293,289
2023-04-28 14:15:00+00:00,1,-0.6327157919226152,-0.6814226546018695,timeout,3.695577791272268,289
2023-05-02 14:30:00+00:00,1,0.48008639808280884,0.4100177267856468,wick,2.568908424659829,124
2023-05-03 22:30:00+00:00,1,-0.31717807085136945,-0.36604303818586037,timeout,3.6836205940313507,289
2023-05-05 08:00:00+00:00,1,-1.0,-1.0702614457609116,stop,2.5618601788029114,263
2023-05-06 13:00:00+00:00,1,-1.0,-1.0808056095054104,stop,2.2275681243137946,9
2023-05-07 15:00:00+00:00,1,-1.0,-1.091379547116425,stop,1.9698062168185795,36
2023-06-11 19:30:00+00:00,1,-0.32327680158165967,-0.4081537955593024,timeout,2.120716009893251,289
2023-06-20 16:15:00+00:00,1,1.2959350513785861,1.2241962414587144,wick,2.509102119216224,9
2023-06-21 18:15:00+00:00,1,0.2787344170452082,0.24189927801768213,wick,4.886638268569858,181
2023-06-22 19:00:00+00:00,1,0.4199785011261774,0.3756546615004922,wick,4.0610200181234255,82
2023-06-26 18:15:00+00:00,1,0.7321861548921386,0.6710567588995181,wick,2.944573508001449,80
2023-06-28 13:15:00+00:00,1,1.088152488155633,1.009385046887004,wick,2.2852081659746575,188
2023-06-30 15:00:00+00:00,1,0.6739281834440572,0.6294800542378535,timeout,4.049664253920426,289
2023-07-03 16:00:00+00:00,1,-1.0,-1.1326645780596745,stop,1.3568052801482047,110
2023-07-06 09:00:00+00:00,1,-1.0,-1.1012810056180786,stop,1.7772335385251143,12
2023-07-07 09:15:00+00:00,1,0.10151825019777752,0.037309854485069016,timeout,2.8033717086685184,289
2023-07-08 20:15:00+00:00,1,1.9733520469537116,1.8351463966603767,wick,1.3024069538253948,192
2023-07-10 01:30:00+00:00,1,1.8713975166645387,1.74381886075118,wick,1.410894312307551,75
2023-07-14 13:45:00+00:00,1,-1.0,-1.076879361556841,stop,2.341330577607833,19
2023-07-17 12:45:00+00:00,1,-1.0,-1.133131745588889,stop,1.3520441665043599,25
2023-07-19 01:00:00+00:00,1,-0.1424164882306179,-0.22567581542709936,timeout,2.161919944118967,289
2023-07-20 02:15:00+00:00,1,-0.25197593272750957,-0.348099519359365,timeout,1.8725893020345108,289
2023-09-18 10:45:00+00:00,1,-1.0,-1.1164144948624357,stop,1.546199210095804,28
2023-09-19 21:45:00+00:00,1,-0.6924762268532682,-0.7570625982364911,timeout,2.7869656731753922,289
2023-09-20 22:30:00+00:00,1,-1.0,-1.0688545469031707,stop,2.614206440906967,62
2023-09-25 06:30:00+00:00,1,0.6683201839704255,0.562140346082312,timeout,1.695237095668522,289
2023-09-30 15:45:00+00:00,1,2.8312363129485045,2.6661005260231994,wick,1.0900120643226683,123
2023-10-01 20:15:00+00:00,1,2.5839095816598086,2.413962485422769,wick,1.0591531363909772,9
2023-10-06 21:45:00+00:00,1,-1.0,-1.0656538923508312,stop,2.741650091941903,267
2023-10-08 02:30:00+00:00,1,-1.0,-1.1535434890364435,stop,1.1723063031170087,43
2023-10-11 03:30:00+00:00,1,-1.0,-1.0965787615256433,stop,1.8637638043454,51
2023-10-13 21:45:00+00:00,1,1.6211407192694973,1.5170877636657667,wick,1.729888391498477,223
2023-10-15 18:45:00+00:00,1,3.3199611351784957,3.0975492456383122,wick,0.8093092521813184,43
2023-10-20 03:30:00+00:00,1,0.7432557872675607,0.670897427487116,wick,2.4876185771232224,28
2023-10-21 18:00:00+00:00,1,1.2169010884598106,1.12672088667483,wick,1.996003517814026,145
2023-10-23 01:00:00+00:00,1,1.2819865321576105,1.1902220682620464,wick,1.961543634198695,21
2023-10-24 04:15:00+00:00,1,-0.10907865163952374,-0.13070526331192972,timeout,8.323079117829044,289
2023-10-25 06:15:00+00:00,1,0.39842285337778277,0.3647330730113796,wick,5.342866532294266,38
2023-10-26 12:00:00+00:00,1,0.17550738416433262,0.12187901938333814,timeout,3.356432752239926,289
2023-10-28 03:15:00+00:00,1,0.27636137527038973,0.19853775845170185,timeout,2.3129225723260967,289
2023-10-29 03:30:00+00:00,1,0.8736609237886355,0.749862078811631,timeout,1.4539715619595237,289
2023-10-30 17:30:00+00:00,1,0.571255143182833,0.4998854929723928,wick,2.5220804567383044,176
2023-11-01 21:00:00+00:00,1,0.20071827437618295,0.1359510490139518,wick,2.7791834371982618,24
2023-11-04 23:00:00+00:00,1,-1.0,-1.1210101763733833,stop,1.4874782055072828,92
2023-11-05 23:15:00+00:00,1,0.7264334683849133,0.6534268356500464,wick,2.4655294081798504,285
2023-11-06 23:45:00+00:00,1,1.0661379024702384,0.9811076795674704,wick,2.116894368321599,187
2023-11-09 02:30:00+00:00,1,0.34551391063868203,0.2869201014026097,wick,3.0719968943269524,32
2023-11-10 12:00:00+00:00,1,-0.25957833054288953,-0.3113219930759035,timeout,3.478686880449459,289
2023-11-11 12:15:00+00:00,1,-0.8403792626058264,-0.9218120864625318,timeout,2.210410881940432,289
2023-11-12 12:45:00+00:00,1,-1.0,-1.1058278458634647,stop,1.7008755921596426,130
2023-11-15 14:00:00+00:00,1,1.7543097783169885,1.6899771030129997,wick,2.7979560798529297,40
2023-11-16 22:15:00+00:00,1,0.19430956958215537,0.14900452603271586,wick,3.973067585810254,76
2023-11-19 22:00:00+00:00,1,-1.0,-1.110537575384468,stop,1.6284055387856138,165
2023-11-21 17:00:00+00:00,1,-1.0,-1.0591121460380835,stop,3.045059468557162,27
2023-11-27 07:45:00+00:00,1,1.0027453831096131,0.9037181478186436,wick,1.817681766749419,153
2023-11-28 08:00:00+00:00,1,1.0823190993482148,0.9967931372004585,wick,2.1046240869997868,56
2023-11-29 11:30:00+00:00,1,0.6723387525135304,0.6030637983545468,wick,2.598341668865003,213
2023-12-01 03:45:00+00:00,1,0.9874191116334523,0.8933608634967131,wick,1.9137077668969664,52
2023-12-03 23:00:00+00:00,1,2.55908385521359,2.4566298679686205,wick,1.7568862358632875,47
2023-12-05 14:45:00+00:00,1,1.6817963300821377,1.6092081711467547,wick,2.479743289263385,29
2023-12-06 15:15:00+00:00,1,-0.08727790916155673,-0.13665418876453794,timeout,3.6454751440838007,289
2023-12-08 20:30:00+00:00,1,-1.0,-1.077736389546792,stop,2.315517881000276,215
2023-12-09 21:00:00+00:00,1,-1.0,-1.0946716965493302,stop,1.9013074293667935,117
2023-12-10 21:15:00+00:00,1,-1.0,-1.1183001402397434,stop,1.5215535639705724,16
2023-12-11 21:30:00+00:00,1,0.41695124361663816,0.3754614159733414,wick,4.338412816450478,42
2023-12-13 01:45:00+00:00,1,0.41803780387621287,0.366340462130188,wick,3.4818037817938796,55
2023-12-14 11:45:00+00:00,1,-1.0,-1.0686293358379244,stop,2.6227851078886903,7
2023-12-15 15:00:00+00:00,1,-1.0,-1.066560467782185,stop,2.704307917261621,235
2023-12-17 02:15:00+00:00,1,-1.0,-1.087614567230641,stop,2.054452880263151,86
2023-12-18 03:30:00+00:00,1,0.7737420940132671,0.711864489034876,wick,2.9089684395971647,70
2023-12-19 04:00:00+00:00,1,0.37264089934341693,0.3233492573205283,wick,3.6517347082172047,137
2023-12-20 13:15:00+00:00,1,0.42174294592307526,0.3546401481194269,wick,2.6824514907218004,4
2023-12-21 13:45:00+00:00,1,-0.30720381916339207,-0.3716315344005452,timeout,2.793828701474743,289
2023-12-24 23:30:00+00:00,1,-1.0,-1.0890705278789452,stop,2.0208704751883384,138
2023-12-26 18:15:00+00:00,1,0.6670653033958681,0.6069591569059073,wick,2.994702048151838,81
2023-12-27 18:45:00+00:00,1,-1.0,-1.068775713147573,stop,2.6172029596228463,183
2023-12-29 19:30:00+00:00,1,0.4813166223596929,0.4252377712214509,wick,3.20976618362376,154
2023-12-31 03:00:00+00:00,1,0.6845531502981851,0.606285032722044,wick,2.299787008738161,28
2024-01-01 18:45:00+00:00,1,1.8649333098725884,1.7680607175066367,wick,1.858110695747886,23
2024-01-02 20:15:00+00:00,1,-1.0,-1.0474315290567238,stop,3.794944071584457,64
2024-01-04 03:00:00+00:00,1,0.3248843804489534,0.290063884932818,wick,5.169369284724566,54
2024-01-05 09:45:00+00:00,1,-0.18001962474119013,-0.2219094624657598,timeout,4.296984896038987,289
2024-01-06 18:45:00+00:00,1,0.8972561170089778,0.8224861951463884,wick,2.4073851559026678,180
2024-01-07 19:30:00+00:00,1,0.8212854284904757,0.7437128769887167,wick,2.320408398528935,81
2024-01-08 23:00:00+00:00,1,-1.0,-1.0398643991035543,stop,4.515306991895722,90
2024-01-10 00:00:00+00:00,1,0.8702602836551904,0.8409437364758053,wick,6.1398772133224915,156
2024-01-11 07:30:00+00:00,1,0.9306238689469051,0.8989940535743466,wick,5.690833091493958,30
2024-01-12 11:00:00+00:00,1,-1.0,-1.039601679685543,stop,4.545261752261244,22
2024-01-13 16:00:00+00:00,1,-0.022318554582370535,-0.06918017217846181,timeout,3.841096599597829,289
2024-01-14 18:15:00+00:00,1,-1.0,-1.088351159497805,stop,2.0373247054496413,8
2024-01-15 19:30:00+00:00,1,-1.0,-1.0594068058430592,stop,3.029955868617539,278
2024-01-16 19:45:00+00:00,1,-1.0,-1.0563407470759618,stop,3.194845814829433,181
2024-01-29 01:30:00+00:00,1,0.6703741291931051,0.595133536829835,wick,2.3923256628674556,191
2024-01-31 06:30:00+00:00,1,-1.0,-1.0735182323655799,stop,2.4483722500960625,76
2024-02-02 12:15:00+00:00,1,-1.0,-1.0824079071034742,stop,2.1842564181855226,234
2024-02-09 03:00:00+00:00,1,1.363231044041115,1.2849889468674172,wick,2.3005518320962026,61
2024-02-10 09:15:00+00:00,1,0.6565840841024291,0.5855198000664095,wick,2.5329179410119065,47
2024-02-11 14:30:00+00:00,1,1.5990315472383483,1.5229716027985305,wick,2.3665544502523885,109
2024-02-12 21:00:00+00:00,1,-1.0,-1.0527873094572946,stop,3.409910485125625,70
2024-02-14 09:30:00+00:00,1,0.31291265326976886,0.2558320433546111,wick,3.1534351203945543,21
2024-02-15 19:00:00+00:00,1,-0.10545593963510165,-0.15511085547248835,timeout,3.625018731065345,289
2024-02-16 23:00:00+00:00,1,-0.01662983819619395,-0.08122231026011972,timeout,2.78670244764526,289
2024-02-19 02:00:00+00:00,1,-1.0,-1.0834320328496743,stop,2.1574447349775023,158
2024-02-20 06:15:00+00:00,1,-1.0,-1.0816578138259128,stop,2.2043205857034582,45
2024-02-21 10:30:00+00:00,1,0.41810959063311215,0.35265379329271884,wick,2.749947404413032,54
2024-02-22 14:00:00+00:00,1,0.5289453147891431,0.4628196586631477,wick,2.7220901923003877,27
2024-02-23 14:30:00+00:00,1,0.5448909128121635,0.46556057779039217,wick,2.2689933170028964,144
2024-02-26 10:15:00+00:00,1,4.24658811003734,4.132508085106819,wick,1.5778397673880844,40
2024-02-27 14:00:00+00:00,1,1.3898645475243792,1.3454413748530563,wick,4.0519393185124315,94
2024-02-28 16:15:00+00:00,1,0.21526041000194387,0.1777081495251721,wick,4.793319968350251,33
2024-02-29 18:15:00+00:00,1,0.3108591318830445,0.28417613281370363,wick,6.745868391039394,284
2024-03-01 18:30:00+00:00,1,1.518539373593523,1.4780293388520673,timeout,4.4433435110288375,289
2024-03-02 18:45:00+00:00,1,0.477921405413381,0.40566178596979807,wick,2.491017824146387,90
2024-03-04 00:00:00+00:00,1,3.180122514463221,3.103394957603199,wick,2.3459628765240588,113
2024-03-05 01:15:00+00:00,1,-1.0,-1.0376217843721685,stop,4.784462061112639,16
2024-03-06 02:15:00+00:00,1,0.42153047925720394,0.40212331445683297,wick,9.274925103771936,46
2024-03-07 02:45:00+00:00,1,0.26285310121452926,0.2341452906327826,wick,6.270070630689258,48
2024-03-08 03:00:00+00:00,1,0.24917309132703172,0.2019349590142945,wick,3.810480880326106,45
2024-03-09 10:45:00+00:00,1,0.3871001757543078,0.32796658518837385,wick,3.043955191581004,59
2024-03-10 15:00:00+00:00,1,-1.0,-1.0714459000034795,stop,2.519388796155324,40
2024-03-11 15:15:00+00:00,1,-1.0,-1.0441099950157304,stop,4.0807077837077275,105
2024-03-12 18:45:00+00:00,1,0.4615795575874719,0.4283448027293568,wick,5.416017081168532,52
2024-03-13 19:00:00+00:00,1,-1.0,-1.0467451878883989,stop,3.8506637395433785,85
2024-03-14 20:00:00+00:00,1,0.41145783537400366,0.37562763110355324,wick,5.023694496446059,3
2024-03-15 21:45:00+00:00,1,0.3441026010355451,0.32057512979179065,wick,7.650630963911283,11
2024-03-16 22:30:00+00:00,1,0.4249994909827576,0.3880789349554765,wick,4.8753328597488,71
2024-03-18 03:45:00+00:00,1,0.22446937314733373,0.1863669278560326,wick,4.724106251550589,8
2024-03-19 04:30:00+00:00,1,-1.0,-1.035584357362985,stop,5.058402436887539,75
2024-03-20 10:00:00+00:00,1,0.5891835998329035,0.5630017743094141,wick,6.8749980721745665,40
2024-03-21 11:15:00+00:00,1,-1.0,-1.0352796995556646,stop,5.102084265655224,106
2024-03-22 12:15:00+00:00,1,0.39028754315775294,0.3500724143851707,wick,4.4759274803745015,118
2024-03-23 16:15:00+00:00,1,0.18958133679503267,0.1450501496102553,wick,4.042110964908917,6
2024-03-24 17:30:00+00:00,1,0.351832240393725,0.29823735612785673,wick,3.358529502686741,5
2024-03-25 22:15:00+00:00,1,0.14725653799122573,0.10299084562729632,timeout,4.0663545600989135,289
2024-03-26 23:00:00+00:00,1,0.19876380324760193,0.15193233489951483,wick,3.8435694277638923,157
2024-03-28 03:00:00+00:00,1,0.5215128414690061,0.47565462373559775,wick,3.9251416408376345,24
2024-03-29 06:15:00+00:00,1,0.3498626105310961,0.2787711905196373,wick,2.5319511126797987,243
2024-03-30 06:30:00+00:00,1,0.5299057242407623,0.45015138761860984,wick,2.2569305648265328,146
2024-03-31 19:30:00+00:00,1,-1.0,-1.1073740314644005,stop,1.6763829907949248,42
2024-04-02 10:30:00+00:00,1,0.5832933871960183,0.5404302779166744,wick,4.199415372014176,216
2024-04-03 11:00:00+00:00,1,0.6952379893802931,0.6461720251316426,wick,3.668530778032157,118
2024-04-04 18:00:00+00:00,1,-1.0,-1.0589110915710989,stop,3.0554517867447917,46
2024-04-06 05:45:00+00:00,1,0.9020688401527578,0.8440312171389402,wick,3.1014364588492143,139
2024-04-07 16:45:00+00:00,1,0.37182733862242534,0.28617186421626284,wick,2.1014418663595635,61
2024-04-08 18:45:00+00:00,1,-1.0,-1.0569742062595529,stop,3.1593243998869993,54
2024-04-09 23:45:00+00:00,1,0.1790238811643573,0.12576822632852003,wick,3.379922762284255,71
2024-04-11 17:15:00+00:00,1,-1.0,-1.0492012147812657,stop,3.6584462558542032,97
2024-04-19 06:45:00+00:00,1,0.17635154978621886,0.14441222859103722,wick,5.635686459960043,2
2024-04-21 11:15:00+00:00,1,0.32497421447992897,0.2516208546632443,wick,2.4538753296349745,67
2024-04-22 13:15:00+00:00,1,0.3984565105027369,0.333101831846212,wick,2.754202204038059,46
2024-04-23 13:30:00+00:00,1,0.3730374402085724,0.29994924868128936,wick,2.462778134725197,4
2024-05-13 20:45:00+00:00,1,-1.0,-1.0637290916125959,stop,2.8244557618082142,64
2024-05-15 17:45:00+00:00,1,0.3612448277187531,0.3086750332552673,wick,3.424019474244383,15
2024-05-16 19:00:00+00:00,1,0.37665234346744075,0.32325807991431355,wick,3.3711486594603968,48
2024-05-18 09:45:00+00:00,1,0.3235950271146686,0.23613801014436658,wick,2.058153893599218,218
2024-05-19 10:00:00+00:00,1,-1.0,-1.1225352301309506,stop,1.4689652911055702,37
2024-05-20 10:30:00+00:00,1,0.24094245006482276,0.16087787030048337,wick,2.248185159152882,23
2024-05-21 10:45:00+00:00,1,-1.0,-1.0584301015027648,stop,3.0806039245282317,138
2024-05-22 12:30:00+00:00,1,-1.0,-1.0692564770233561,stop,2.599034887946962,102
2024-05-23 16:45:00+00:00,1,0.33372482037546986,0.2798393567521317,wick,3.3404185080081716,107
2024-05-24 20:00:00+00:00,1,0.316415422372455,0.2584397208726143,wick,3.1047489783369757,270
2024-05-25 20:45:00+00:00,1,0.5677557179318825,0.4645717638992502,wick,1.7444572820215272,171
2024-05-27 02:15:00+00:00,1,0.5445127898044151,0.4406364228668826,wick,1.7328291824861903,53
2024-05-28 08:45:00+00:00,1,0.28843086634841003,0.22516224476549412,wick,2.8450121955652734,7
2024-05-29 10:30:00+00:00,1,-0.18642488647454647,-0.25680249293937474,timeout,2.557631738867907,289
2024-05-30 11:15:00+00:00,1,-0.20388205173780194,-0.27655940106114035,timeout,2.476700122884061,289
2024-05-31 17:00:00+00:00,1,0.2789140718982203,0.20825986041814915,wick,2.54761883586757,12
2024-06-02 13:30:00+00:00,1,1.7178209635662522,1.5955311834513775,wick,1.471913677748985,98
2024-06-03 17:30:00+00:00,1,0.2793945165933965,0.221512094850953,wick,3.109752401185579,84
2024-06-05 01:45:00+00:00,1,-1.0,-1.0715861478640338,stop,2.5144529405588463,258
2024-06-06 04:30:00+00:00,1,-1.0,-1.0808952591366456,stop,2.225099491874422,151
2024-06-07 16:00:00+00:00,1,-1.0,-1.0794160860353725,stop,2.266543328763728,9
2024-06-10 16:00:00+00:00,1,-1.0,-1.1407339034089152,stop,1.279009504035381,40
2024-06-11 18:45:00+00:00,1,1.2230255235145797,1.1650185494240899,wick,3.103075152984249,80
2024-06-12 21:15:00+00:00,1,-1.0,-1.0468515460520118,stop,3.8419223092483334,172
2024-06-14 07:15:00+00:00,1,-1.0,-1.0725200195641476,stop,2.4820732410418245,37
2024-06-15 19:30:00+00:00,1,0.5624573915698979,0.44083183808460047,wick,1.4799521551345622,107
2024-07-19 14:15:00+00:00,1,0.6959627219259928,0.6358779436627308,wick,2.9957670678475012,25
2024-07-20 17:30:00+00:00,1,-1.0,-1.0943227416609007,stop,1.9083414755597046,99
2024-07-21 22:00:00+00:00,1,-1.0,-1.0531682702443168,stop,3.3854778267728287,172
2024-07-23 09:45:00+00:00,1,-1.0,-1.0638294465915323,stop,2.820015049666419,144
2024-07-24 16:15:00+00:00,1,-1.0,-1.0645823941950499,stop,2.787137303339499,36
2024-07-25 18:15:00+00:00,1,0.37633267697554057,0.31945391359004094,wick,3.164625763398512,15
2024-07-27 07:00:00+00:00,1,0.46320774528417163,0.3826756668332264,wick,2.235134165941637,34
2024-07-28 18:30:00+00:00,1,0.2159633916156921,0.13877670525377672,wick,2.3320083875088287,23
2024-07-29 21:30:00+00:00,1,-1.0,-1.0548896163880932,stop,3.279308762650521,186
2024-07-30 21:45:00+00:00,1,-1.0,-1.054321290490184,stop,3.313617890438863,114
2024-08-01 02:45:00+00:00,1,0.30964351639030085,0.2584553115890868,wick,3.5164350986524715,74
2024-08-02 08:30:00+00:00,1,-1.0,-1.0481107429505072,stop,3.7413681219841295,51
2024-08-03 14:45:00+00:00,1,-1.0,-1.0556120574072532,stop,3.2367081599200773,16
2024-08-04 18:30:00+00:00,1,-1.0,-1.042942610299545,stop,4.191640860777106,26
2024-08-07 04:45:00+00:00,1,0.1848184617241255,0.15450350745780045,wick,5.93766358407311,131
2024-08-08 14:45:00+00:00,1,0.15815073181914122,0.12387439917451873,wick,5.251436956988445,2
2024-08-09 16:45:00+00:00,1,0.26961023632415904,0.23403937645211953,wick,5.060321865918374,31
2024-08-10 19:45:00+00:00,1,0.18979077312744005,0.12617516332192086,wick,2.829494216125292,55
2024-08-12 14:30:00+00:00,1,0.49422263371442565,0.45613607042403936,wick,4.72607619195285,113
2024-08-13 17:15:00+00:00,1,-1.0,-1.040889352951798,stop,4.402123951733636,95
2024-08-24 14:00:00+00:00,1,0.3041820271526363,0.2365711562382204,wick,2.662293763792068,134
2024-09-04 01:30:00+00:00,1,0.8445631186630534,0.7860508219705745,wick,3.076276444010047,66
2024-09-05 01:45:00+00:00,1,-1.0,-1.0587260139200407,stop,3.0650811792723025,43
2024-09-13 21:30:00+00:00,1,-1.0,-1.0602884808676698,stop,2.9856449757805428,211
2024-09-14 22:45:00+00:00,1,-1.0,-1.0983089284922116,stop,1.8309628917810863,98
2024-09-17 15:00:00+00:00,1,0.41965477205068097,0.3487895095430162,wick,2.5400315137551517,13
2024-09-18 23:45:00+00:00,1,0.27660318391973654,0.22889276965407135,wick,3.7727612046650574,19
2024-09-20 02:00:00+00:00,1,0.4849529308742713,0.42381694458859565,wick,2.944256090985392,9
2024-09-21 06:30:00+00:00,1,0.5388212026957616,0.45691838826082964,wick,2.1977266744966593,173
2024-09-22 17:45:00+00:00,1,0.806344155834532,0.6913847997367424,wick,1.5657707742107037,32
2024-09-24 21:00:00+00:00,1,0.29538732016144387,0.2255408542174975,wick,2.5770809956863783,166
2024-09-25 23:00:00+00:00,1,1.0187654396552903,0.9380452627142719,wick,2.2299257363066074,62
2024-09-27 00:00:00+00:00,1,0.31916908452452986,0.25451342376994535,wick,2.783978972595014,38
2024-09-28 02:45:00+00:00,1,-1.0,-1.0818203346249486,stop,2.199942114941125,190
2024-09-30 00:45:00+00:00,1,-1.0,-1.1374613286472535,stop,1.3094591895143635,6
2024-10-01 07:45:00+00:00,1,-1.0,-1.0791548123983548,stop,2.274024718726281,24
2024-10-02 11:30:00+00:00,1,0.25507816183623144,0.19831949894361506,wick,3.171322064801773,22
2024-10-03 14:00:00+00:00,1,0.2147057613012691,0.16018886686684722,wick,3.3017287919164438,35
2024-10-04 15:00:00+00:00,1,0.4739165910105971,0.4079853914714553,wick,2.730118688241647,46
2024-10-05 15:30:00+00:00,1,0.5803469677753925,0.4689999523471553,wick,1.6165678020890413,132
2024-10-07 09:45:00+00:00,1,-1.0,-1.091671559926303,stop,1.9635315483308744,87
2024-10-08 16:30:00+00:00,1,-1.0,-1.05652308394981,stop,3.184539614997513,114
2024-10-09 20:45:00+00:00,1,-1.0,-1.070853956433863,stop,2.540436823284763,85
2024-10-10 22:30:00+00:00,1,0.38561472394032875,0.3266934260096315,wick,3.054922520744785,44
2024-10-12 11:15:00+00:00,1,1.487954459094926,1.3901627500673457,wick,1.8406468379567258,189
2024-10-13 15:45:00+00:00,1,0.7958525236178328,0.6789812354111076,wick,1.5401558651566405,24
2024-10-14 22:30:00+00:00,1,0.7277990719070203,0.6581482440213543,wick,2.584319604864934,63
2024-10-16 00:00:00+00:00,1,0.2568930797938496,0.21356442660718583,wick,4.15429483174895,53
2024-10-17 07:15:00+00:00,1,0.44847974722390854,0.3777687462731344,wick,2.5455727903683343,78
2024-10-18 07:30:00+00:00,1,0.35297098583623776,0.28495602819578714,wick,2.646476690488276,246
2024-10-19 12:15:00+00:00,1,0.5894507177105683,0.46929660942316537,wick,1.4980761171265857,131
2024-10-20 22:45:00+00:00,1,-1.0,-1.1518303410293802,stop,1.1855337923871812,41
2024-10-22 01:00:00+00:00,1,-1.0,-1.077239331848521,stop,2.330418916013016,165
2024-10-23 02:45:00+00:00,1,-1.0,-1.0784453317884763,stop,2.2945916078901956,62
2024-10-24 07:15:00+00:00,1,0.37419372172133747,0.30035863670190577,wick,2.4378654125288555,45
2024-10-25 11:45:00+00:00,1,-1.0,-1.084542172801153,stop,2.1291149024921334,26
2024-10-26 12:45:00+00:00,1,0.48560695731210535,0.41053299275552346,wick,2.3976354660787536,116
2024-10-27 22:15:00+00:00,1,0.7129218392393049,0.5902231846038424,wick,1.4670087502978726,58
2024-10-29 02:00:00+00:00,1,0.4043528869507684,0.32484203884123275,wick,2.2638420326246376,15
2024-10-30 12:30:00+00:00,1,-1.0,-1.0750566860813593,stop,2.3981874153740947,120
2024-10-31 12:45:00+00:00,1,-1.0,-1.081488698843965,stop,2.2088952523915655,13
2024-11-01 14:15:00+00:00,1,-1.0,-1.0631201728251993,stop,2.851703218533313,7
2024-11-02 15:00:00+00:00,1,-1.0,-1.0875637253165769,stop,2.055645752270478,94
2024-11-03 16:15:00+00:00,1,0.20240888642131016,0.12586779827892133,wick,2.351678090402207,18
2024-11-04 22:15:00+00:00,1,0.5576813601109825,0.5009780289114785,wick,3.1744166734524133,40
2024-11-06 01:15:00+00:00,1,1.1221768012937186,1.0794587605637986,wick,4.213676398176357,14
2024-11-07 03:30:00+00:00,1,0.33869861054663736,0.29423166509360277,wick,4.047950633130706,68
2024-11-08 05:45:00+00:00,1,0.35783063857867625,0.2957948785545696,wick,2.9015522648558383,52
2024-11-09 17:00:00+00:00,1,0.6507418372123016,0.5412974515995116,wick,1.6446709348511765,32
2024-11-10 21:30:00+00:00,1,0.7378546310179847,0.6862398014557022,wick,3.4873698417002066,26
2024-11-11 23:00:00+00:00,1,0.36662721845918317,0.32888375327003116,wick,4.769037477028861,32
2024-11-13 00:45:00+00:00,1,0.8184499824858245,0.7896980271669278,wick,6.260443785598778,73
2024-11-14 01:15:00+00:00,1,0.0830947769744864,0.05517889076892013,timeout,6.44794145793978,289
2024-11-15 02:00:00+00:00,1,0.33441453959747247,0.30255757653901805,wick,5.65025610475542,44
2024-11-16 04:00:00+00:00,1,0.021042959210255625,-0.023804041096293922,timeout,4.013646370317268,289
2024-11-17 09:15:00+00:00,1,-1.0,-1.0715814917598847,stop,2.514616496171916,52
2024-11-18 10:45:00+00:00,1,0.28845967532112343,0.22646689930792663,wick,2.9035641178849976,124
2024-11-19 12:30:00+00:00,1,0.41980919597697897,0.36337648383989823,wick,3.1896393631190705,26
2024-11-20 13:30:00+00:00,1,0.46358469863331947,0.40300756145204375,wick,2.97141806918597,57
2024-11-21 13:45:00+00:00,1,0.3623586574874681,0.30842455590236395,wick,3.3374061068945937,55
2024-11-22 15:30:00+00:00,1,-1.0,-1.058283526775626,stop,3.0883512024408732,287
2024-11-23 17:45:00+00:00,1,-1.0,-1.092239591860488,stop,1.9514396840810997,89
2024-11-24 18:15:00+00:00,1,0.6106307297879559,0.540510054092503,wick,2.5670032157387257,17
2024-11-25 19:00:00+00:00,1,-1.0,-1.0521861967080657,stop,3.449187933869492,66
2024-11-26 20:45:00+00:00,1,0.2942307688838975,0.2573956707344917,wick,4.886643691565781,36
2024-11-28 00:45:00+00:00,1,0.05078593041000737,-0.005541778933844908,timeout,3.1955853006766297,289
2024-11-29 02:15:00+00:00,1,0.4965575835599712,0.4240368472549777,wick,2.4820487100819166,276
2024-11-30 06:00:00+00:00,1,0.2587033916997548,0.1748450828878755,wick,2.1464778213426277,165
2024-12-01 09:00:00+00:00,1,0.38044491404681546,0.2684829161394445,wick,1.607688352872362,57
2024-12-02 09:15:00+00:00,1,0.5263257486759508,0.45658087898273875,wick,2.580834988892645,25
2024-12-03 17:15:00+00:00,1,0.4503903512042191,0.3974688030423501,wick,3.4012610411441733,63
2024-12-04 17:45:00+00:00,1,1.0751065449373616,1.0121844340029458,wick,2.860679613683265,11
2024-12-05 18:00:00+00:00,1,-1.0,-1.0382727907874254,stop,4.703080081088307,18
2024-12-06 19:00:00+00:00,1,-0.8336585878202184,-0.8715151959506773,timeout,4.754784141772458,289
2024-12-07 19:30:00+00:00,1,-1.0,-1.0728720575365718,stop,2.470082581511642,177
2024-12-08 20:00:00+00:00,1,-1.0,-1.0803300970530656,stop,2.2407541706453205,79
2024-12-09 21:15:00+00:00,1,0.3488387034822086,0.30290833583044313,wick,3.9189758149711054,15
2024-12-11 01:45:00+00:00,1,0.40620157407346547,0.36640968033915666,wick,4.523534396273354,31
2024-12-12 03:30:00+00:00,1,0.08878253131082361,0.03432131058221883,timeout,3.305104028001675,289
2024-12-13 05:15:00+00:00,1,0.3153166885224623,0.2526293985171788,wick,2.871395461262226,47
2024-12-14 13:45:00+00:00,1,0.2622361460223332,0.17120265113647318,wick,1.9772941841427523,53
2024-12-15 16:30:00+00:00,1,0.2595810776585924,0.16581205630908522,wick,1.9196105217850397,27
2024-12-16 18:30:00+00:00,1,-1.0,-1.058637762691478,stop,3.069694199403002,135
2024-12-17 18:45:00+00:00,1,-1.0,-1.056424694251464,stop,3.1900926072865654,39
2024-12-18 19:00:00+00:00,1,-1.0,-1.0547564999361254,stop,3.2872809659122373,5
2024-12-20 02:15:00+00:00,1,-0.5011671697022669,-0.5332070049201161,timeout,5.618006421572462,289
2024-12-21 06:00:00+00:00,1,-1.0,-1.0455228390176963,stop,3.954059190597218,152
2024-12-24 14:30:00+00:00,1,0.5870900151944292,0.5321749237396782,wick,3.27778749395905,12
2024-12-25 19:45:00+00:00,1,-1.0,-1.066904230093197,stop,2.690412844587877,51
2024-12-27 03:15:00+00:00,1,-1.0,-1.0631343314540709,stop,2.8510636899821544,57
2024-12-28 21:00:00+00:00,1,-1.0,-1.0917095304839572,stop,1.962718586063282,100
2025-01-02 09:00:00+00:00,1,0.27570000432290787,0.19784282707470663,wick,2.3119255842807807,9
2025-01-03 15:45:00+00:00,1,0.23776978312448904,0.1505185958187054,wick,2.0630091756707616,6
2025-01-04 23:30:00+00:00,1,0.4253852015866228,0.31002433799491613,wick,1.5603211903567982,109
2025-01-06 15:30:00+00:00,1,-1.0,-1.0708147652443052,stop,2.541842783479045,95
2025-01-17 19:30:00+00:00,1,-1.0,-1.0568682271141074,stop,3.1652120900274547,206
2025-01-18 19:45:00+00:00,1,-1.0,-1.0524091382676093,stop,3.4345155434705275,111
2025-01-19 21:00:00+00:00,1,-1.0,-1.0592513431624562,stop,3.0379058160162487,5
2025-01-20 22:45:00+00:00,1,0.208133380497266,0.1853104681167264,wick,7.886811157084426,72
2025-01-22 09:00:00+00:00,1,0.3296806614458408,0.2833249177158021,wick,3.8830139593544986,229
2025-01-23 09:15:00+00:00,1,0.8177066988542593,0.7630818110993495,wick,3.295201279087681,23
2025-01-24 10:15:00+00:00,1,0.3121711359544977,0.2705800937100966,wick,4.327854996810795,32
2025-01-25 19:15:00+00:00,1,-1.0,-1.0884940207927465,stop,2.034035727922916,113
2025-01-26 19:45:00+00:00,1,-1.0,-1.148489725372854,stop,1.212205083873813,14
2025-01-27 21:00:00+00:00,1,0.3626423270941591,0.3210267692837435,wick,4.325305473977075,33
2025-01-28 21:15:00+00:00,1,0.4081876851683607,0.35803626860344656,wick,3.5891309224937786,44
2025-01-29 23:30:00+00:00,1,0.22911229936927668,0.17569347746259323,wick,3.3695988338050444,35
2025-01-31 03:45:00+00:00,1,0.2570501220703577,0.18767456634894955,wick,2.5945738110239738,38
2025-02-01 04:30:00+00:00,1,-1.0,-1.0719925144308244,stop,2.5002599426216294,92
2025-02-02 06:00:00+00:00,1,-1.0,-1.0683160755694308,stop,2.634811770138391,47
2025-02-03 18:00:00+00:00,1,0.3694332562170047,0.33945019426291245,wick,6.003389522911375,11
2025-02-04 18:30:00+00:00,1,-0.23162741732648393,-0.2725436707367367,timeout,4.399229768063169,289
2025-02-06 20:30:00+00:00,1,0.3664214625004661,0.3141995393370872,wick,3.446828249447288,63
2025-02-07 23:30:00+00:00,1,0.4591751374204212,0.41021053871137125,wick,3.6761252975760867,241
2025-02-09 04:00:00+00:00,1,-1.0,-1.1012701859779168,stop,1.7774234169891947,71
2025-02-10 05:45:00+00:00,1,0.2591006221753444,0.19972476233036213,wick,3.0315350458914043,79
2025-02-11 06:00:00+00:00,1,-1.0,-1.081719654285291,stop,2.2026524900803337,45
2025-02-12 08:15:00+00:00,1,0.23140269521048948,0.1551992439203948,wick,2.3620977390481697,42
2025-02-14 09:45:00+00:00,1,0.4456535499764285,0.3603080511826301,wick,2.1090743219498256,43
2025-03-27 15:15:00+00:00,1,-1.0,-1.0747074851370204,stop,2.409397126270054,66
2025-03-30 02:45:00+00:00,1,-1.0,-1.0819747472655303,stop,2.195798169611293,88
2025-04-02 20:15:00+00:00,1,-1.0,-1.0558850664053925,stop,3.2208962353962867,4
2025-04-09 18:00:00+00:00,1,0.44013434258039524,0.40360884293672716,wick,4.928064003395613,193
2025-04-11 15:45:00+00:00,1,0.4084437521386976,0.3668558647636516,wick,4.328183309162407,10
2025-04-12 19:00:00+00:00,1,0.22327289403627912,0.1609076711189481,wick,2.88622394950149,27
2025-04-14 00:30:00+00:00,1,0.3660103787128383,0.31301721773910635,wick,3.3966647147020272,128
2025-04-15 02:15:00+00:00,1,0.2512150339854414,0.19443944315486972,wick,3.1703765186196207,25
2025-04-16 08:30:00+00:00,1,0.7010561333541269,0.6252459019172674,wick,2.3743496964511643,31
2025-04-17 15:15:00+00:00,1,-0.11246030758419863,-0.18887889398546207,timeout,2.3554479149201333,289
2025-04-19 16:15:00+00:00,1,-1.0,-1.148032248503813,stop,1.2159512661551142,74
2025-04-20 20:45:00+00:00,1,1.3991927300328164,1.2536419200171298,wick,1.2366815408351257,17
2025-04-21 21:30:00+00:00,1,0.3126226423438812,0.24675748525110353,wick,2.7328561555915205,21
2025-04-22 21:45:00+00:00,1,0.5293054689355147,0.46606890730944484,wick,2.8464545726628088,1
2025-04-24 01:30:00+00:00,1,0.5430901232178504,0.4833454109913243,wick,3.01281893061126,139
2025-04-25 03:30:00+00:00,1,0.23620451000064516,0.16560953804810052,wick,2.5497566614375833,28
2025-04-26 10:00:00+00:00,1,0.387954970451676,0.3016017842464237,wick,2.0844627501312947,253
2025-04-27 11:00:00+00:00,1,0.6615083078164572,0.5473319334033514,wick,1.5765082831298824,153
2025-04-28 11:15:00+00:00,1,-1.0,-1.0999092418177439,stop,1.8016351312960508,20
2025-04-29 11:30:00+00:00,1,-1.0,-1.0934714745522793,stop,1.9257211984959604,106
2025-04-30 12:00:00+00:00,1,-1.0,-1.1019843019366469,stop,1.7649775169497839,8
2025-05-01 12:15:00+00:00,1,0.3104217262980151,0.2222862034323,wick,2.042309322590066,27
2025-05-02 13:00:00+00:00,1,-1.0,-1.100507488617471,stop,1.790911328857049,175
2025-05-03 13:15:00+00:00,1,-1.0,-1.125320176294407,stop,1.4363209925362457,134
2025-05-04 22:30:00+00:00,1,-1.0,-1.1574559637439221,stop,1.1431767696823614,13
2025-05-06 02:45:00+00:00,1,1.3917353698882904,1.305522875496568,wick,2.0878644246405473,95
2025-05-07 14:15:00+00:00,1,0.36935777507284245,0.2724125030538957,wick,1.8567176743268226,44
2025-05-08 14:30:00+00:00,1,0.6853320515322143,0.5959344204262794,wick,2.013476171272396,8
2025-05-09 17:45:00+00:00,1,0.21633902525609722,0.15650259171377073,wick,3.0082006788167517,54
2025-05-10 18:15:00+00:00,1,0.7483116204432594,0.6452228337990735,wick,1.7460676942612157,24
2025-05-11 21:30:00+00:00,1,0.26893070443812045,0.18129061081803916,wick,2.0538544924460918,15
2025-05-12 23:30:00+00:00,1,0.2388800841626506,0.17930849122053164,wick,3.02157439662377,72
2025-05-13 23:45:00+00:00,1,-1.0,-1.0754485669764353,stop,2.385731196938691,136
2025-05-15 02:15:00+00:00,1,0.3079809977565781,0.21795891441749626,wick,1.9995093795152759,81
2025-05-16 02:30:00+00:00,1,0.8201152363765565,0.7522759490660689,wick,2.653329761207159,279
2025-05-17 02:45:00+00:00,1,0.31719988016520295,0.2262265432218431,wick,1.9786017095543975,118
2025-05-18 03:45:00+00:00,1,0.43382918400756554,0.3024925749603715,wick,1.3705241920424442,18
2025-05-19 04:15:00+00:00,1,0.37790953482587547,0.3209528088989902,wick,3.1602940139337377,61
2025-05-20 05:15:00+00:00,1,0.18578219261025497,0.1227618560981207,wick,2.8562208639641553,63
2025-05-21 09:30:00+00:00,1,0.7827091411151343,0.7222807047899181,wick,2.978730063959766,23
2025-05-22 12:45:00+00:00,1,-1.0,-1.0533590744346375,stop,3.3733718567493547,95
2025-05-23 15:30:00+00:00,1,0.1684564559290328,0.10987527098781588,wick,3.0726589122534875,289
2025-05-24 17:15:00+00:00,1,-1.0,-1.0792271328050054,stop,2.2719489350071274,90
2025-05-25 17:30:00+00:00,1,0.9986666981180216,0.912782269594712,wick,2.0958397592544595,34
2025-05-26 18:15:00+00:00,1,0.2710922872726417,0.19019477752411723,wick,2.2250375884195015,98
2025-05-27 23:15:00+00:00,1,-1.0,-1.0740433017675706,stop,2.4310099050558027,170
2025-05-29 02:00:00+00:00,1,-1.0,-1.083983646186288,stop,2.1432744132200905,68
2025-05-30 02:45:00+00:00,1,-1.0,-1.0651432226571336,stop,2.763142390842236,97
2025-05-31 03:15:00+00:00,1,0.29000431192335746,0.22504644400068463,wick,2.771026909538897,42
2025-06-01 03:30:00+00:00,1,0.5600227785964679,0.4486762273599517,wick,1.6165745413852468,56
2025-06-02 06:45:00+00:00,1,0.5446057340623213,0.428487837886227,wick,1.5501486500153923,80
2025-06-03 09:00:00+00:00,1,0.47325505339315493,0.37771877381259755,wick,1.8841010011094455,34
2025-06-04 12:15:00+00:00,1,0.3689906947191532,0.2630423276631921,wick,1.6989407671089953,100
2025-06-05 12:30:00+00:00,1,0.2689581722668362,0.14455642405182278,wick,1.4469250037297843,3
2025-06-06 14:15:00+00:00,1,0.18592379281762594,0.10536213784834146,wick,2.234313583411712,11
2025-06-08 10:30:00+00:00,1,0.446404819485235,0.2836850732300194,wick,1.1061964152628496,14
2025-06-09 10:45:00+00:00,1,0.4551812239698041,0.33099067573717955,wick,1.4493856622875785,24
2025-06-10 11:15:00+00:00,1,0.2768481736288058,0.1762262792932869,wick,1.7888750871634218,34
2025-06-11 12:15:00+00:00,1,0.17624352780902444,0.06296177431789102,wick,1.5889584549385407,12
2025-06-12 12:45:00+00:00,1,-1.0,-1.0996974806018862,stop,1.805461872389525,46
2025-06-13 14:45:00+00:00,1,0.39685916263153365,0.33071620301553195,wick,2.7213780732674295,7
2025-06-14 22:00:00+00:00,1,0.999690954601155,0.8935463615383759,wick,1.695799991371574,137
2025-06-15 22:30:00+00:00,1,1.2208390455605624,1.1012897325097144,wick,1.505654824828984,39
2025-06-17 00:30:00+00:00,1,-1.0,-1.0759009266792985,stop,2.371512547673467,60
2025-06-18 03:45:00+00:00,1,0.30527992656396546,0.2292127774687901,wick,2.3663303034373437,213
2025-06-27 16:00:00+00:00,1,0.311283624114109,0.20957507932972924,wick,1.7697628098169795,168
2025-06-28 20:30:00+00:00,1,0.6336109704575741,0.450197392568393,wick,0.9813886303922185,54
2025-06-29 23:30:00+00:00,1,-1.0,-1.1496337955879585,stop,1.2029368051029052,62
2025-07-01 00:15:00+00:00,1,-1.0,-1.113956845885681,stop,1.5795452971783017,60
2025-07-02 01:30:00+00:00,1,0.7797486757833835,0.6775263354349028,wick,1.7608675303888723,26
2025-07-03 05:30:00+00:00,1,0.42339780406444144,0.3179586670384837,wick,1.707145990351631,36
2025-07-04 05:45:00+00:00,1,-1.0,-1.110218997815607,stop,1.6331122906881683,43
2025-07-05 06:00:00+00:00,1,0.4253549783809677,0.29412718013255834,wick,1.3716605963262956,128
2025-07-06 06:15:00+00:00,1,0.9068676641837334,0.6469921062181493,wick,0.6926392055071133,31
2025-07-07 06:30:00+00:00,1,-1.0,-1.1359706660401891,stop,1.3238149465767641,48
2025-07-08 06:45:00+00:00,1,0.3779818564699386,0.2513395943737113,wick,1.4213264752269632,20
2025-07-09 11:45:00+00:00,1,1.6416918667615228,1.4832366625598932,wick,1.1359677386862923,88
2025-07-10 15:00:00+00:00,1,2.8136491456540087,2.6934016286022198,wick,1.4969124054551288,30
2025-07-11 17:00:00+00:00,1,0.4113703802654664,0.34534698073804787,wick,2.7263061473417265,189
2025-07-12 17:15:00+00:00,1,0.28580506638526665,0.1733546793850207,wick,1.6007059184207724,46
2025-07-13 19:15:00+00:00,1,0.3818078390229745,0.26555093352390435,wick,1.548295124726502,30
2025-07-14 20:45:00+00:00,1,-1.0,-1.0676728576229915,stop,2.6598551667906207,28
2025-07-15 21:30:00+00:00,1,0.41138842185934316,0.3566057954895667,wick,3.285713225667945,54
2025-07-16 22:15:00+00:00,1,0.3458293030156268,0.2799326816811615,wick,2.7315512746304664,128
2025-07-17 22:45:00+00:00,1,-1.0,-1.0653991643841643,stop,2.752328744487527,88
2025-07-19 01:45:00+00:00,1,0.33329300862246186,0.2594827333316575,wick,2.4386848482927315,212
2025-07-20 04:30:00+00:00,1,0.3493509108190765,0.21741631010941295,wick,1.3643123110374178,47
2025-07-21 07:00:00+00:00,1,-1.0,-1.1032156526731245,stop,1.7439215403699015,48
2025-07-22 07:30:00+00:00,1,0.40588183172793874,0.33593882286940346,wick,2.573523829437519,46
2025-07-23 09:45:00+00:00,1,0.3846667406579909,0.2962671784238089,wick,2.036209178538197,127
2025-07-24 10:45:00+00:00,1,0.3324792114939586,0.25181913247793797,wick,2.2315872014487934,27
2025-07-25 12:45:00+00:00,1,0.4735788222411073,0.4012293018159982,wick,2.487922503734115,93
2025-07-26 13:45:00+00:00,1,0.45049077544954225,0.32842989823228963,wick,1.4746739832094047,120
2025-07-27 14:00:00+00:00,1,0.7386211670981586,0.5416479853989973,wick,0.9138299866370405,23
2025-07-28 14:45:00+00:00,1,0.30002642067631113,0.1785126372526018,wick,1.4813134356318547,61
2025-07-29 16:45:00+00:00,1,0.2756806084830648,0.17716545558788416,wick,1.8271300882161612,54
2025-07-30 19:30:00+00:00,1,0.23992660772416832,0.15521645539831536,wick,2.124892885419417,5
2025-07-31 23:15:00+00:00,1,-1.0,-1.0912845243701206,stop,1.9718566892036942,60
2025-08-02 00:15:00+00:00,1,0.41267913121538674,0.35153720872914657,wick,2.943970236469233,198
2025-08-03 00:45:00+00:00,1,0.5043087250389008,0.42061098768886546,wick,2.150595771152277,45
2025-08-04 05:45:00+00:00,1,0.2857253564252061,0.1602275268549771,wick,1.4342877531541005,40
2025-08-05 07:15:00+00:00,1,0.4477174977702795,0.3169079566007652,wick,1.3760464136690187,14
2025-08-06 07:30:00+00:00,1,0.3757866884965206,0.2726031203585306,wick,1.7444638060905342,54
2025-08-07 08:30:00+00:00,1,1.0090130243177569,0.8842943558621126,wick,1.443248250072653,69
2025-08-08 16:00:00+00:00,1,0.2899550429002537,0.17846696632799974,wick,1.6145224272780807,9
2025-08-10 03:00:00+00:00,1,0.5368627962759019,0.3746880694790834,wick,1.109914001739087,13
2025-08-11 05:15:00+00:00,1,-1.0,-1.0870816316358125,stop,2.0670260377387626,30
2025-08-12 07:30:00+00:00,1,0.22461922492107322,0.1368432244778376,wick,2.0506744336842417,33
2025-08-13 16:15:00+00:00,1,0.40562533272422974,0.33060151606780613,wick,2.39923810893708,21
2025-08-14 18:30:00+00:00,1,0.2896934417008933,0.23484625498828648,wick,3.2818456294427674,37
2025-08-17 14:45:00+00:00,1,-1.0,-1.1740377562231563,stop,1.0342583351235506,40
2025-09-17 05:00:00+00:00,1,0.43166091497595943,0.30880419539824405,wick,1.4651213268488545,6
2025-09-18 06:00:00+00:00,1,-0.5987606157915072,-0.683669772256106,timeout,2.119912710180407,289
2025-09-19 08:30:00+00:00,1,-1.0,-1.1321101026736817,stop,1.362499887269096,27
2025-09-20 15:30:00+00:00,1,-1.0,-1.2260633425225758,stop,0.7962370103504254,132
2025-09-24 11:15:00+00:00,1,0.20825826045806148,0.10005049111531679,wick,1.6634665060865983,16
2025-09-25 12:45:00+00:00,1,-1.0,-1.0997095359578688,stop,1.8052435834829004,21
2025-09-28 16:15:00+00:00,1,0.6782318607469717,0.47353615761012774,wick,0.8793540716370861,20
2025-09-29 20:00:00+00:00,1,1.2412621454014532,1.1341580509837046,wick,1.6806080195023019,162
2025-09-30 20:30:00+00:00,1,1.0684471373410516,0.9706632715356596,wick,1.8407944758313546,64
2025-10-01 23:30:00+00:00,1,0.25626766656181105,0.16241510498721135,wick,1.9179018343247356,16
2025-10-03 00:30:00+00:00,1,0.9518126262034139,0.862671739236325,wick,2.01927539790418,69
2025-10-04 01:00:00+00:00,1,0.5598998827294102,0.48137112056738135,wick,2.2921537923723423,103
2025-10-05 01:15:00+00:00,1,0.8910173491451127,0.747705464965981,wick,1.25600190822284,6
2025-10-06 10:30:00+00:00,1,0.3620664736069143,0.269634802581991,wick,1.947384462534111,15
2025-10-07 10:45:00+00:00,1,0.26056444974117593,0.16783519299049215,wick,1.9411349374227858,9
2025-10-08 15:15:00+00:00,1,0.41276601441946037,0.34167977202989264,wick,2.532135529313278,10
2025-10-09 16:15:00+00:00,1,-1.0,-1.0661056807214124,stop,2.722912736631061,100
2025-10-10 19:45:00+00:00,1,-1.0,-1.0641523562527115,stop,2.8058205577194535,5
2025-10-26 10:45:00+00:00,1,1.4906781038047563,1.3441476049082397,wick,1.2284132065033126,50
2025-10-27 12:30:00+00:00,1,0.2822787270322983,0.19171912682704412,wick,1.9876412836632267,104
2025-10-28 12:45:00+00:00,1,0.7849553996411924,0.6809198801999627,wick,1.7301783176243302,7
2025-10-29 13:00:00+00:00,1,-1.0,-1.0861166203368564,stop,2.0901888543222746,23
2025-12-20 17:00:00+00:00,1,0.46669269682822506,0.3683389038643991,wick,1.830127690817202,68
2025-12-21 18:30:00+00:00,1,0.5809914150917161,0.47605975942038886,wick,1.7154022668221864,28
2025-12-22 20:15:00+00:00,1,0.24219985670910849,0.1770246149357076,wick,2.7617849217317514,18
2025-12-24 07:15:00+00:00,1,0.38544992781710397,0.31294850446512035,wick,2.482709879034054,79
2025-12-25 15:45:00+00:00,1,-1.0,-1.1350191448203224,stop,1.3331442754991243,29
2025-12-26 16:00:00+00:00,1,0.33378810176744067,0.26204242231158686,wick,2.508861876634073,128
2025-12-31 14:15:00+00:00,1,-1.0,-1.1170779508278827,stop,1.5374372264562384,6
2026-01-04 13:15:00+00:00,1,1.221653623106636,1.1018994665148243,wick,1.5030793512540825,52
2026-01-05 15:00:00+00:00,1,0.2361010456964911,0.13420370170295243,wick,1.766483727106899,6
2026-01-06 19:00:00+00:00,1,0.31862307674972945,0.2494377456266161,wick,2.601707574105486,25
2026-01-07 19:45:00+00:00,1,0.05901214509956735,-0.008911215168271307,wick,2.650045570334202,176
2026-01-11 16:45:00+00:00,1,-1.0,-1.2008739484662452,stop,0.8960843423170292,26
2026-01-12 22:15:00+00:00,1,0.22460774712349474,0.1539562202793476,wick,2.54771564098068,31
2026-01-13 22:45:00+00:00,1,0.5763931704420092,0.502859417299088,wick,2.447855471896688,77
2026-01-15 03:00:00+00:00,1,0.2496557392804499,0.18753390812634876,wick,2.8975321019350995,28
2026-01-16 05:00:00+00:00,1,-1.0,-1.0771374722604052,stop,2.3334962207776995,269
2026-01-17 07:30:00+00:00,1,-1.0,-1.129185342159973,stop,1.3933469307771953,162
2026-01-18 08:15:00+00:00,1,-1.0,-1.2116171793337946,stop,0.8505925679884279,63
2026-01-19 09:00:00+00:00,1,-1.0,-1.1085034578680877,stop,1.6589333053222497,81
2026-01-20 10:00:00+00:00,1,-1.0,-1.0881404957469847,stop,2.0421940956255376,51
2026-01-21 16:00:00+00:00,1,-1.0,-1.0645753317824251,stop,2.7874421242848144,4
2026-01-22 17:15:00+00:00,1,0.32312844900928767,0.25445345877031955,wick,2.6210415083228202,46
2026-01-24 14:15:00+00:00,1,-1.0,-1.1356113965001176,stop,1.3273220735533378,74
2026-01-25 19:00:00+00:00,1,-1.0,-1.119514490824824,stop,1.5060935185159374,17
2026-01-26 19:45:00+00:00,1,0.22888250823904263,0.16435015202130474,wick,2.789298431823317,34
2026-01-27 21:00:00+00:00,1,-1.0,-1.0693575678925515,stop,2.5952467116329014,168
2026-01-28 21:45:00+00:00,1,-1.0,-1.0611576098381432,stop,2.943215087646156,70
2026-03-07 20:15:00+00:00,1,-1.0,-1.076100474326496,stop,2.365294061476424,104
2026-03-09 14:45:00+00:00,1,0.5527004925185602,0.5067505829920135,wick,3.9173091275839873,72
2026-03-10 15:30:00+00:00,1,0.5353296150597431,0.494535991943381,wick,4.412454355587822,280
2026-03-11 16:15:00+00:00,1,0.36651323312124,0.32300408880620013,wick,4.1370613656904105,130
2026-03-12 16:45:00+00:00,1,0.4468093266093085,0.39746932321365336,wick,3.6481554035695627,32
2026-03-13 19:15:00+00:00,1,0.5100076909212609,0.46725001289766127,wick,4.209770228885002,207
2026-03-14 23:45:00+00:00,1,0.5421417130869428,0.4385886995097107,wick,1.7382400934739777,39
2026-03-16 06:00:00+00:00,1,0.3227630942955116,0.2678164615114016,wick,3.275905926887922,75
2026-03-17 06:30:00+00:00,1,-1.0,-1.0476170335967891,stop,3.780159879848914,130
2026-03-18 08:45:00+00:00,1,-1.0,-1.064939470188399,stop,2.771811957778425,21
2026-03-19 09:15:00+00:00,1,0.3692077610583831,0.31141302384875746,wick,3.1144704291521776,91
2026-03-20 20:15:00+00:00,1,0.3258367379276134,0.2699758307122495,wick,3.2222892354045602,74
2026-03-21 23:45:00+00:00,1,-1.0,-1.1118601176904874,stop,1.6091526069912871,1
2026-03-23 03:45:00+00:00,1,1.2179295763701632,1.1572693278406216,wick,2.967346892954782,32
2026-03-24 05:30:00+00:00,1,0.30379693775428623,0.2520010940294104,wick,3.475182313007711,8
2026-03-25 05:45:00+00:00,1,0.28030112690240844,0.22028237883597704,wick,2.999062889495264,24
2026-03-26 07:00:00+00:00,1,-1.0,-1.0644658276946892,stop,2.7921769786697146,103
2026-03-29 23:00:00+00:00,1,0.1258145493547094,0.027294722239137495,wick,1.8270434010084597,2
2026-03-31 01:00:00+00:00,1,0.3985875421835204,0.3317265280059672,wick,2.692151804966641,3
2026-04-01 04:00:00+00:00,1,0.3180083518018304,0.26446507080924536,wick,3.3617663442202446,15
2026-04-05 23:00:00+00:00,1,0.43509368209374727,0.3185600326300888,wick,1.544618235406193,2
2026-04-07 09:15:00+00:00,1,0.5066478525951409,0.4295018840526174,wick,2.333239226892103,51
2026-04-08 13:15:00+00:00,1,-1.0,-1.0663647065813573,stop,2.7122850272732797,48
2026-04-09 16:00:00+00:00,1,0.2623984098182633,0.1920454989252346,wick,2.5585295294133497,26
2026-04-10 19:15:00+00:00,1,-1.0,-1.0647215422369907,stop,2.781145099121625,167
2026-04-11 23:30:00+00:00,1,-1.0,-1.0958208425397469,stop,1.8785057115870714,9
2026-04-13 00:45:00+00:00,1,0.6025284398302534,0.5150454982988163,wick,2.0575439834212337,59
2026-04-14 01:15:00+00:00,1,0.29491504160602866,0.23556772908018386,wick,3.0329932787034437,183
2026-04-15 08:45:00+00:00,1,0.45405036941471827,0.38458919783235634,wick,2.5913758132710067,57
2026-04-16 15:15:00+00:00,1,0.16888887621266988,0.1051089081184193,wick,2.8222027288255425,4
2026-04-17 18:30:00+00:00,1,-1.0,-1.0548592693693102,stop,3.2811228087681616,190
2026-04-19 07:45:00+00:00,1,0.6325791862593071,0.5303552363229402,wick,1.760839804292906,29
2026-04-20 09:45:00+00:00,1,0.4781015394342785,0.4063344964939598,wick,2.508115043135992,50
2026-04-21 14:45:00+00:00,1,0.7523043040147889,0.6839568667639517,wick,2.6336027690313313,63
2026-04-22 15:45:00+00:00,1,-1.0,-1.0706699829112059,stop,2.5470502833736774,74
2026-04-23 18:00:00+00:00,1,0.16264314940445393,0.0972835070128759,timeout,2.753993036277598,289
2026-04-26 08:00:00+00:00,1,0.3239357753291944,0.1762510169043136,wick,1.2188122993853574,56
2026-04-27 23:00:00+00:00,1,-1.0,-1.0846850884939923,stop,2.125521779584248,173
2026-04-29 04:45:00+00:00,1,-1.0,-1.099044981688132,stop,1.8173560833882023,45
2026-04-30 08:00:00+00:00,1,0.4657719264377754,0.3927689453917647,wick,2.46565273665405,93
2026-05-01 08:15:00+00:00,1,0.5048167788304534,0.40318141131935836,wick,1.771037035708561,18
2026-05-02 12:30:00+00:00,1,0.47652605562828654,0.35652128001927286,wick,1.499940307262905,37
2026-05-03 22:45:00+00:00,1,0.6286041649324656,0.49257141967165796,wick,1.3232108170345054,14
2026-05-05 01:00:00+00:00,1,0.34019304833298647,0.27458540660816,wick,2.7435828398612685,11
2026-05-06 01:15:00+00:00,1,0.4825484075120062,0.4026214431863883,wick,2.2520560053637246,36
2026-05-07 01:30:00+00:00,1,-1.0,-1.0823547035302532,stop,2.1856675124071865,100
2026-05-08 11:00:00+00:00,1,0.4105889694788979,0.31483212275753836,wick,1.8797611467279989,123
2026-05-10 15:15:00+00:00,1,-1.0,-1.187755639673192,stop,0.9586929069790312,23
2026-05-11 15:30:00+00:00,1,0.3485746071769301,0.2624062577126433,wick,2.0889340589563283,10
2026-05-12 17:15:00+00:00,1,0.48983954684412717,0.3993563205478129,wick,1.9893189861570182,35
2026-05-13 17:30:00+00:00,1,0.2673738243768021,0.186842521070991,wick,2.235155679977816,50
2026-05-15 00:15:00+00:00,1,-1.0,-1.0779214108954511,stop,2.310019774173621,54
2026-05-16 01:15:00+00:00,1,-1.0,-1.0939330124990034,stop,1.9162592065479613,186
2026-05-17 04:15:00+00:00,1,-1.0,-1.130926621468384,stop,1.3748158929119407,78
2026-05-18 08:00:00+00:00,1,0.5646754110148706,0.4688201528579545,wick,1.8778312578882004,263
2026-05-19 08:45:00+00:00,1,0.44714112116374133,0.3597999119178167,wick,2.060882847330154,164
2026-05-20 14:00:00+00:00,1,0.5275401031498486,0.4199602098094219,wick,1.6731751111744138,47
2026-05-21 15:30:00+00:00,1,0.39535412243247287,0.3038300842005328,wick,1.9666964381952237,10
2026-07-04 17:45:00+00:00,1,0.385147368747168,0.27293931213269573,wick,1.6041628866138316,116
2026-07-05 22:00:00+00:00,1,0.5039625642992811,0.3836150318472695,wick,1.4956683891443703,3
2026-07-07 00:30:00+00:00,1,-1.0,-1.061913300629379,stop,2.9072912955731884,128
2026-07-09 18:00:00+00:00,1,0.3965796952320096,0.3293749120167157,wick,2.6783807846438696,34
2026-07-10 21:45:00+00:00,1,-1.0,-1.0798784467526896,stop,2.253423887388487,222
2026-07-12 02:30:00+00:00,1,-1.0,-1.1187906630336553,stop,1.515270606318639,99
2026-07-17 19:45:00+00:00,1,0.41837317348597713,0.34559738055256406,wick,2.4733498976052757,124
2026-07-20 05:45:00+00:00,1,1.3651735780869918,1.2631634814561783,wick,1.764531217448416,97
2026-07-21 07:45:00+00:00,1,-0.3693288102473683,-0.44981007555604485,timeout,2.236545353873735,289
2026-07-22 11:00:00+00:00,1,-1.0,-1.1020802424391556,stop,1.7633186961452236,108
2026-07-23 13:00:00+00:00,1,-1.0,-1.1088855548772594,stop,1.6531118402519411,100
2026-07-24 15:45:00+00:00,1,0.47771035680713525,0.3937004099278768,wick,2.1426034259812274,196
2026-07-27 02:00:00+00:00,1,-1.0,-1.1428864973490023,stop,1.2597411465713753,83
2026-07-28 03:00:00+00:00,1,0.5106686510277326,0.43340795746253147,wick,2.3297745812765194,52
2026-07-29 06:00:00+00:00,1,0.5556364965332165,0.4719487110608434,wick,2.15085151296567,123
2026-07-30 06:30:00+00:00,1,0.47077631402204745,0.3989680473849851,wick,2.506675184206393,25
2026-07-31 17:45:00+00:00,1,0.5495022363308474,0.46720606582082647,wick,2.1872220649450766,287
2026-08-02 02:15:00+00:00,1,-1.0,-1.1564615051818283,stop,1.1504427225777794,114
2026-08-03 02:45:00+00:00,1,0.6747977042988463,0.5539902121748714,wick,1.48997381565773,59
2026-08-04 15:00:00+00:00,1,0.6332390099445966,0.5372926974463594,wick,1.87604917076211,154
2026-08-07 12:15:00+00:00,1,-0.17193171329949625,-0.29778463342133377,timeout,1.4302409497192676,289
2026-08-08 14:15:00+00:00,1,-1.0,-1.2267330731897665,stop,0.7938850625878788,191
2026-08-09 20:30:00+00:00,1,-1.0,-1.3218541712045488,stop,0.5592594911115945,69
2026-08-11 01:00:00+00:00,1,-1.0,-1.123335353267676,stop,1.4594355570486277,255
2026-08-12 09:45:00+00:00,1,-1.0,-1.1457137780811857,stop,1.2352984211260483,124
2026-08-16 06:30:00+00:00,1,-1.0,-1.3249520307487312,stop,0.5539279123298808,65
2026-08-17 15:45:00+00:00,1,1.1177195227741523,0.9793155710331415,wick,1.300540900283151,185
2026-08-19 14:15:00+00:00,1,3.4339715476354784,3.2957139175781123,wick,1.3019172968993753,5
2026-08-20 15:30:00+00:00,1,0.4678400680973487,0.42029351117100316,wick,3.7857630843562107,37
2026-08-21 19:30:00+00:00,1,-0.19018149089305877,-0.2258150476418786,timeout,5.051418281616292,151
2026-08-22 21:30:00+00:00,1,-0.2912822460714615,-0.3543980754088617,timeout,2.851899466261762,47
