variant,n,traded_n,mean_r,total_r,max_dd_r,mar_like,wr_pct,is_total_r,oos_total_r,scope
base|tilt=none|H=off,203,203,1.564048612768856,317.50186839207777,-7.90281470660554,40.175795609467464,57.14285714285714,223.6240916559408,93.87777673613694,BTC
base|tilt=none|H=on,203,203,1.2276010313074894,249.20300935542036,-5.40281470660554,46.124663326088545,57.14285714285714,171.74747747382298,77.45553188159734,BTC
base|tilt=skip_after_loss|H=off,203,117,1.8038885795074424,211.05496380237074,-2.1843053500998195,96.62337904941991,63.24786324786324,138.9288853659101,72.12607843646063,BTC
base|tilt=skip_after_loss|H=on,203,117,1.3396378110791758,156.73762389626359,-2.431939122994109,64.44964942349968,63.24786324786324,98.86351069980707,57.874113196456506,BTC
base|tilt=half_after_loss|H=off,203,203,1.3018641187055382,264.27841609722424,-4.951407353302756,53.37440393001429,57.14285714285714,181.27648851092545,83.00192758629879,BTC
base|tilt=half_after_loss|H=on,203,203,0.99985377648198,202.97031662584195,-3.4514073533027556,58.80798638028442,57.14285714285714,135.30549408681503,67.66482253902691,BTC
base|tilt=half_after_2stops_7d|H=off,203,203,1.5487085477986058,314.387835203117,-6.40281470660554,49.10150451156662,57.14285714285714,220.01005846698004,94.37777673613694,BTC
base|tilt=half_after_2stops_7d|H=on,203,203,1.214467314636302,246.5368648711693,-4.15281470660554,59.36620877378022,57.14285714285714,168.58133298957193,77.95553188159734,BTC
wick_p0.5|tilt=none|H=off,203,203,0.3021958048758066,61.34574838978874,-4.0,15.336437097447185,78.32512315270937,34.52503983595234,26.820708553836393,BTC
wick_p0.5|tilt=none|H=on,203,203,0.2372475132087333,48.16124518137286,-3.7357935594383775,12.891837949582312,78.32512315270937,27.234805582475573,20.926439598897286,BTC
wick_p0.5|tilt=skip_after_loss|H=off,203,160,0.31722498811706523,50.75599809873043,-2.396803958391004,21.176532991377144,80.0,23.84878328513511,26.907214813595328,BTC
wick_p0.5|tilt=skip_after_loss|H=on,203,160,0.24763954054518908,39.622326487230254,-2.521617368462266,15.71306058674269,80.0,18.869817107514816,20.752509379715438,BTC
wick_p0.5|tilt=half_after_loss|H=off,203,203,0.27611267608009643,56.05087324425958,-2.9101725350960663,19.260326516142214,78.32512315270937,29.18691156054372,26.86396168371586,BTC
wick_p0.5|tilt=half_after_loss|H=on,203,203,0.2162156937650323,43.89178583430156,-3.0349859451673282,14.461940393559768,78.32512315270937,23.052311344995196,20.83947448930636,BTC
wick_p0.5|tilt=half_after_2stops_7d|H=off,203,203,0.29941403718300585,60.781049548150186,-4.0,15.195262387037547,78.32512315270937,33.460340994313796,27.320708553836393,BTC
wick_p0.5|tilt=half_after_2stops_7d|H=on,203,203,0.23581536461453975,47.87051901675157,-3.2357935594383775,14.794058439581123,78.32512315270937,26.44407941785429,21.426439598897286,BTC
wick_p1|tilt=none|H=off,203,203,0.6434849334448788,130.6274414893104,-4.0,32.6568603723276,71.42857142857143,87.20104496539821,43.42639652391221,BTC
wick_p1|tilt=none|H=on,203,203,0.4707505270792772,95.56235699709327,-3.0,31.85411899903109,71.42857142857143,62.598998831289016,32.96335816580426,BTC
wick_p1|tilt=skip_after_loss|H=off,203,146,0.6522262043661835,95.2250258374628,-3.0,31.741675279154265,74.65753424657534,59.64912659244939,35.57589924501342,BTC
wick_p1|tilt=skip_after_loss|H=on,203,146,0.46759818262184766,68.26933466278976,-2.5,27.307733865115903,74.65753424657534,42.50458698745595,25.764747675333812,BTC
wick_p1|tilt=half_after_loss|H=off,203,203,0.5562868653368798,112.9262336633866,-2.7353323451214777,41.28428264477364,71.42857142857143,73.4250857789238,39.50114788446281,BTC
wick_p1|tilt=half_after_loss|H=on,203,203,0.40352633413764294,81.91584582994152,-2.392002536395566,34.2457186326307,71.42857142857143,52.55179290937248,29.364052920569033,BTC
wick_p1|tilt=half_after_2stops_7d|H=off,203,203,0.6375099921146575,129.41452839927547,-4.0,32.35363209981887,71.42857142857143,85.48813187536325,43.92639652391221,BTC
wick_p1|tilt=half_after_2stops_7d|H=on,203,203,0.4648936777540669,94.37341658407558,-3.0,31.457805528025194,71.42857142857143,60.910058418271326,33.46335816580426,BTC
wick_p2|tilt=none|H=off,203,203,0.9022805858084525,183.16295891911585,-4.276133941509173,42.83377495291279,62.06896551724138,124.09559179036255,59.0673671287533,BTC
wick_p2|tilt=none|H=on,203,203,0.6987408947024552,141.8444016245984,-3.589474324057349,39.51676173692896,62.06896551724138,94.98130192185994,46.86309970273844,BTC
wick_p2|tilt=skip_after_loss|H=off,203,127,0.9859459490745215,125.21513553246422,-3.0,41.738378510821406,66.14173228346458,78.85299486646062,46.36214066600362,BTC
wick_p2|tilt=skip_after_loss|H=on,203,127,0.7447780621993116,94.58681389931257,-2.5,37.83472555972503,66.14173228346458,59.23317880057276,35.353635098739815,BTC
wick_p2|tilt=half_after_loss|H=off,203,203,0.7595519567772908,154.18904722579003,-3.6380669707545934,42.38213547613962,62.06896551724138,101.47429332841159,52.71475389737846,BTC
wick_p2|tilt=half_after_loss|H=on,203,203,0.582342895379091,118.21560776195548,-3.0447371620286816,38.82621108850967,62.06896551724138,77.10724036121634,41.10836740073913,BTC
wick_p2|tilt=half_after_2stops_7d|H=off,203,203,0.8956090885720523,181.80864498012662,-4.0,45.452161245031654,62.06896551724138,122.24127785137331,59.5673671287533,BTC
wick_p2|tilt=half_after_2stops_7d|H=on,203,203,0.6919316404887884,140.46212301922404,-3.339474324057349,42.06114777027759,62.06896551724138,93.09902331648559,47.36309970273844,BTC
wick_p3|tilt=none|H=off,203,203,1.0656109865085441,216.31903026123447,-4.908868811767093,44.066981326266905,58.620689655172406,148.0016029459715,68.31742731526293,BTC
wick_p3|tilt=none|H=on,203,203,0.8297433153282211,168.4378930116289,-3.589474324057349,46.92550435107605,58.620689655172406,114.82063071626972,53.617262295359176,BTC
wick_p3|tilt=skip_after_loss|H=off,203,120,1.2432761630049944,149.19313956059932,-3.0,49.731046520199776,63.33333333333333,94.68990845260895,54.50323110799038,BTC
wick_p3|tilt=skip_after_loss|H=on,203,120,0.9334849371322897,112.01819245587477,-3.051118929709986,36.71380730692208,63.33333333333333,70.48956223351098,41.52863022236378,BTC
wick_p3|tilt=half_after_loss|H=off,203,203,0.9002762803493443,182.75608491091688,-3.6380669707545934,50.23439270910682,58.620689655172406,121.34575569929024,61.41032921162666,BTC
wick_p3|tilt=half_after_loss|H=on,203,203,0.6907785356342455,140.22804273375183,-3.0447371620286816,46.055877821755594,58.620689655172406,92.65509647489036,47.57294625886148,BTC
wick_p3|tilt=half_after_2stops_7d|H=off,203,203,1.0542860809070436,214.02007442412983,-5.075735603168482,42.16533152170687,58.620689655172406,145.2026471088669,68.81742731526293,BTC
wick_p3|tilt=half_after_2stops_7d|H=on,203,203,0.8206073569320042,166.58329345719685,-3.339474324057349,49.88308856191586,58.620689655172406,112.46603116183769,54.117262295359176,BTC
base|tilt=none|H=off,143,143,1.6533133949740244,236.4238154812855,-4.0,59.10595387032137,59.44055944055944,204.3796644018248,32.044151079460654,ETH
base|tilt=none|H=on,143,143,1.0758188070679582,153.84208941071802,-4.139312613981488,37.16609586120185,59.44055944055944,127.68190623395816,26.160183176759876,ETH
base|tilt=skip_after_loss|H=off,143,85,1.8859952765527757,160.3095985069859,-4.0,40.07739962674648,64.70588235294117,142.88743933977543,17.422159167210488,ETH
base|tilt=skip_after_loss|H=on,143,85,1.2197727569674341,103.68068434223188,-3.0,34.5602281140773,64.70588235294117,86.05293909775496,17.627745244476923,ETH
base|tilt=half_after_loss|H=off,143,143,1.3871797691897603,198.3667069941357,-2.85999641890794,69.35907530607328,59.44055944055944,173.63355187080012,24.733155123335568,ETH
base|tilt=half_after_loss|H=on,143,143,0.9004292788564683,128.76138687647497,-2.5,51.50455475058999,59.44055944055944,106.86742266585654,21.8939642106184,ETH
base|tilt=half_after_2stops_7d|H=off,143,143,1.642823884484513,234.92381548128537,-4.0,58.73095387032134,59.44055944055944,201.8796644018247,33.044151079460654,ETH
base|tilt=half_after_2stops_7d|H=on,143,143,1.074070555319706,153.59208941071796,-4.139312613981531,37.10569935982208,59.44055944055944,126.43190623395809,27.160183176759876,ETH
wick_p0.5|tilt=none|H=off,143,143,0.4214538457855313,60.267899947330974,-3.6245169686793304,16.62784323211235,81.11888111888112,44.03235798576201,16.235541961568956,ETH
wick_p0.5|tilt=none|H=on,143,143,0.2726980980386815,38.99582801953146,-2.0,19.49791400976573,81.11888111888112,25.607852215722865,13.387975803808592,ETH
wick_p0.5|tilt=skip_after_loss|H=off,143,116,0.4666858894875015,54.135563180550164,-2.5490534715407662,21.23751572297466,82.75862068965517,40.66752753315325,13.468035647396917,ETH
wick_p0.5|tilt=skip_after_loss|H=on,143,116,0.2848644517567323,33.044276403780955,-2.074456892656653,15.929121747843507,82.75862068965517,22.450605073908598,10.593671329872354,ETH
wick_p0.5|tilt=half_after_loss|H=off,143,143,0.4000121088387452,57.20173156394056,-2.812258484339665,20.340140098242735,81.11888111888112,42.34994275945763,14.85178880448294,ETH
wick_p0.5|tilt=half_after_loss|H=on,143,143,0.2518884770045889,36.02005221165621,-1.9109758846983196,18.849035458834475,81.11888111888112,24.02922864481573,11.990823566840472,ETH
wick_p0.5|tilt=half_after_2stops_7d|H=off,143,143,0.4249503492820348,60.767899947330974,-3.1245169686793304,19.448734174427074,81.11888111888112,44.53235798576201,16.235541961568956,ETH
wick_p0.5|tilt=half_after_2stops_7d|H=on,143,143,0.2744463497869333,39.24582801953146,-2.0,19.62291400976573,81.11888111888112,25.857852215722865,13.387975803808592,ETH
wick_p1|tilt=none|H=off,143,143,0.6901570509755897,98.69245828950932,-3.1019666733703843,31.816092396078794,75.52447552447552,74.52350212992069,24.168956159588635,ETH
wick_p1|tilt=none|H=on,143,143,0.44763519082087694,64.0118322873854,-2.5,25.604732914954162,75.52447552447552,45.98597217981092,18.025860107574495,ETH
wick_p1|tilt=skip_after_loss|H=off,143,108,0.7950047833786482,85.860516604894,-2.549053471540759,33.683293647424414,78.70370370370371,68.18020716740511,17.680309437488912,ETH
wick_p1|tilt=skip_after_loss|H=on,143,108,0.5115133602731551,55.24344290950074,-2.0,27.62172145475037,78.70370370370371,41.996190244265,13.24725266523574,ETH
wick_p1|tilt=half_after_loss|H=off,143,143,0.6452901220084033,92.27648744720167,-2.550983336685192,36.17290874471486,75.52447552447552,71.35185464866291,20.92463279853877,ETH
wick_p1|tilt=half_after_loss|H=on,143,143,0.4169764867023991,59.62763759844307,-2.188177196865178,27.249912705363485,75.52447552447552,43.99108121203796,15.636556386405115,ETH
wick_p1|tilt=half_after_2stops_7d|H=off,143,143,0.6915573764839964,98.89270483721148,-3.0,32.96423494573716,75.52447552447552,74.72374867762285,24.168956159588635,ETH
wick_p1|tilt=half_after_2stops_7d|H=on,143,143,0.4483353535750804,64.1119555612365,-2.5,25.644782224494598,75.52447552447552,46.086095453662004,18.025860107574495,ETH
wick_p2|tilt=none|H=off,143,143,0.9358661590854643,133.8288607492214,-4.0,33.45721518730535,62.93706293706294,106.8539688927436,26.974891856477832,ETH
wick_p2|tilt=none|H=on,143,143,0.643751140874212,92.05641314501233,-4.0,23.014103286253082,62.93706293706294,69.76037178505199,22.296041359960313,ETH
wick_p2|tilt=skip_after_loss|H=off,143,90,1.1034278863082145,99.30850976773931,-2.6689303957840878,37.209104412992424,66.66666666666666,83.73024219486958,15.578267572869743,ETH
wick_p2|tilt=skip_after_loss|H=on,143,90,0.7614085314857222,68.52676783371501,-2.0,34.26338391685751,66.66666666666666,53.79336487977646,14.733402953938548,ETH
wick_p2|tilt=half_after_loss|H=off,143,143,0.8151656311781843,116.56868525848036,-2.5,46.627474103392146,62.93706293706294,95.29210554380657,21.27657971467379,ETH
wick_p2|tilt=half_after_loss|H=on,143,143,0.5614796537717739,80.29159048936367,-2.5,32.11663619574547,62.93706293706294,61.776868332414224,18.514722156949432,ETH
wick_p2|tilt=half_after_2stops_7d|H=off,143,143,0.9386407423051751,134.22562614964005,-4.0,33.55640653741001,62.93706293706294,106.25073429316224,27.974891856477832,ETH
wick_p2|tilt=half_after_2stops_7d|H=on,143,143,0.648634935980571,92.75479584522165,-4.0,23.188698961305413,62.93706293706294,69.45875448526132,23.296041359960313,ETH
wick_p3|tilt=none|H=off,143,143,1.259034838482928,180.04198190305868,-4.0,45.01049547576467,61.53846153846154,147.15904237583712,32.88293952722154,ETH
wick_p3|tilt=none|H=on,143,143,0.835442618763791,119.46829448322211,-4.0,29.867073620805527,61.53846153846154,92.50573073504093,26.962563748181175,ETH
wick_p3|tilt=skip_after_loss|H=off,143,88,1.4394453775670757,126.67119322590267,-4.0,31.667798306475667,64.77272727272727,109.40395670927775,17.267236516624926,ETH
wick_p3|tilt=skip_after_loss|H=on,143,88,0.9487584239505289,83.49074130764654,-3.0,27.83024710254885,64.77272727272727,66.73527956414237,16.755461743504156,ETH
wick_p3|tilt=half_after_loss|H=off,143,143,1.0724236892621026,153.35658756448066,-2.5,61.34263502579226,61.53846153846154,128.28149954255744,25.07508802192323,ETH
wick_p3|tilt=half_after_loss|H=on,143,143,0.7096469782897505,101.47951789543433,-2.5,40.59180715817373,61.53846153846154,79.62050514959166,21.859012745842662,ETH
wick_p3|tilt=half_after_2stops_7d|H=off,143,143,1.2618094217026388,180.43874730347733,-4.0,45.10968682586933,61.53846153846154,146.5558077762558,33.88293952722154,ETH
wick_p3|tilt=half_after_2stops_7d|H=on,143,143,0.8403264138701498,120.16667718343143,-4.0,30.041669295857858,61.53846153846154,92.20411343525025,27.962563748181175,ETH
base|tilt=none|H=off,333,333,1.6631500362656946,553.8289620764763,-8.0,69.22862025955953,58.85885885885885,428.0037560577656,125.82520601871055,COMBINED
base|tilt=none|H=on,333,333,1.211571723241551,403.45338383943647,-6.363542792736268,63.40074970501691,58.85885885885885,299.4293837077812,104.02400013165531,COMBINED
base|tilt=skip_after_loss|H=off,333,196,2.1147510694274128,414.4912096077729,-3.1843053500998337,130.16691681115879,68.87755102040816,313.39358463386077,101.09762497391209,COMBINED
base|tilt=skip_after_loss|H=on,333,196,1.5012592894546382,294.246820733109,-2.0921526750499027,140.64309179830317,68.87755102040816,213.04546006089032,81.20136067221873,COMBINED
base|tilt=half_after_loss|H=off,333,333,1.4539341917180915,484.1600858421245,-4.5,107.59113018713877,58.85885885885885,370.6986703458132,113.46141549631132,COMBINED
base|tilt=half_after_loss|H=on,333,333,1.047597904763582,348.8501022862728,-3.681771396368134,94.75061450865589,58.85885885885885,256.23742188433573,92.612680401937,COMBINED
base|tilt=half_after_2stops_7d|H=off,333,333,1.6291377747985412,542.5028790079142,-6.0,90.41714650131904,58.85885885885885,414.17767298920364,128.32520601871053,COMBINED
base|tilt=half_after_2stops_7d|H=on,333,333,1.1918216339966288,396.87660412087735,-4.681771396368134,84.77060721690786,58.85885885885885,290.852603989222,106.02400013165531,COMBINED
wick_p0.5|tilt=none|H=off,333,333,0.36582976616511614,121.82131213298368,-4.254026871796562,28.636704892636484,80.18018018018019,78.55739782171433,43.26391431126935,COMBINED
wick_p0.5|tilt=none|H=on,333,333,0.26278782102586873,87.5083444016143,-3.9049145657005724,22.409797430719106,80.18018018018019,52.842657798198445,34.66568660341586,COMBINED
wick_p0.5|tilt=skip_after_loss|H=off,333,267,0.40908469899844474,109.22561463258474,-2.555802259604583,42.736332289448484,82.77153558052434,71.26391152410847,37.96170310847628,COMBINED
wick_p0.5|tilt=skip_after_loss|H=on,333,267,0.28537947664736846,76.19632026484737,-2.8094428309119603,27.121505882400758,82.77153558052434,47.05106575046342,29.145254514383947,COMBINED
wick_p0.5|tilt=half_after_loss|H=off,333,333,0.34691730745580845,115.52346338278421,-3.4049145657005724,33.92844700025972,80.18018018018019,74.9106546729114,40.612808709872816,COMBINED
wick_p0.5|tilt=half_after_loss|H=on,333,333,0.245802799799492,81.85233233323083,-3.2303584126525813,25.338467710775934,80.18018018018019,49.94686177433093,31.9054705588999,COMBINED
wick_p0.5|tilt=half_after_2stops_7d|H=off,333,333,0.3645274583678665,121.38764363649955,-3.7540268717965617,32.33531559096357,80.18018018018019,78.1237293252302,43.26391431126935,COMBINED
wick_p0.5|tilt=half_after_2stops_7d|H=on,333,333,0.2618709912945057,87.2030401010704,-3.4049145657005724,25.610933378332238,80.18018018018019,52.537353497654564,34.66568660341586,COMBINED
wick_p1|tilt=none|H=off,333,333,0.6862899805587775,228.53456352607293,-5.0,45.706912705214584,74.17417417417418,161.72454709531888,66.81001643075408,COMBINED
wick_p1|tilt=none|H=on,333,333,0.4790214325558849,159.51413704110968,-3.3695997920138296,47.33919363930653,74.17417417417418,108.58497101109995,50.92916603000975,COMBINED
wick_p1|tilt=skip_after_loss|H=off,333,247,0.7596315338691482,187.62898886567962,-3.0,62.54299628855987,78.13765182186235,136.19370702091496,51.435281844764695,COMBINED
wick_p1|tilt=skip_after_loss|H=on,333,247,0.5078102300981135,125.42912683423404,-2.7745267357703796,45.207395271109974,78.13765182186235,88.7552354089352,36.673891425298834,COMBINED
wick_p1|tilt=half_after_loss|H=off,333,333,0.6248701987864154,208.0817761958763,-3.184799896006922,65.33590272241834,74.17417417417418,148.9591270581169,59.12264913775938,COMBINED
wick_p1|tilt=half_after_loss|H=on,333,333,0.4278427385515672,142.47163193767187,-2.7876267588045778,51.10857523794477,74.17417417417418,98.67010321001757,43.8015287276543,COMBINED
wick_p1|tilt=half_after_2stops_7d|H=off,333,333,0.6851869335389812,228.16724886848073,-4.0,57.04181221712018,74.17417417417418,161.35723243772668,66.81001643075408,COMBINED
wick_p1|tilt=half_after_2stops_7d|H=on,333,333,0.47650055769345195,158.6746857119195,-2.934799896006922,54.06661146738205,74.17417417417418,107.74551968190974,50.92916603000975,COMBINED
wick_p2|tilt=none|H=off,333,333,0.9372031408524154,312.08864590385434,-7.0,44.584092271979195,63.06306306306306,230.9495606831061,81.13908522074824,COMBINED
wick_p2|tilt=none|H=on,333,333,0.691377335391875,230.22865268549435,-5.5,41.859755033726245,63.06306306306306,164.7416737069119,65.48697897858244,COMBINED
wick_p2|tilt=skip_after_loss|H=off,333,210,1.1718274491480436,246.08376432108918,-3.0,82.02792144036306,70.47619047619048,183.59103501318393,62.49272930790527,COMBINED
wick_p2|tilt=skip_after_loss|H=on,333,210,0.8418378196337637,176.78594212309042,-2.7745267357703938,63.71751255588563,70.47619047619048,127.6005584666113,49.1853836564791,COMBINED
wick_p2|tilt=half_after_loss|H=off,333,333,0.8380967120494648,279.08620511247176,-4.0,69.77155127811794,63.06306306306306,207.27029784814502,71.81590726432675,COMBINED
wick_p2|tilt=half_after_loss|H=on,333,333,0.6111330252381153,203.5072974042924,-3.4403613844376935,59.152883858320145,63.06306306306306,146.17111608676163,57.33618131753077,COMBINED
wick_p2|tilt=half_after_2stops_7d|H=off,333,333,0.9333828059916718,310.8164743952267,-6.0,51.80274573253778,63.06306306306306,227.17738917447846,83.63908522074824,COMBINED
wick_p2|tilt=half_after_2stops_7d|H=on,333,333,0.6855189442863767,228.27780844736344,-4.5,50.72840187719188,63.06306306306306,160.790829468781,67.48697897858244,COMBINED
wick_p3|tilt=none|H=off,333,333,1.1899828539561745,396.2642903674061,-7.0,56.60918433820087,60.66066066066066,295.1606453218087,101.10364504559743,COMBINED
wick_p3|tilt=none|H=on,333,333,0.8658092269313786,288.3144725681491,-5.5,52.420813194208925,60.66066066066066,207.32636145131065,80.98811111683845,COMBINED
wick_p3|tilt=skip_after_loss|H=off,333,202,1.4534325308741838,293.5933712365851,-3.1843053500998337,92.2001312554339,68.31683168316832,219.57612642645825,74.01724481012685,COMBINED
wick_p3|tilt=skip_after_loss|H=on,333,202,1.02836848763272,207.73043450180944,-2.092152675049917,99.29028458539871,68.31683168316832,149.25803235011887,58.472402151690574,COMBINED
wick_p3|tilt=half_after_loss|H=off,333,333,1.0358223147207075,344.9288308019956,-4.0,86.2322077004989,60.66066066066066,257.3683858741334,87.56044492786214,COMBINED
wick_p3|tilt=half_after_loss|H=on,333,333,0.7448121727777155,248.02245353497926,-3.0,82.67415117832643,60.66066066066066,178.29219690071477,69.7302566342645,COMBINED
wick_p3|tilt=half_after_2stops_7d|H=off,333,333,1.1764314688400974,391.75167912375247,-6.0,65.29194652062542,60.66066066066066,288.14803407815504,103.60364504559743,COMBINED
wick_p3|tilt=half_after_2stops_7d|H=on,333,333,0.854175622184659,284.44048218749145,-4.5,63.20899604166477,60.66066066066066,201.45237107065302,82.98811111683845,COMBINED
