position_id,symbol,side_sign,outcome,dist_hvn_pct,dist_lvn_pct,dist_fib_norm,dist_fib_pct,touch_density_pct
UNIUSDT-2026-05-07-long,UNIUSDT,1,win,5.226142278773857,0.7865818392134085,0.003823008849558398,0.04997108155004036,0.37230081906180196
ETHUSDT-2026-05-07-long,ETHUSDT,1,loss,0.6580025553662722,2.0460093696763253,0.01614993372281464,0.1401013628620151,2.1593447505584513
BTCUSDT-2026-05-07-long,BTCUSDT,1,loss,3.741944785276071,0.7512110429447776,0.04709256723655013,0.4599874846625822,2.2338049143708116
ZROUSDT-2026-05-07-long,ZROUSDT,1,win,0.19947097124254493,4.137208355941402,0.020800750703784933,0.4510309278350546,0.7446016381236039
BTCUSDT-2026-05-08-long,BTCUSDT,1,win,1.6474580138507804,0.6494313252528691,0.0029284610649823206,0.02922682299372245,1.4147431124348473
AVNTUSDT-2026-05-08-long,AVNTUSDT,1,win,2.44779509179233,2.7985616049460393,0.04735449735449698,1.129266292347477,0.8190618019359642
SNXUSDT-2026-05-08-long,SNXUSDT,1,win,8.726375176304652,1.9901269393511927,0.1821742043551088,3.067926657263749,0.0
STABLEUSDT-2026-05-09-long,STABLEUSDT,1,win,2.2824515755998998,5.795027464585138,0.0543307086614181,0.9973980919340995,0.14892032762472077
ETHUSDT-2026-05-09-long,ETHUSDT,1,win,0.05361785329602223,3.2256318860766617,0.043914772448329135,0.38693965125685803,8.488458674609085
ZROUSDT-2026-05-11-long,ZROUSDT,1,win,0.2798537774167399,3.9021121039804867,0.011939393939393928,0.20804224207960995,1.4892032762472078
BTCUSDT-2026-05-11-short,BTCUSDT,-1,win,0.8849078133591666,0.11017021318009751,0.13537626088158175,1.3110134934576527,0.37230081906180196
BTCUSDT-2026-05-11-long,BTCUSDT,1,win,0.09352499314088616,1.4806263919064846,0.026493926413506164,0.26065906849477405,3.7230081906180192
BTCUSDT-2026-05-12-long,BTCUSDT,1,loss,0.1937691358024618,1.3731320987654243,0.015715979750523894,0.15445703703703154,3.276247207743857
XRPUSDT-2026-05-12-long,XRPUSDT,1,win,2.199075670828441,2.766365454921702,0.02686552567237191,0.3031799682693001,1.0424422933730455
ETHUSDT-2026-05-13-long,ETHUSDT,1,unknown,0.7627780200610503,2.4351460968163976,0.01786823113554923,0.15872568687309305,2.2338049143708116
SOLUSDT-2026-05-13-long,SOLUSDT,1,win,7.567779755050771,1.35611849680729,0.0480175953079183,0.8570082696535192,0.7446016381236039
BTCUSDT-2026-05-13-long,BTCUSDT,1,win,0.95618492174054,0.04788460774416522,0.05476905297272855,0.5499193724864995,0.37230081906180196
SOLUSDT-2026-05-14-long,SOLUSDT,1,win,2.8650192202086875,0.7220208676551453,0.05043050430504349,0.9006040637012711,0.7446016381236039
ENSUSDT-2026-05-14-long,ENSUSDT,1,win,5.583478260869574,2.5782608695652067,0.05013296398891931,1.5737391304347714,0.4467609828741623
BTCUSDT-2026-05-14-long,BTCUSDT,1,loss,0.14227921279212205,4.492495694956956,0.01319098785798098,0.10917367773677317,4.7654504839910645
HBARUSDT-2026-05-15-long,HBARUSDT,1,loss,2.1629746835443004,3.3794303797468395,0.004091127098321177,0.05398734177214968,1.5636634400595681
ETHUSDT-2026-05-16-long,ETHUSDT,1,breakeven,5.062518115025239,0.48176995873223816,0.1639656514769855,1.9765404097331047,0.0
BTCUSDT-2026-05-16-long,BTCUSDT,1,unknown,2.680019230769241,0.0008192307692250977,0.1838716532428146,1.173643333333334,0.967982129560685
BTCUSDT-2026-05-16-long-2,BTCUSDT,1,unknown,2.5847121972596514,0.09433082226974483,0.12991574355736613,0.8701246647608333,2.1593447505584513
BTCUSDT-2026-05-18-long,BTCUSDT,1,win,4.3684220132534115,0.3512626996781322,0.2077202849400438,1.6688909545308268,0.07446016381236038
BOMEUSDT-2026-05-18-long,BOMEUSDT,1,win,0.14138046015338715,6.88362787595867,0.0037091988130560673,0.08336112037345081,2.6061057334326136
ZECUSDT-2026-05-18-long,ZECUSDT,1,win,1.12146742614334,9.96016410556969,0.03431214816724679,1.4624407040421985,0.8190618019359642
SUIUSDT-2026-05-19-long,SUIUSDT,1,win,0.23607748184021007,3.2617805922890533,0.06139936102236457,2.6845781337306907,1.0424422933730455
BTCUSDT-2026-05-21-long,BTCUSDT,1,loss,0.27623528679001064,1.2800048270877546,0.05097624994182519,0.4264033914184084,2.084884586746091
WLDUSDT-2026-05-22-long,WLDUSDT,1,win,4.073591549295754,0.8066901408450856,0.0509408369408367,1.2430281690140788,0.07446016381236038
XPLUSDT-2026-05-22-long,XPLUSDT,1,loss,0.0629213483146073,2.2741573033707843,0.054292682926829226,2.0008988764044933,0.6701414743112435
AVAXUSDT-2026-05-22-long,AVAXUSDT,1,loss,0.9839063643013987,0.636952659630056,0.028702772404900097,0.465231476643328,0.22338049143708116
BEATUSDT-2026-05-23-short,BEATUSDT,-1,win,7.857398058252446,25.99984466019418,0.11660463045414082,8.136512621359232,0.0
JCTUSDT-2026-05-23-short,JCTUSDT,-1,win,1.5905000000000085,10.8515,0.02291350826044683,1.1788999999999896,0.29784065524944153
HYPEUSDT-2026-05-23-long,HYPEUSDT,1,win,4.575003182338936,2.552272189994727,0.0692958850424558,3.0868178429197464,0.4467609828741623
SUIUSDT-2026-05-23-long,SUIUSDT,1,win,4.474236069502694,0.7109047333732871,0.16754749248902204,7.239644497703199,0.0
BTCUSDT-2026-05-23-long,BTCUSDT,1,win,2.082576212944105,0.33309617911304157,0.0936642807833453,1.028464623682801,0.29784065524944153
FILUSDT-2026-05-23-long,FILUSDT,1,win,0.7717277486910982,3.2869109947643893,0.04681733746130022,1.5834554973821957,1.1913626209977661
BTCUSDT-2026-05-24-long,BTCUSDT,1,win,0.011255351470785564,2.355401500366103,0.07304627644757768,0.7857975938901428,6.626954579300075
WLDUSDT-2026-05-25-long,WLDUSDT,1,win,3.028779358253408,1.5865034733708125,0.08900000000000016,2.567251075090973,0.14892032762472077
TAOUSDT-2026-05-26-long,TAOUSDT,1,loss,0.22647579799731213,13.928026605935717,0.0409257729021224,1.0384195495788493,2.0104244229337302
RENDERUSDT-2026-05-26-long,RENDERUSDT,1,loss,17.204029147021004,1.4903557651092998,0.2009067103109656,5.26163737676811,0.0
BTCUSDT-2026-05-27-long,BTCUSDT,1,loss,1.1542582345190975,0.8998656126482112,0.0036155168432663236,0.037133596837942394,1.7870439314966493
BTCUSDT-2026-05-28-long,BTCUSDT,1,loss,4.83868599366705,0.24593115781528485,0.1632771484605241,2.0830330921559908,0.0
ETHUSDT-2026-05-28-long,ETHUSDT,1,win,6.137579656277189,0.45421304376254257,0.14957430901676455,2.656517606111963,0.8935219657483247
ADAUSDT-2026-05-28-long,ADAUSDT,1,win,4.620145113102849,2.5501493811353,0.090190476190476,2.0209133589415234,0.07446016381236038
NEARUSDT-2026-05-29-long,NEARUSDT,1,not_taken,0.845312500000004,14.551562500000006,0.061725593667546236,3.655312500000004,0.0
XPLUSDT-2026-05-30-long,XPLUSDT,1,win,5.254901960784323,1.8213507625272254,0.019931034482759295,0.5037037037037206,0.14892032762472077
SOLUSDT-2026-05-31-long,SOLUSDT,1,loss,0.32156246220825013,1.3023340186237693,0.03921331689272555,0.38459305841093744,2.2338049143708116
RAYUSDT-2026-06-01-long,RAYUSDT,1,win,0.8793718772305572,0.4225553176302588,0.07803508771929839,1.2699500356887958,2.9039463886820553
BNBUSDT-2026-06-01-long,BNBUSDT,1,win,2.389407086579249,0.05612795458912283,0.02478683252940719,0.43297905364455497,0.0
BTCUSDT-2026-06-01-long,BTCUSDT,1,breakeven,2.687226018633869,0.26061841658171087,0.09924524843606843,1.0448555475851935,0.22338049143708116
FETUSDT-2026-06-02-long,FETUSDT,1,unknown,0.15253623188405965,2.05833333333333,0.08813962635201593,3.247753623188413,0.5956813104988831
BTCUSDT-2026-06-02-long,BTCUSDT,1,unknown,5.904524495677241,1.2431181556195994,0.24533956679039676,3.0095458213256556,0.0
SEIUSDT-2026-06-02-long,SEIUSDT,1,unknown,0.07149253731343805,7.636865671641773,0.02484660961158588,0.563313432835805,1.6381236038719285
NEARUSDT-2026-06-02-long,NEARUSDT,1,win,3.7340143776011923,10.02837684449491,0.025456754824875406,1.347483919788146,0.22338049143708116
BTCUSDT-2026-06-03-long,BTCUSDT,1,loss,9.117781575037135,1.9314338781575193,0.06261437184596998,1.192827043090634,0.37230081906180196
DEXEUSDT-2026-06-03-short,DEXEUSDT,-1,win,2.227285408723143,0.9253231656281878,0.05838938053097351,3.0679810285501747,0.07446016381236038
PHAUSDT-2026-06-03-long,PHAUSDT,1,win,26.025789473684203,11.088947368421044,0.0065636007827788116,0.5295789473684168,0.5956813104988831
BTCUSDT-2026-06-04-long-a,BTCUSDT,1,win,15.730519969379081,0.6287592659218519,0.17863328857343824,4.4277452249893425,0.07446016381236038
BTCUSDT-2026-06-04-long-b,BTCUSDT,1,win,6.626023740575855,0.31117089132403075,0.13233758658403252,3.5309676740359097,0.22338049143708116
DEXEUSDT-2026-06-05-short,DEXEUSDT,-1,loss,6.763208919049932,4.022055259331075,0.026584269662921184,1.4335918565196228,0.0
BTCUSDT-2026-06-05-long,BTCUSDT,1,win,2.1172150882825065,9.761934189406096,0.14154637114553636,3.8645794542536147,0.37230081906180196
BTCUSDT-2026-06-08-short,BTCUSDT,-1,win,0.5169795478668611,2.322701709361088,0.0011780429644523626,0.03545363813506643,1.340282948622487
BEATUSDT-2026-06-09-short,BEATUSDT,-1,loss,69.6915,22.154785714285705,0.09567040813566656,8.421957142857142,0.07446016381236038
BTCUSDT-2026-06-09-long,BTCUSDT,1,win,1.1271221498371333,3.483903908794786,0.08574029621357467,2.525889576547236,0.8190618019359642
BEATUSDT-2026-06-09-short-2,BEATUSDT,-1,unknown,8.358000000000008,30.639446808510634,0.1415286757038581,12.128706382978717,0.07446016381236038
ALLOUSDT-2026-06-10-short,ALLOUSDT,-1,loss,33.93908235294117,15.060352941176502,0.07123738088698273,7.933162352941189,0.14892032762472077
BTCUSDT-2026-06-10-long-a,BTCUSDT,1,win,0.23190671031096516,3.0265875613747877,0.0957018535328394,2.6745613747954162,1.2658227848101267
INJUSDT-2026-06-10-long,INJUSDT,1,win,6.350972762645929,5.658365758754851,0.07092068429237969,3.5487937743190776,0.37230081906180196
WLDUSDT-2026-06-10-long,WLDUSDT,1,loss,3.1533057851239663,19.39876033057852,0.030702853945159536,2.2671900826446314,0.4467609828741623
BTCUSDT-2026-06-10-long-b,BTCUSDT,1,win,0.49085209003215063,4.162138263665593,0.022718043038440546,0.5957459807074015,1.340282948622487
SOLUSDT-2026-06-11-long,SOLUSDT,1,win,1.102369668246447,3.322274881516579,0.073897172236504,2.7247393364928962,0.8935219657483247
BTCUSDT-2026-06-12-long,BTCUSDT,1,win,0.022368520548981884,1.939655878609152,0.07506665965516549,1.7990544696081745,2.6061057334326136
BTCUSDT-2026-06-13-long,BTCUSDT,1,win,0.03259842519684581,1.878582677165345,0.07736453526697447,1.848220472440949,3.5740878629932986
RENDERUSDT-2026-06-14-long,RENDERUSDT,1,win,4.77001703577512,3.3253833049403845,0.025939393939394095,1.1666098807495808,0.6701414743112435
PYTHUSDT-2026-06-14-long,PYTHUSDT,1,win,1.198209718670086,6.661125319693101,0.060906367041198804,2.0795396419437444,0.07446016381236038
BTCUSDT-2026-06-15-short,BTCUSDT,-1,win,3.7691419939577018,2.9916435045317122,0.022749819020296144,0.512688821752257,0.29784065524944153
ZECUSDT-2026-06-15-short,ZECUSDT,-1,not_taken,17.83115094339623,2.9379433962264154,0.07654653254617799,5.700116981132088,0.22338049143708116
XMRUSDT-2026-06-15-long,XMRUSDT,1,unknown,2.501624649859937,7.484705882352953,0.02486872812135374,0.9551820728291386,0.7446016381236039
WLDUSDT-2026-06-16-long,WLDUSDT,1,unknown,20.233307868601983,0.21986249045070394,0.14883372522673793,6.769717341482032,0.07446016381236038
PORTALUSDT-2026-06-16-short,PORTALUSDT,-1,win,0.06253832004903988,17.46535867565911,0.0565749718151072,6.15352544451258,0.6701414743112435
HBARUSDT-2026-06-17-long,HBARUSDT,1,loss,0.0869137018343026,4.263203250030769,0.006405705229793878,0.09951988181706106,3.1273268801191363
BTCUSDT-2026-06-17-long,BTCUSDT,1,breakeven,1.5393510616113082,0.02390305314621887,0.07389275142500686,0.9331718582252679,0.5956813104988831
LDOUSDT-2026-06-17-long,LDOUSDT,1,unknown,8.420833333333333,4.362500000000007,0.03454237288135582,0.8491666666666641,0.29784065524944153
BTCUSDT-2026-06-17-long-2,BTCUSDT,1,win,0.11415279115023348,4.736846073258935,0.056889840252464324,0.7305118954314012,4.318689501116903
ETHUSDT-2026-06-18-long,ETHUSDT,1,loss,3.6259771428571446,4.658342857142855,0.07216953473550025,1.423513142857142,1.1169024571854058
LABUSDT-2026-06-18-long,LABUSDT,1,win,15.870208559219346,1.0695197397793248,0.0015477031802120262,0.11453536577587944,0.0
BTCUSDT-2026-06-18-long,BTCUSDT,1,win,0.19282088699956434,4.601862191485318,0.01513075812804232,0.19621216927859447,2.2338049143708116
BTCUSDT-2026-06-23-long,BTCUSDT,1,loss,0.6984913112164362,1.735379146919424,0.015364211167822179,0.15930963665087008,3.87192851824274
JUPUSDT-2026-06-24-long,JUPUSDT,1,loss,0.22429906542056458,15.252336448598133,0.058202898550724594,2.251962616822428,0.5212211466865228
BTCUSDT-2026-06-24-long,BTCUSDT,1,win,5.88324441900013,2.1025495530640317,0.21971578657728158,2.9667083795637135,0.07446016381236038
TOSHIUSDT-2026-06-25-long,TOSHIUSDT,1,win,11.41598546775658,4.845594913714819,0.02097050938337749,0.7104450499545689,0.6701414743112435
BTCUSDT-2026-06-25-long,BTCUSDT,1,breakeven,2.1728239060553647,0.29968442413526647,0.05360133733557815,0.7171627231927802,0.37230081906180196
BTCUSDT-2026-06-25-long-2,BTCUSDT,1,win,6.76879166922567,1.1762271309735834,0.2681279254215782,3.7488068185695473,0.0
BTCUSDT-2026-06-26-long,BTCUSDT,1,breakeven,0.028719063545148943,0.27982274247492067,0.022138400502959232,0.3415311036789297,0.5956813104988831
BEATUSDT-2026-06-27-long,BEATUSDT,1,win,9.722846153846161,133.13546153846153,0.0726926906595991,22.575553846153802,0.07446016381236038
BTCUSDT-2026-06-27-long,BTCUSDT,1,not_taken,0.3619566666666651,2.207036666666669,0.0004591237236325774,0.007059333333333295,1.0424422933730455
BTCUSDT-2026-06-29-short,BTCUSDT,-1,win,0.31693314813857676,2.4704991754609122,0.0033966657272311816,0.05224959940239428,2.5316455696202533
BTCUSDT-2026-06-30-long,BTCUSDT,1,win,1.3715714134274415,0.0628182374645608,0.15962055976732054,2.2895807899983334,0.0
HYPEUSDT-2026-06-30-long,HYPEUSDT,1,loss,1.5671141975308638,6.6279475308642,0.03626203414018321,1.0195339506172807,0.22338049143708116
BTCUSDT-2026-06-30-long-2,BTCUSDT,1,win,1.5686785089605249,5.880214552350675,0.17314985934296542,2.488472864883764,0.37230081906180196
JUPUSDT-2026-07-01-short,JUPUSDT,-1,win,7.268907563025202,0.21008403361344558,0.17233333333333314,4.344537815126046,0.07446016381236038
BTCUSDT-2026-07-01-short,BTCUSDT,-1,loss,0.2102414654454621,3.251114071606985,0.050577511950673414,0.729444796003334,4.244229337304542
ETHUSDT-2026-07-02-short,ETHUSDT,-1,loss,4.737358604091465,5.5877436823104745,0.05435549919814973,0.8769157641395844,1.4147431124348473
ETHUSDT-2026-07-02-short-2,ETHUSDT,-1,breakeven,6.976198589894252,2.791169212690948,0.07317413195091889,1.1527720329024613,1.4147431124348473
XRPUSDT-2026-07-03-long,XRPUSDT,1,win,2.829530818767263,2.885280588776452,0.008048937540244517,0.11499540018399018,0.8190618019359642
ETHUSDT-2026-07-04-short,ETHUSDT,-1,unknown,10.033576916083286,0.6316540140012835,0.14254212508857647,2.1717781161923826,0.8935219657483247
TAOUSDT-2026-07-04-long,TAOUSDT,1,win,0.11532125205932359,6.01317957166391,0.017268817204301627,0.3779712873617443,3.1273268801191363
ZECUSDT-2026-07-04-short,ZECUSDT,-1,win,11.53678259014295,1.0179005760614552,0.14021822519959576,3.2599914657563374,0.8190618019359642
HYPEUSDT-2026-07-05-long,HYPEUSDT,1,win,6.4611772573306245,1.0435838167095506,0.028841369157158073,0.5695989067701636,0.7446016381236039
OPUSDT-2026-07-06-short,OPUSDT,-1,win,0.9990627928772234,2.4873477038425524,0.03868817204301078,0.6744142455482669,3.052866716306776
MEUSDT-2026-07-06-long,MEUSDT,1,win,1.142702031952857,4.901659686675972,0.02744078567302155,0.7367767954087222,1.2658227848101267
XLMUSDT-2026-07-06-short,XLMUSDT,-1,win,0.20718581029864758,7.332356359593711,0.0032765957446811763,0.07782101167315944,0.967982129560685
AVAXUSDT-2026-07-08-short,AVAXUSDT,-1,loss,0.06323987538940737,3.5691588785046746,0.024518010291595237,0.4452959501557641,2.3827252419955323
SOLUSDT-2026-07-09-long,SOLUSDT,1,breakeven,3.4626444159178273,2.123491655969195,0.0756299292214364,1.9203594351733129,1.1169024571854058
BTCUSDT-2026-07-09-long,BTCUSDT,1,win,0.8677176462401478,1.7639360492425247,0.0031336016038534787,0.034360642670631034,2.4571854058078926
GENIUSUSDT-2026-07-10-long,GENIUSUSDT,1,win,6.78740381875179,1.9951553149045256,0.03767447595561087,0.8707324023938562,1.1169024571854058
BTCUSDT-2026-07-13-long,BTCUSDT,1,win,0.07090197752622555,2.8006974069460293,0.06241959817114541,0.689400306489489,4.988830975428146
EIGENUSDT-2026-07-14-long,EIGENUSDT,1,unknown,2.7302904564315478,5.857261410788389,0.04077707006369474,1.0625726141078962,0.8935219657483247
TRIAUSDT-2026-07-14-long,TRIAUSDT,1,win,2.87498527159184,79.84918110050667,0.17296399706098461,55.47401908801699,0.07446016381236038
BTCUSDT-2026-07-15-short,BTCUSDT,-1,win,1.6588025064720389,0.5515587234594266,0.21381366632366508,2.367438527600116,0.07446016381236038
BTCUSDT-2026-07-17-long-scalp,BTCUSDT,1,win,0.09244532488113902,2.419478605388271,0.04150707388797572,0.28408335974643517,3.9463886820551006
BTCUSDT-2026-07-17-long-swing,BTCUSDT,1,win,0.32102769085788346,2.6427368617449307,0.042987473082177874,0.2935423837886834,2.9784065524944157
ZECUSDT-2026-07-18-long,ZECUSDT,1,win,0.9464705882353035,3.5052941176470607,0.08198308668076099,2.281058823529408,0.7446016381236039
BTCUSDT-2026-07-21-short,BTCUSDT,-1,win,2.177549264640284,0.2279380746533103,0.21673609693600335,1.509111142359033,0.07446016381236038
ZECUSDT-2026-07-21-short,ZECUSDT,-1,win,0.010180787216022011,3.557218601568537,0.05239953760566419,1.3352148459074302,1.2658227848101267
ENAUSDT-2026-07-22-short,ENAUSDT,-1,loss,5.2716147308781816,11.997507082152985,0.20183610755441672,3.5724419263455993,0.14892032762472077
NEARUSDT-2026-07-23-long,NEARUSDT,1,loss,1.4339925173703854,0.763762693746655,0.1283968871595326,1.76365579903794,1.4892032762472078
XRPUSDT-2026-07-23-long,XRPUSDT,1,win,0.43319179691027937,1.8434366248080232,0.013004484304932307,0.1309964766464858,5.361131794489948
BTCUSDT-2026-07-23-long,BTCUSDT,1,win,0.10369267099341722,3.056091556632532,0.03487344913151404,0.27548143632168637,4.616530156366344
INJUSDT-2026-07-24-long,INJUSDT,1,loss,4.3533582089552425,1.516791044776114,0.07097940503432487,1.1573880597014923,1.4892032762472078
BTCUSDT-2026-07-24-long,BTCUSDT,1,win,0.3622547476573979,3.536777190776207,0.02435474101717318,0.19328667988840728,5.956813104988831
BNBUSDT-2026-07-25-long,BNBUSDT,1,win,0.4945531072047602,0.4811127223853173,0.06323980424143648,0.3427828670463033,5.063291139240507
EDUUSDT-2026-07-25-long,EDUUSDT,1,win,4.377185185185187,1.8314074074074174,0.19910242085661134,3.167940740740749,0.0
BTCUSDT-2026-07-27-short,BTCUSDT,-1,win,0.5943894880338814,2.321003537621931,0.04773533147066303,0.37463860899540535,3.7230081906180192
ZECUSDT-2026-07-27-short,ZECUSDT,-1,win,2.7808216448836545,3.6763826904686088,0.03541684665226814,0.8167636276697551,0.5956813104988831
BTCUSDT-2026-07-28-long,BTCUSDT,1,win,1.2908513645478812,0.7026974412056569,0.019580073625972586,0.14395121403056466,0.6701414743112435
SOLUSDT-2026-07-28-long,SOLUSDT,1,unknown,3.7943708156852085,0.10862139636561813,0.15119806763285043,1.282880174887283,1.340282948622487
BTCUSDT-2026-07-29-long,BTCUSDT,1,not_taken,0.030969451371563813,2.2349594763092226,0.007503507580901342,0.05168017456359584,5.956813104988831
BTCUSDT-2026-07-29-long-2,BTCUSDT,1,win,0.23642703232124637,1.7025661116552355,0.08185879158180497,0.5668701273261457,3.201787043931496
BTCUSDT-2026-07-30-short,BTCUSDT,-1,win,0.3710923076922952,2.6202307692307825,0.05341525231952951,0.36314153846154046,3.3507073715562177
BTCUSDT-2026-07-31-long,BTCUSDT,1,loss,0.00880113805125085,1.528568525379477,0.050725956098665474,0.35041660804452635,10.349962769918093
BNBUSDT-2026-07-31-long,BNBUSDT,1,breakeven,2.5494544834640327,0.03878281622913012,0.0304390124663904,0.21228435049437952,0.6701414743112435
ARKMUSDT-2026-07-31-long,ARKMUSDT,1,win,8.703125000000002,2.4322916666666705,0.03260465116279102,0.7302083333333408,0.07446016381236038
UNIUSDT-2026-07-31-short,UNIUSDT,-1,win,8.87405660377359,0.6240566037735884,0.07330703259005134,2.015943396226412,0.07446016381236038
HYPEUSDT-2026-08-01-long,HYPEUSDT,1,win,4.823263358778633,0.6687977099236546,0.13477391376866021,3.0841106870229096,0.29784065524944153
BTCUSDT-2026-08-01-long,BTCUSDT,1,win,2.3642707115239707,0.0537622195951723,0.19144594115561783,1.3823046024542334,0.37230081906180196
ZECUSDT-2026-08-02-long,ZECUSDT,1,win,0.19463569165786954,9.859514255543822,0.012458149779735656,0.2866821541710659,2.1593447505584513
ETHUSDT-2026-08-02-long,ETHUSDT,1,win,0.9841192266380232,0.9227443609022633,0.04245950802404167,0.36802040816327014,3.87192851824274
ZECUSDT-2026-08-03-long,ZECUSDT,1,breakeven,1.2556846473029115,7.991286307053948,0.07303354692800595,1.6079502074688772,0.8190618019359642
ETHUSDT-2026-08-04-long,ETHUSDT,1,win,0.15076057846813765,1.0151955008034295,0.07344036185637327,0.634844134975902,7.66939687267312
ETHUSDT-2026-08-05-long,ETHUSDT,1,win,0.04750658552094268,1.2547861909774356,0.06649098457153503,0.5733800687138355,6.850335070737155
ETHUSDT-2026-08-05-short,ETHUSDT,-1,win,2.234557291666673,0.9596197916666682,0.002162587520911345,0.018178124999993862,4.318689501116903
BTCUSDT-2026-08-06-short,BTCUSDT,-1,win,0.967438226749762,0.7801968808487914,0.0011423744086501684,0.006238917570559954,3.4996276991809383
TRADOORUSDT-2026-08-06-long,TRADOORUSDT,1,loss,24.434027777777764,0.3034722222222212,0.152551859099804,5.413472222222213,0.0
THETAUSDT-2026-08-07-short,THETAUSDT,-1,unknown,3.6126865671641877,1.8485074626865723,0.07026395939086306,1.0329850746268672,1.1169024571854058
ETHUSDT-2026-08-07-short,ETHUSDT,-1,win,0.19357908861127926,0.6457785082016633,0.015062767209864856,0.12643048086625044,3.9463886820551006
GRTUSDT-2026-08-10-short,GRTUSDT,-1,win,0.6286890871654133,6.932052161976668,0.04090196078431402,0.5726835964310267,2.6061057334326136
BTCUSDT-2026-08-10-long,BTCUSDT,1,win,0.06107957885232544,1.693203923062328,0.0180245244168541,0.09193207841735981,5.212211466865227
ETHUSDT-2026-08-10-long,ETHUSDT,1,win,0.13873255230305107,3.4354421863152393,0.007407634272056003,0.05295235857621123,5.658972449739389
HYPEUSDT-2026-08-13-short,HYPEUSDT,-1,win,5.284850042844908,0.28262210796914994,0.20659969850623477,2.5836469580119896,0.22338049143708116
ZECUSDT-2026-08-14-long,ZECUSDT,1,win,0.23267489711934608,5.586584362139919,0.033605906313645795,0.5432263374485621,3.052866716306776
ENSUSDT-2026-08-14-long,ENSUSDT,1,unknown,4.064667988107049,0.8991575817641049,0.1061832884097051,0.97606541129833,1.340282948622487
SOLUSDT-2026-08-16-long,SOLUSDT,1,win,0.7924302788844789,2.5483399734395666,0.04728452579035054,0.377397078353262,4.169769173492182
WLDUSDT-2026-08-17-short,WLDUSDT,-1,win,3.6413288288288443,0.5591216216216338,0.009396419437340608,0.20686936936937933,0.14892032762472077
BTCUSDT-2026-08-17-short,BTCUSDT,-1,loss,0.3524027993779178,1.5129160186625086,0.012430548607635076,0.0579673405909701,4.616530156366344
ZECUSDT-2026-08-18-short,ZECUSDT,-1,unknown,0.7402019002375226,3.8580166270783858,0.02497851592259644,0.3244932699920832,2.8294862248696946
HYPEUSDT-2026-08-19-short,HYPEUSDT,-1,unknown,5.718004012036109,0.013590772316941153,0.12286182276354528,1.4670712136409279,0.5956813104988831
BTCUSDT-2026-08-20-long,BTCUSDT,1,win,6.0158150921992375,0.48330516616698366,0.045931507193251564,0.529409415550596,0.22338049143708116
BTCUSDT-2026-08-20-short,BTCUSDT,-1,loss,10.342783149171275,0.4176864640883962,0.23514206271561802,3.15379419889504,0.0
ARBUSDT-2026-08-20-short,ARBUSDT,-1,unknown,9.905849268841397,1.9596175478065199,0.11771167294244197,2.461484814398197,0.29784065524944153
BTCUSDT-2026-08-21-long,BTCUSDT,1,breakeven,15.853952134540744,1.7198874514877078,0.08187766602426273,1.8082253557567873,0.14892032762472077
