position_id,symbol,side,side_sign,outcome,risk_dist_pct,is_btc,new_low_1d,new_high_1d,new_low_3d,new_high_3d,new_low_7d,new_high_7d,recovery_atr,min_since_4h_close,entry_vs_ema200_atr,stop_vs_ema200_atr,atr14_1h_pct,range_position,entry_vs_pdl_pct,entry_vs_pdh_pct,btc_ret_4h_pct,btc_ret_24h_pct,rs_24h_pct
UNIUSDT-2026-05-07-long,UNIUSDT,long,1,win,5.1475,False,0.0,0.0,0.0,0.0,0.0,0.0,0.539680728262498,214.71666666666667,2.1673954802757756,-0.4448722460212254,1.1252716978571469,0.5622119815668216,5.813953488372105,1.7957020900794933,-0.005166051660510096,0.27023793518976547,2.7988919813775937
ETHUSDT-2026-05-07-long,ETHUSDT,long,1,loss,2.385,False,1.0,0.0,0.0,0.0,0.0,0.0,0.8132689117374844,215.76666666666668,2.0494729581788684,0.45995731799595646,0.689165654329706,0.1468803663423004,0.17064846416382254,-2.120989795237782,-0.005166051660510096,0.27023793518976547,-1.1235083826179104
BTCUSDT-2026-05-07-long,BTCUSDT,long,1,loss,2.3313,True,1.0,0.0,0.0,0.0,0.0,0.0,1.9779750807301322,6.95,6.139766035143738,4.066666899168911,0.4989300296340894,0.8202627388534979,1.0524331938024516,-1.6041541156628043,,,
ZROUSDT-2026-05-07-long,ZROUSDT,long,1,win,7.7591,False,0.0,0.0,0.0,0.0,0.0,0.0,1.342100311071756,32.916666666666664,-3.255065339382361,-5.595424992558923,1.6626299471663668,0.642967542503862,6.45487364620938,-3.7597911227154106,-0.8004408438379573,-2.0094465202326717,3.251128622174093
BTCUSDT-2026-05-08-long,BTCUSDT,long,1,win,1.5852,True,1.0,0.0,1.0,0.0,0.0,0.0,0.8873503082904219,160.7,3.933578164417204,2.6114396525249686,0.5495983169313345,0.13649677797304915,-1.0995496657210344,-3.6995630741518375,,,
AVNTUSDT-2026-05-08-long,AVNTUSDT,long,1,win,10.9835,False,0.0,0.0,0.0,0.0,0.0,0.0,0.7637310716921467,223.1,3.09833471026367,-1.22056850695867,1.5694824911261513,0.4763157894736861,9.24190213645762,-2.1543209876543163,-0.5288454917299124,-2.006862629013484,10.328827158345
SNXUSDT-2026-05-08-long,SNXUSDT,long,1,win,12.5529,False,0.0,1.0,0.0,1.0,0.0,1.0,2.801125930906233,49.46666666666667,4.875369899934508,0.08006289287984084,1.4702933139650691,0.9166666666666661,10.60842433697347,2.2202998846597417,-0.07832191554452139,0.32243280875914326,5.740047859350983
STABLEUSDT-2026-05-09-long,STABLEUSDT,long,1,win,13.2697,False,0.0,1.0,0.0,0.0,0.0,0.0,2.995139244519237,51.083333333333336,5.2711844961643335,-1.2526666365230363,1.0327999257921858,0.9850746268656739,7.757009345794412,4.691283292978217,-0.19778293913663703,0.686507189050034,3.7993030031989727
ETHUSDT-2026-05-09-long,ETHUSDT,long,1,win,2.2377,False,0.0,0.0,0.0,0.0,0.0,0.0,0.38709025200206243,178.33333333333334,1.1080791234469893,-0.7086224360035136,0.4548257721615474,0.3951727401798327,2.1339294787115213,-0.38480432290813116,-0.16369688565118778,0.46801618013110335,0.8056738856995649
ZROUSDT-2026-05-11-long,ZROUSDT,long,1,win,7.257,False,0.0,1.0,0.0,1.0,0.0,1.0,1.1310549680925894,100.75,-3.0590483035777836,-5.65046287555981,1.58008669516203,0.42252252252252404,3.48161120840631,-2.2369291859695455,-0.796054030861082,-0.09088140100985687,1.7716117924886143
BTCUSDT-2026-05-11-short,BTCUSDT,short,-1,win,1.7605,True,1.0,1.0,0.0,1.0,0.0,0.0,4.8148635747339865,210.8,9.018784987861977,11.40563735756674,0.49737835740879793,0.8847186185917519,2.6508491508491545,1.4308418226328747,,,
BTCUSDT-2026-05-11-long,BTCUSDT,long,1,win,1.7478,True,0.0,0.0,0.0,0.0,0.0,0.0,0.7379400360491841,133.48333333333332,5.074448867202263,3.3184259192450853,0.5523378862369575,0.23623596999840027,0.858958106627466,-1.8752008537420983,,,
BTCUSDT-2026-05-12-long,BTCUSDT,long,1,loss,1.8519,True,0.0,0.0,0.0,0.0,0.0,0.0,0.2899798050325879,90.96666666666667,5.142980072541859,3.19005762092645,0.49982194997565743,-0.3905618802790944,0.7537875960892604,-1.639344262295082,,,
XRPUSDT-2026-05-12-long,XRPUSDT,long,1,win,3.4283,False,0.0,0.0,0.0,0.0,0.0,0.0,0.4414711709200043,1.4333333333333333,1.9732858048382833,-0.2661551397886637,0.7968740580914455,0.16545012165449954,0.7505733546459046,-2.573924731182796,-0.08229261024734758,-0.5228719518129976,-0.09483566658097242
ETHUSDT-2026-05-13-long,ETHUSDT,long,1,unknown,2.0933,False,0.0,0.0,0.0,0.0,0.0,0.0,1.9457374902860807,221.33333333333334,0.18386894548414803,-1.572474556518178,0.5634780093954648,0.7577903682719516,1.6783805955257924,-2.0001709547824675,0.5020257178087073,-0.2528824785930084,-0.6820967176878079
SOLUSDT-2026-05-13-long,SOLUSDT,long,1,win,2.125,False,0.0,0.0,0.0,0.0,0.0,0.0,1.9869207071410864,232.71666666666667,5.007927526433453,3.7308703693624063,0.7533828398122975,0.9935064935064902,2.116515232495996,-2.1509781829355674,0.5020257178087073,-0.2528824785930084,-1.094267780474345
BTCUSDT-2026-05-13-long,BTCUSDT,long,1,win,1.7461,True,1.0,0.0,1.0,0.0,0.0,0.0,0.08216592994425455,196.5,2.5714374996810405,0.7131916154863484,0.49274904069499587,-0.0439753969088394,-0.6474229646244962,-3.0247451909493064,,,
SOLUSDT-2026-05-14-long,SOLUSDT,long,1,win,3.899,False,0.0,0.0,0.0,0.0,0.0,0.0,1.1336292691936969,17.183333333333334,1.935216663810292,-0.22968906877214673,0.8622615214431728,-0.13793103448278396,0.9423503325942286,-5.126602063144735,-0.39758909010512156,-1.4574762928623808,-1.87408869387502
ENSUSDT-2026-05-14-long,ENSUSDT,long,1,win,8.6957,False,1.0,0.0,1.0,0.0,0.0,0.0,2.132415064995417,220.85,2.3983611381439967,-0.3449687018745625,1.1825742426182906,0.9850746268656755,2.7091396248883655,-5.660377358490562,0.5555345460046102,-1.4527040382676826,-1.8229883559401139
BTCUSDT-2026-05-14-long,BTCUSDT,long,1,loss,2.214,True,0.0,1.0,0.0,0.0,0.0,0.0,4.929719944932279,87.2,4.15233598627872,2.176659824900609,0.6192078980781092,0.7766487730061354,3.2855738129781527,0.036667806896012206,,,
HBARUSDT-2026-05-15-long,HBARUSDT,long,1,loss,6.1181,False,0.0,1.0,0.0,1.0,0.0,0.0,0.2080915365189161,239.6,1.9431051979638354,-1.2146372539377235,1.1152184006648702,0.39703459637561667,3.6858799081264335,-0.8160703075957345,-0.13614637084063963,2.549023806255035,-0.5622688393676079
ETHUSDT-2026-05-16-long,ETHUSDT,long,1,breakeven,1.3162,False,1.0,0.0,1.0,0.0,1.0,0.0,1.1307067663061285,118.66666666666667,-3.72739928842338,-4.7078686629969955,0.5712622068744777,0.1865130174989349,-1.3587166163690432,-5.468913088859508,-0.7726592058977189,-2.750157245773599,-0.09115726660259282
BTCUSDT-2026-05-16-long,BTCUSDT,long,1,unknown,0.3846,True,1.0,0.0,1.0,0.0,1.0,0.0,0.6854101000006473,118.66666666666667,0.30336784969814423,-0.054265701638679595,0.44536316324508424,0.11113580795732408,-0.7759826994021117,-4.439636478576105,,,
BTCUSDT-2026-05-16-long-2,BTCUSDT,long,1,unknown,1.4624,True,0.0,0.0,0.0,0.0,0.0,0.0,1.4003382590986357,29.766666666666666,0.35068905952690504,-1.0371574678032833,0.4338229324384392,0.2750485011577706,-0.7234448543442273,-4.3890384912243725,,,
BTCUSDT-2026-05-18-long,BTCUSDT,long,1,win,1.7009,True,1.0,0.0,1.0,0.0,1.0,0.0,0.9197710139232965,50.6,-1.4016576395734588,-3.10582449995165,0.44847142877371,-0.2947896832265947,0.050478699814777206,-2.366978385857197,,,
BOMEUSDT-2026-05-18-long,BOMEUSDT,long,1,win,11.6372,False,0.0,1.0,0.0,0.0,0.0,0.0,3.091904370762604,125.93333333333334,2.140028033199933,-0.9412240711745687,1.9411986747211711,0.9029535864978925,8.639739177685206,-0.7118026816752097,0.01638461718513895,-1.6004605641911307,4.327265571908512
ZECUSDT-2026-05-18-long,ZECUSDT,long,1,win,7.5075,False,0.0,0.0,0.0,0.0,0.0,0.0,1.5342417924154828,194.13333333333333,5.110363094123435,2.933143571188815,1.837215592588614,0.9815531091936922,9.961130243892622,-1.6039214979545455,-0.1940557654989239,-2.562568551201505,5.147324042132883
SUIUSDT-2026-05-19-long,SUIUSDT,long,1,win,5.9415,False,0.0,1.0,0.0,0.0,0.0,0.0,2.993163004994172,228.23333333333332,1.3521504371823656,-0.8114490390326184,1.3472063709755246,0.5842696629213491,5.089058524173033,0.8168247112947286,0.5209815867610601,0.13514339637856754,4.295113906774839
BTCUSDT-2026-05-21-long,BTCUSDT,long,1,loss,2.2904,True,0.0,1.0,0.0,1.0,0.0,0.0,0.07010935308972169,31.6,-0.7921236720064394,-3.174589728818421,0.4627072480769633,0.008977777777782952,0.7584493691573587,-0.9774393581562889,,,
WLDUSDT-2026-05-22-long,WLDUSDT,long,1,win,6.6901,False,0.0,1.0,0.0,1.0,0.0,1.0,1.8967695268939113,51.233333333333334,2.574267934786006,0.49332306732137865,2.079146631108628,0.6321839080459751,14.88673139158575,1.9382627422828285,-0.47993311036790276,-0.6157012159874298,11.33687360318375
XPLUSDT-2026-05-22-long,XPLUSDT,long,1,loss,6.0674,False,0.0,0.0,0.0,0.0,0.0,0.0,1.3310639203898993,83.21666666666667,-3.0102279744720324,-5.16703089377265,1.5194401103742083,0.6428571428571421,4.460093896713612,-3.9913700107874956,-0.49252833358454096,-0.8351725103064478,2.089448451013398
AVAXUSDT-2026-05-22-long,AVAXUSDT,long,1,loss,4.5877,False,0.0,1.0,0.0,1.0,0.0,0.0,1.7837512164831268,79.98333333333333,0.8830368536676183,-2.1852386513801547,0.726475292152434,0.9014084507042296,3.5381951958450544,0.5780954383014663,0.3284669642764637,0.3201543161928555,2.7332807983109664
BEATUSDT-2026-05-23-short,BEATUSDT,short,-1,win,7.9612,False,0.0,1.0,0.0,1.0,0.0,1.0,0.7960586460746898,93.61666666666666,6.3732936364546715,7.3186652165347095,7.083441627398956,0.4645042839657288,77.17077198293657,0.7827788649706464,0.23470314300431117,-2.723399540581728,78.04060032540843
JCTUSDT-2026-05-23-short,JCTUSDT,short,-1,win,6.5,False,0.0,1.0,0.0,1.0,0.0,0.0,0.47198620562780313,215.1,3.664285295794937,4.940609637313647,3.125091331934285,0.28363636363636335,29.2824822236587,-1.8645731108930246,-0.23152407440010236,-2.6077068203551046,31.215301757063962
HYPEUSDT-2026-05-23-long,HYPEUSDT,long,1,win,1.984,False,0.0,0.0,0.0,0.0,0.0,0.0,0.40783431577605744,225.86666666666667,4.255793622013695,3.8123377200437,2.2428106133985564,0.4902061855670111,1.1793928242870253,-11.244714161205977,-0.23152407440010236,-2.6077068203551046,-0.9726545390278285
SUIUSDT-2026-05-23-long,SUIUSDT,long,1,win,5.1328,False,1.0,0.0,1.0,0.0,1.0,0.0,0.8002920052534638,13.716666666666667,-1.1332239118213119,-2.506168425976363,1.74691578946986,0.2900432900432916,-3.730051913093631,-11.568350406216885,-1.3571590137977818,-3.611105007438564,-6.120438616722513
BTCUSDT-2026-05-23-long,BTCUSDT,long,1,win,3.9858,True,0.0,0.0,0.0,0.0,0.0,0.0,2.6730944483870718,136.78333333333333,-3.0323516354743103,-6.9490230110508975,0.4299305321543069,0.694776589049715,-0.1656886434242358,-3.4233336372871737,,,
FILUSDT-2026-05-23-long,FILUSDT,long,1,win,6.5969,False,0.0,0.0,0.0,0.0,0.0,0.0,1.5694185516591694,193.9,-1.3179386590056816,-3.574627604221827,1.4011258355882419,0.7187499999999996,0.42060988433228225,-7.9961464354528005,1.088130977389845,-1.6084009038947356,-5.176259863066912
BTCUSDT-2026-05-24-long,BTCUSDT,long,1,win,3.5888,True,0.0,0.0,0.0,0.0,0.0,0.0,0.6229131384272533,56.05,-0.8924435821556532,-4.344354181001299,0.5126387220659646,0.4083376488866051,3.4378385954320274,-0.868430909114384,,,
WLDUSDT-2026-05-25-long,WLDUSDT,long,1,win,7.3768,False,0.0,0.0,0.0,0.0,0.0,0.0,2.5642912397039868,68.76666666666667,2.8275612621028423,1.1279348571848586,2.0382224981574795,0.87709497206704,6.368754398311049,-3.4802043422732973,0.08441382163217881,0.8093676229513624,0.1863177404737959
TAOUSDT-2026-05-26-long,TAOUSDT,long,1,loss,3.1197,False,0.0,1.0,0.0,0.0,0.0,0.0,2.990027988057112,102.81666666666666,-0.2583062900349424,-1.3698217851705152,1.5813689736005472,0.21978021978021897,2.0774907749077474,-3.266076861209229,-0.047166062324366376,-0.831340408754222,4.996035155559719
RENDERUSDT-2026-05-26-long,RENDERUSDT,long,1,loss,8.7012,False,0.0,1.0,0.0,1.0,0.0,1.0,3.5793197330731514,226.5,5.59964820846654,3.05978723265516,2.2872736863659626,0.9605911330049262,18.366311516996454,2.3694602896007138,0.31201594139165234,-0.6671740790658798,14.832602508981674
BTCUSDT-2026-05-27-long,BTCUSDT,long,1,loss,3.1621,True,1.0,0.0,1.0,0.0,0.0,0.0,0.7362563195638381,18.5,-1.8378864466150673,-4.830350398786606,0.569952450517136,0.09090909090906477,0.34214158421601315,-2.7883976223502227,,,
BTCUSDT-2026-05-28-long,BTCUSDT,long,1,loss,1.5603,True,1.0,0.0,1.0,0.0,1.0,0.0,0.6431243375309617,44.2,-4.688085585745892,-6.001282613501157,0.6560529544362792,0.24944661115210326,-1.4402371648025911,-3.958085758743627,,,
ETHUSDT-2026-05-28-long,ETHUSDT,long,1,win,1.9228,False,0.0,0.0,0.0,0.0,0.0,0.0,1.528293123619658,228.7,-6.344029910623474,-7.54952470749073,0.8454556343022749,0.36116843943483085,-1.2785628457084977,-5.169297103419334,-0.5147515781898981,-2.670908404854888,-0.6744540700439727
ADAUSDT-2026-05-28-long,ADAUSDT,long,1,win,3.5425,False,0.0,0.0,0.0,0.0,0.0,0.0,2.1072860749293434,83.3,-4.219322724960676,-6.195394282411123,1.1342067852966704,0.6190476190476191,-0.5095541401273795,-3.738701725554641,-0.11088963420027298,-2.4695146657739198,-0.2287003612082339
NEARUSDT-2026-05-29-long,NEARUSDT,long,1,not_taken,6.5625,False,0.0,1.0,0.0,0.0,0.0,0.0,2.0676891423428607,10.383333333333333,5.342541634394798,4.096062434041877,2.758211997736705,0.791878172588833,12.825033054208898,2.114080574391701,0.44630457632377496,1.2020724535693805,9.57116820672601
XPLUSDT-2026-05-30-long,XPLUSDT,long,1,win,7.8431,False,0.0,0.0,0.0,0.0,0.0,0.0,1.507271453156668,106.9,-0.23789256229680597,-1.756369787817575,2.6740379650152355,0.9729729729729759,4.318181818181832,-8.383233532934122,-0.13258320821417646,-0.13679722975401543,-7.720345627388836
SOLUSDT-2026-05-31-long,SOLUSDT,long,1,loss,5.6718,False,0.0,0.0,0.0,0.0,0.0,0.0,0.6772487449988254,24.183333333333334,-2.873152881886252,-7.1773796839871515,0.42855842852735265,0.2765957446808421,1.1003790194400187,-0.5292914711897001,0.10875851411220605,0.4699060323864135,0.05269970412304925
RAYUSDT-2026-06-01-long,RAYUSDT,long,1,win,3.6974,False,0.0,0.0,0.0,0.0,0.0,0.0,0.16291045794475156,117.2,-3.2491524366285502,-5.2524565294206615,0.8762799925558029,0.02000000000000222,0.07142857142857943,-3.2458563535911553,-0.9366633871098151,-2.2992985718365055,0.6279893796359515
BNBUSDT-2026-06-01-long,BNBUSDT,long,1,win,3.6202,False,1.0,0.0,0.0,0.0,0.0,0.0,0.2946880428915533,170.95,1.2926436323291894,-0.12486406527142556,1.7506588810991535,0.03310441979221688,-3.6476285429426025,-9.38935694290039,-1.5873952717170514,-2.901233731937547,-2.7014150927151976
BTCUSDT-2026-06-01-long,BTCUSDT,long,1,breakeven,2.1183,True,1.0,0.0,1.0,0.0,1.0,0.0,2.1962252858315408,97.01666666666667,-6.391820291112476,-8.407884091517051,0.6725970674335472,0.25266112995671963,-2.4894771934273914,-3.6836363636363716,,,
FETUSDT-2026-06-02-long,FETUSDT,long,1,unknown,9.7826,False,0.0,0.0,0.0,0.0,0.0,0.0,1.4191618069133651,91.16666666666667,3.2662653367162684,1.5118463388894459,2.961535837739191,0.6084656084656099,8.150470219435753,-4.432132963988912,-0.6795609724611573,-3.6944063479623868,4.422473330124754
BTCUSDT-2026-06-02-long,BTCUSDT,long,1,unknown,4.1787,True,1.0,0.0,1.0,0.0,1.0,0.0,0.34265840803007563,51.5,-7.765477972483318,-11.122304892935635,0.6988921398085278,-0.1542018263784553,-1.7705365395203658,-6.3054792393733,,,
SEIUSDT-2026-06-02-long,SEIUSDT,long,1,unknown,5.6716,False,0.0,0.0,0.0,0.0,0.0,0.0,0.25399089398887864,155.71666666666667,1.174937020987448,-0.3032488245661656,1.762902547401835,0.13888888888889042,2.540557086011645,-6.9315182664258845,-0.8708346062726635,-4.058372048586656,8.137538085752393
NEARUSDT-2026-06-02-long,NEARUSDT,long,1,win,8.059,False,0.0,0.0,0.0,0.0,0.0,0.0,1.8713112285599407,117.81666666666666,4.665631594281313,3.204692176425979,3.3765507724005994,0.6217105263157886,17.102348249889218,-2.472324723247239,-2.308456124837832,-5.793728341839333,8.980002851643242
BTCUSDT-2026-06-03-long,BTCUSDT,long,1,loss,4.3091,True,1.0,0.0,1.0,0.0,1.0,0.0,2.6162564462973417,159.75,-7.360719137230418,-9.908379580745189,1.0552945801815559,0.9604136770745708,1.7373965808373957,-5.738336344664342,,,
DEXEUSDT-2026-06-03-short,DEXEUSDT,short,-1,win,9.5508,False,0.0,1.0,0.0,1.0,0.0,1.0,1.0995915250673496,195.71666666666667,5.069948017733742,6.638724856603864,4.397869254012993,0.5293577981651376,23.846818312697966,13.85462438456245,0.4640825221473577,-3.3909406384298957,26.957243819400556
PHAUSDT-2026-06-03-long,PHAUSDT,long,1,win,10.5263,False,0.0,1.0,0.0,0.0,0.0,0.0,1.0734360343925162,125.21666666666667,0.26647738622716866,-1.8812896761821574,2.2309078187975184,0.7432432432432435,11.046171829339563,-1.5544041450777286,-1.4215486926775656,-2.2707734266148916,6.666377822219271
BTCUSDT-2026-06-04-long-a,BTCUSDT,long,1,win,4.9039,True,1.0,0.0,1.0,0.0,1.0,0.0,0.18493644658505062,93.78333333333333,-10.08728219325395,-12.66456904986123,1.1998218791249977,0.29547518564025754,-1.4936581588364302,-6.518672826244787,,,
BTCUSDT-2026-06-04-long-b,BTCUSDT,long,1,win,5.9179,True,0.0,0.0,0.0,0.0,0.0,0.0,0.21332855557021665,142.05,-9.182251802146528,-11.959519123178792,1.3552009582448739,0.402474226804122,-2.091464899735844,-7.085984194103763,,,
DEXEUSDT-2026-06-05-short,DEXEUSDT,short,-1,loss,9.5783,False,0.0,0.0,0.0,0.0,0.0,0.0,0.9747867740704745,234.35,3.6718455984692997,5.030594866940859,3.436126875716936,0.34017278617710395,20.424960597746768,-4.193563367854002,-1.753000681295147,-0.9698030329881813,15.87742555760373
BTCUSDT-2026-06-05-long,BTCUSDT,long,1,win,4.4944,True,1.0,0.0,1.0,0.0,1.0,0.0,1.5210806658869016,56.06666666666667,-8.14054433332489,-10.040140279799344,1.5129270661049834,0.4268199764494011,1.5571001943114935,-3.7686245555284428,,,
BTCUSDT-2026-06-08-short,BTCUSDT,short,-1,win,3.7657,True,0.0,0.0,0.0,0.0,0.0,0.0,1.310463750137141,186.0,-6.69597056808092,-4.943496577921444,0.9121087058346711,0.5066213921901528,3.978058904921921,-1.7540856031128407,,,
BEATUSDT-2026-06-09-short,BEATUSDT,short,-1,loss,9.0476,False,0.0,0.0,0.0,0.0,0.0,0.0,1.8163291103859447,68.51666666666667,7.511893806469737,8.505843466042343,6.699803218185416,0.6675938803894299,28.338324268165984,-9.433962264150942,1.1053603017149083,0.8921916472347746,7.603115804429406
BTCUSDT-2026-06-09-long,BTCUSDT,long,1,win,4.7231,True,1.0,0.0,0.0,0.0,0.0,0.0,0.11589979096081345,151.16666666666666,-8.712752451705363,-11.191129563453396,0.7672583418488529,-0.059325026484386,-1.5662824438494958,-4.33082214725886,,,
BEATUSDT-2026-06-09-short-2,BEATUSDT,short,-1,unknown,8.5106,False,0.0,1.0,0.0,1.0,0.0,1.0,1.7842801862187323,55.56666666666667,6.384946099755314,7.162018260195257,7.871342718223802,0.8201146237751895,43.61669620485241,1.3477088948787062,-2.51869035121588,-4.148848387491499,10.662924835191202
ALLOUSDT-2026-06-10-short,ALLOUSDT,short,-1,loss,10.1176,False,1.0,0.0,0.0,0.0,0.0,0.0,1.4596057323123293,21.95,3.947177658670779,4.696452716975279,5.99839663809541,0.7441706631387466,10.53315994798439,-15.20181966918734,0.22123534173628112,-2.400634470356555,-5.398707213053012
BTCUSDT-2026-06-10-long-a,BTCUSDT,long,1,win,4.2553,True,0.0,0.0,0.0,0.0,0.0,0.0,0.3604907928072643,49.766666666666666,-8.855558347761356,-11.15618124632685,0.7364028533930134,0.060219585227905784,0.5678544975722163,-3.779376030513436,,,
INJUSDT-2026-06-10-long,INJUSDT,long,1,win,6.6148,False,1.0,0.0,1.0,0.0,0.0,0.0,1.094666374792255,91.18333333333334,-0.563828683074358,-1.8677348631065356,2.2038233907801645,0.20508166969146918,-4.920458749537551,-12.001369628488282,0.49486596971681784,-1.7247602680653396,-8.924590381285313
WLDUSDT-2026-06-10-long,WLDUSDT,long,1,loss,7.0248,False,1.0,0.0,0.0,0.0,0.0,0.0,1.8549470995929809,93.23333333333333,2.708462805752327,1.9129655840411395,4.087795619488549,0.13981042654028356,1.2552301255230138,-12.698412698412701,0.49486596971681784,-1.7247602680653396,-1.6711797812611673
BTCUSDT-2026-06-10-long-b,BTCUSDT,long,1,win,5.1447,True,0.0,0.0,0.0,0.0,0.0,0.0,2.301896699257713,64.21666666666667,-7.403950897594331,-10.11982367294637,0.9423237078783326,0.7019969278033802,2.3784050695416012,-2.047089837936755,,,
SOLUSDT-2026-06-11-long,SOLUSDT,long,1,win,5.2133,False,1.0,0.0,1.0,0.0,0.0,0.0,1.012687788554517,10.65,-8.062161324615175,-9.898361947816525,1.357187870212375,,1.6214480655000771,-3.71159111651962,-0.6864947899083651,-0.3424912877866948,-2.3685376709317363
BTCUSDT-2026-06-12-long,BTCUSDT,long,1,win,4.6908,True,0.0,0.0,0.0,0.0,0.0,0.0,1.321623189457567,54.11666666666667,-6.591944601409265,-9.531576728140692,0.6685860201368393,0.6495398773006139,3.243141260433677,-0.6848125566179057,,,
BTCUSDT-2026-06-13-long,BTCUSDT,long,1,win,3.1496,True,0.0,0.0,0.0,0.0,0.0,0.0,0.5429178380053146,24.433333333333334,-6.750437745069255,-8.860763770198858,0.6001401111641955,-0.07898259705490877,1.1146496815286624,-1.340219319915601,,,
RENDERUSDT-2026-06-14-long,RENDERUSDT,long,1,win,9.1425,False,0.0,0.0,0.0,0.0,0.0,0.0,0.6836470243088181,200.43333333333334,-1.3393906994266787,-4.233879121782922,1.5782010107474376,0.35999999999999716,6.662628709872796,-3.0286343612334887,-0.29790535298681586,0.8645804555843073,3.2038157708307757
PYTHUSDT-2026-06-14-long,PYTHUSDT,long,1,win,7.1611,False,0.0,0.0,0.0,0.0,0.0,0.0,1.3045293842287546,24.483333333333334,-0.13434423256763758,-1.7905534020564011,2.1761676774994716,0.7849462365591412,5.990783410138259,-2.323257556832376,-0.19065333643338844,0.8901054307242307,1.2598683500833152
BTCUSDT-2026-06-15-short,BTCUSDT,short,-1,win,2.719,True,0.0,1.0,0.0,1.0,0.0,1.0,4.097230749821035,171.23333333333332,-3.985061040312332,-1.6416921744208868,0.5748853824179012,1.5656708502739998,4.006284367635507,0.6461421512732801,,,
ZECUSDT-2026-06-15-short,ZECUSDT,short,-1,not_taken,3.7736,False,0.0,1.0,0.0,1.0,0.0,1.0,0.45168241076789173,103.96666666666667,2.2498812536902393,3.1895949827048207,2.2724265321615142,0.8163107795214821,27.551020408163268,11.120429386112047,0.8925498094801476,5.020042619903675,21.282828820582452
XMRUSDT-2026-06-15-long,XMRUSDT,long,1,unknown,10.3641,False,0.0,1.0,0.0,0.0,0.0,0.0,2.6710700913043444,188.83333333333334,0.09823633591416438,-2.720970846589564,1.9065156662748466,1.0052974735126323,7.361963190184055,3.2209564563696254,0.2611479993929633,4.612762781830537,-0.4064415504828611
WLDUSDT-2026-06-16-long,WLDUSDT,long,1,unknown,13.7357,False,0.0,1.0,0.0,1.0,0.0,1.0,3.3595926530083053,194.38333333333333,6.970328648248365,4.382744886575563,3.438155553975989,0.8016359918200403,25.816993464052285,3.8888888888888835,0.10495976291442499,0.8976287362620017,8.558199278517952
PORTALUSDT-2026-06-16-short,PORTALUSDT,short,-1,win,10.3617,False,0.0,1.0,0.0,1.0,0.0,1.0,0.7857346443659753,48.25,2.3877267644481117,3.9253861842336906,5.618270343779056,0.7476635514018692,41.579861111111114,25.076687116564433,-0.9242205368965917,-2.0917938690082294,36.72912068237416
HBARUSDT-2026-06-17-long,HBARUSDT,long,1,loss,1.8835,False,0.0,0.0,0.0,0.0,0.0,0.0,0.8697189414398029,90.71666666666667,-2.236919132699299,-3.1382685686054432,1.1748507826910517,0.21111111111110992,0.819163460345034,-3.903939429788238,0.14179045439883797,-1.0010588122052244,-0.4734396166079291
BTCUSDT-2026-06-17-long,BTCUSDT,long,1,breakeven,2.9914,True,1.0,0.0,0.0,0.0,0.0,0.0,0.8449125908051434,18.633333333333333,-5.13737772149421,-7.582701158996071,0.54975910488326,0.13492822966507176,-0.9066445426825579,-3.31587428890611,,,
LDOUSDT-2026-06-17-long,LDOUSDT,long,1,unknown,6.9444,False,0.0,0.0,0.0,0.0,0.0,0.0,0.9964459426718991,75.76666666666667,-1.7471531581765045,-4.081525100173307,2.090764028550334,0.4759825327510907,7.583115427717589,1.479915433403799,0.17799407611056584,-2.086443090502399,4.6889386341744
BTCUSDT-2026-06-17-long-2,BTCUSDT,long,1,win,1.3622,True,1.0,1.0,0.0,0.0,0.0,0.0,0.42893490239055027,0.6833333333333333,-5.386955433307114,-6.309928395204304,0.9385140687892914,-0.14462191165460342,-2.543288717992677,-4.912727180401654,,,
ETHUSDT-2026-06-18-long,ETHUSDT,long,1,loss,2.5714,False,1.0,0.0,0.0,0.0,0.0,0.0,1.6475195335475445,40.06666666666667,-3.694068449278779,-5.032891149354226,0.9829495422986031,0.702220077220078,1.495168829963692,-3.2972862455585865,0.3350712006847667,-1.5780715681485091,-0.41195308999988356
LABUSDT-2026-06-18-long,LABUSDT,long,1,win,18.3621,False,0.0,0.0,0.0,0.0,0.0,0.0,2.467512912163564,72.8,5.515101109310518,3.1512734787759604,4.745641014697964,0.7822222222222222,25.996464159434257,8.663109016563865,0.8142508782288616,-0.80105039621019,18.612142519870268
BTCUSDT-2026-06-18-long,BTCUSDT,long,1,win,4.0353,True,1.0,0.0,1.0,0.0,1.0,0.0,0.8410647330419168,146.78333333333333,-5.605772107887683,-8.222914060745934,0.8422587579742463,0.31865457828015264,-1.3105577227728926,-5.08166313355174,,,
BTCUSDT-2026-06-23-long,BTCUSDT,long,1,loss,3.6335,True,0.0,0.0,0.0,0.0,0.0,0.0,0.3542878886324818,150.16666666666666,-5.611065780683007,-8.724357693938948,0.6420997131368245,0.00597144093466158,0.12654223347042076,-1.9638210878453723,,,
JUPUSDT-2026-06-24-long,JUPUSDT,long,1,loss,7.9907,False,0.0,1.0,0.0,0.0,0.0,0.0,0.9808401123759517,136.15,3.1013996178742906,0.9615292278643408,2.0485966765012993,0.6075268817204301,8.080808080808072,-1.654411764705879,-2.14205222010464,-1.8229975691230638,7.504815750941251
BTCUSDT-2026-06-24-long,BTCUSDT,long,1,win,2.8951,True,1.0,1.0,1.0,0.0,1.0,0.0,0.7094548002403145,94.2,-8.51507160822068,-10.40319332647862,0.9171654320900391,-0.011570791978933842,-4.2923872636172575,-7.833648781581134,,,
TOSHIUSDT-2026-06-25-long,TOSHIUSDT,long,1,win,18.2561,False,0.0,0.0,0.0,0.0,0.0,0.0,0.3148369254073059,12.916666666666666,-7.764454457015437,-14.07287175106439,1.4424375607583129,0.4285714285714301,6.997084548104969,-3.926701570680618,-1.0155655415460818,-2.591126722713666,0.11544148840774149
BTCUSDT-2026-06-25-long,BTCUSDT,long,1,breakeven,4.3314,True,0.0,0.0,0.0,0.0,0.0,0.0,0.09661641593272637,35.11666666666667,-5.606929402616012,-8.360428536727511,0.7350387939492596,0.47159223754968377,3.7133423636979317,-3.0952576823773605,,,
BTCUSDT-2026-06-25-long-2,BTCUSDT,long,1,win,4.4636,True,0.0,0.0,0.0,0.0,0.0,0.0,0.007483838020873988,118.05,-8.343407924688979,-11.058818250153278,0.7978560141451079,-0.7626695027918091,-0.7511005756857408,-7.26661772895256,,,
BTCUSDT-2026-06-26-long,BTCUSDT,long,1,breakeven,2.6756,True,0.0,0.0,0.0,0.0,0.0,0.0,2.262712892388113,88.81666666666666,-5.579810932834566,-6.936354324803102,1.230062197168868,0.7766591329360991,3.0501464759607098,-3.4410821057594623,,,
BEATUSDT-2026-06-27-long,BEATUSDT,long,1,win,23.0769,False,0.0,1.0,0.0,0.0,0.0,0.0,1.6274069698357432,196.61666666666667,0.1275602647404936,-2.1364763667987132,5.010330117161244,0.6386554621848746,26.21359223300971,-1.7013232514177665,0.41511477731950297,2.9393877272106073,14.988899125379039
BTCUSDT-2026-06-27-long,BTCUSDT,long,1,not_taken,5.3333,True,0.0,0.0,0.0,0.0,0.0,0.0,0.7681711292727282,200.13333333333333,-5.12354445585192,-7.824737313628538,0.9264428713175441,0.2839734121122623,2.93713972001098,-1.20854875358119,,,
BTCUSDT-2026-06-29-short,BTCUSDT,short,-1,win,6.7149,True,1.0,0.0,0.0,0.0,0.0,0.0,2.167490564027125,233.88333333333333,-6.474520827182964,-1.719511422754283,0.6245831680132761,0.6554098954872226,0.25593532576170186,-1.5622563590793155,,,
BTCUSDT-2026-06-30-long,BTCUSDT,long,1,win,3.738,True,1.0,0.0,1.0,0.0,0.0,0.0,0.06127051934661512,62.21666666666667,-7.756265645913244,-10.392078633896071,0.6641588903935015,0.0711953659820943,-0.618181818181823,-3.7395713836628173,,,
HYPEUSDT-2026-06-30-long,HYPEUSDT,long,1,loss,3.2407,False,0.0,0.0,0.0,0.0,0.0,0.0,0.6353832999337262,106.48333333333333,1.1994900827840134,0.05338442861717012,1.4475562806194209,0.15230769230769212,6.86015831134564,-4.492394764768308,-1.5366242843986244,-2.5844618555324606,3.761633195877623
BTCUSDT-2026-06-30-long-2,BTCUSDT,long,1,win,2.3516,True,1.0,0.0,1.0,0.0,0.0,0.0,1.7242415790012142,178.46666666666667,-7.893108008979775,-9.548116923353586,0.6903223180397209,0.08424390243902297,-0.8110450297366234,-3.9263771369508453,,,
JUPUSDT-2026-07-01-short,JUPUSDT,short,-1,win,13.5714,False,0.0,1.0,0.0,1.0,0.0,1.0,3.0380117421369848,123.21666666666667,4.428020247783532,8.109787651720138,1.9777419810491372,0.9313186813186812,19.77856064418722,9.1743119266055,0.9193603682193574,1.2794680465118669,14.699162356596453
BTCUSDT-2026-07-01-short,BTCUSDT,short,-1,loss,1.582,True,0.0,1.0,0.0,0.0,0.0,0.0,2.6222230733949363,189.05,-5.3593410055828485,-4.229909107395966,0.7809379477242296,0.9922487333824096,3.249656121045392,-0.33195020746887965,,,
ETHUSDT-2026-07-02-short,ETHUSDT,short,-1,loss,1.6847,False,0.0,1.0,0.0,1.0,0.0,0.0,2.7219460404404776,19.233333333333334,-2.2412735192693085,-1.3750389434568602,0.8974608297047305,1.082155767334867,7.0855589131653405,0.9806423389595774,2.001303932754328,4.669849077277277,0.4537312467466359
ETHUSDT-2026-07-02-short-2,ETHUSDT,short,-1,breakeven,1.9389,False,0.0,1.0,0.0,1.0,0.0,1.0,4.1125087945588845,187.43333333333334,-1.0037955538229537,0.017123767670288826,1.1337968960448412,0.8215117181437217,9.662828682435263,3.4109827081282793,0.7042955003796703,3.6052805768448826,2.67611703881081
XRPUSDT-2026-07-03-long,XRPUSDT,long,1,win,6.0626,False,0.0,0.0,0.0,0.0,0.0,0.0,0.8668182613277927,237.41666666666666,-3.0704156462123318,-6.434036038801295,0.827822081238737,0.6312684365781696,6.4433999216607765,1.2575687005123493,-0.46733135169721995,1.6522103089849915,0.4592045274746104
ETHUSDT-2026-07-04-short,ETHUSDT,short,-1,unknown,2.282,False,0.0,1.0,0.0,1.0,0.0,1.0,1.504865114757803,73.51666666666667,0.8506249757386093,2.141089780877029,0.8027725260164357,0.5460358056265847,3.906286901894092,-0.882005068994654,-0.03856002217998977,2.36799550942417,1.2876433134601184
TAOUSDT-2026-07-04-long,TAOUSDT,long,1,win,5.0318,False,1.0,0.0,0.0,0.0,0.0,0.0,0.5798423126679856,197.46666666666667,-3.066433922406186,-5.274206002615524,0.9578894014840614,0.2152133580704997,2.1050607968472126,-2.53245859521953,0.017127344205203343,0.96515239163244,-2.329864827226369
ZECUSDT-2026-07-04-short,ZECUSDT,short,-1,win,5.0992,False,0.0,1.0,0.0,1.0,0.0,1.0,1.020018112462135,7.383333333333334,1.5478982415244182,3.2898486425319784,1.3449561830358436,0.6225352112676049,10.26159781688153,-0.8462026655383965,0.5711442596266325,1.752537858806269,-0.08380700684094133
HYPEUSDT-2026-07-05-long,HYPEUSDT,long,1,win,5.3455,False,1.0,0.0,0.0,0.0,0.0,0.0,0.9682498924292808,137.01666666666668,3.2443043308102975,0.8665576136402723,0.9098688517291654,0.3367103694874899,-0.9089861419228444,-4.576478095608013,-0.18511904382266797,0.21499695834534815,-3.717562217408321
OPUSDT-2026-07-06-short,OPUSDT,short,-1,win,5.2484,False,0.0,0.0,0.0,0.0,0.0,0.0,0.614207482854682,78.41666666666667,0.27382781838744036,2.6841409296783714,1.0681162380060347,0.2580645161290347,1.81297709923664,-2.7347310847766657,-0.5799860537704649,-0.0273479051027814,0.6858615457424722
MEUSDT-2026-07-06-long,MEUSDT,long,1,win,23.5303,False,0.0,1.0,0.0,0.0,0.0,0.0,1.922390805816964,94.96666666666667,-1.308779838633109,-9.880860484463408,1.492699466104192,0.6615776081424939,4.489465153970829,-0.015508684863517561,-0.5799860537704649,-0.0273479051027814,3.991542278504301
XLMUSDT-2026-07-06-short,XLMUSDT,short,-1,win,5.7305,False,1.0,1.0,1.0,0.0,0.0,0.0,1.2923152246388045,145.46666666666667,0.611019457276626,2.71237880138501,1.4859058324055203,0.20675453047776027,0.26346455895020543,-4.317764239435254,-1.428489335414851,-1.6221150583321076,0.9085065948359228
AVAXUSDT-2026-07-08-short,AVAXUSDT,short,-1,loss,5.1713,False,0.0,0.0,0.0,0.0,0.0,0.0,1.3752317908940284,162.76666666666668,-3.7072981017227344,-1.3570325639022236,1.1552852815423347,0.28385416666666635,-3.3714629741119837,-7.599309153713304,-0.17523298571536783,-1.7612940482158557,-2.753879897009903
SOLUSDT-2026-07-09-long,SOLUSDT,long,1,breakeven,6.2901,False,0.0,0.0,0.0,0.0,0.0,0.0,1.2471496625135008,112.55,1.395896379104984,-1.9256418282109269,0.8749090210818645,0.5740740740740792,2.177334732423939,-3.517463462967537,-0.46013684816597067,1.0485372308218999,-0.26921524095306903
BTCUSDT-2026-07-09-long,BTCUSDT,long,1,win,2.4196,True,0.0,1.0,0.0,0.0,0.0,0.0,1.757086185724721,35.61666666666667,-0.620003870964015,-2.419133924876807,0.6574234713876794,0.859805376876134,2.7794213263979217,-0.8005936598881014,,,
GENIUSUSDT-2026-07-10-long,GENIUSUSDT,long,1,win,18.3813,False,0.0,1.0,0.0,0.0,0.0,0.0,3.2098223462948225,130.85,-5.590179310767808,-11.639462139489426,2.0242795259222297,0.363867684478371,2.9032258064516023,-2.743902439024396,-1.0080104012647806,1.0921385984564713,2.096927460769038
BTCUSDT-2026-07-13-long,BTCUSDT,long,1,win,2.0317,True,1.0,1.0,1.0,0.0,0.0,0.0,1.0431113844357822,213.66666666666666,-1.7842865756307429,-4.000624208836729,0.4595174558914364,0.021701440784362296,-1.3008861245102439,-2.3283892338642547,,,
EIGENUSDT-2026-07-14-long,EIGENUSDT,long,1,unknown,8.7137,False,0.0,0.0,0.0,0.0,0.0,0.0,1.856940074676822,27.916666666666668,1.7201830402101081,-0.47045057231746584,2.0334170506905886,0.26666666666666483,6.778910057598574,-3.5614245698279388,0.07870474477176259,-2.2635294117647087,8.982897000697498
TRIAUSDT-2026-07-14-long,TRIAUSDT,long,1,win,21.0557,False,0.0,0.0,0.0,0.0,0.0,0.0,2.2930566927446123,126.75,-13.896861585601421,-15.885644705446953,3.134446349155358,1.0925000000000016,15.156037991858886,-0.38732394366197237,0.7594210281119507,-1.383513641864187,14.135191494213174
BTCUSDT-2026-07-15-short,BTCUSDT,short,-1,win,1.9267,True,0.0,0.0,0.0,0.0,0.0,0.0,1.1774198440141557,100.18333333333334,1.723329369720956,3.4776493992026745,0.5808674061702765,0.9995053707873477,5.0847166941720925,0.8334808218369935,,,
BTCUSDT-2026-07-17-long-scalp,BTCUSDT,long,1,win,1.7433,True,1.0,0.0,0.0,0.0,0.0,0.0,0.21799818164631707,123.16666666666667,-1.04390847156006,-2.626553163513415,0.5466830519042603,-0.5537953795379514,-0.9615052595561924,-2.8849779528892103,,,
BTCUSDT-2026-07-17-long-swing,BTCUSDT,long,1,win,3.0749,True,1.0,0.0,0.0,0.0,0.0,0.0,0.21799818164631707,124.15,-0.835718756173109,-3.6336906947564596,0.5454322745646485,-0.3150165016501674,-0.7343916274018035,-2.66227520027088,,,
ZECUSDT-2026-07-18-long,ZECUSDT,long,1,win,2.5735,False,0.0,0.0,0.0,0.0,0.0,0.0,1.645615843296907,16.466666666666665,3.922509163065113,3.008413172566775,1.0924749691551865,0.5727611940298516,3.947720411204946,-2.242668200115012,0.08315085471890526,1.201298496045733,-0.0317842081997366
BTCUSDT-2026-07-21-short,BTCUSDT,short,-1,win,2.211,True,0.0,1.0,0.0,1.0,0.0,1.0,2.3577983756338257,234.78333333333333,3.3060788363176243,5.523930934527362,0.5581015536508708,1.0124777183600626,3.7680372661646993,0.5315559068523091,,,
ZECUSDT-2026-07-21-short,ZECUSDT,short,-1,win,5.5267,False,0.0,0.0,0.0,0.0,0.0,0.0,0.23121762534991414,51.083333333333336,3.5111402986277844,5.659142878683252,1.3456186485954305,0.24617196702002034,3.397864199645919,-2.596564214754513,0.9572853012305371,2.98350194552528,0.5130936230711924
ENAUSDT-2026-07-22-short,ENAUSDT,short,-1,loss,4.9745,False,0.0,1.0,0.0,1.0,0.0,1.0,2.0807269497399505,162.96666666666667,3.2822588501716963,5.735007403521079,1.1817617458432892,0.9218106995884735,6.827260622200693,0.7305102157288,-0.08809103245419614,-0.5505484355852297,2.5556778363779453
NEARUSDT-2026-07-23-long,NEARUSDT,long,1,loss,5.1309,False,0.0,0.0,0.0,0.0,0.0,0.0,1.054228404158219,85.06666666666666,-2.6202025976620558,-5.264208290986536,0.8618673339358748,0.6923076923076923,1.189832341806383,-4.149590163934425,0.03140947742861222,-0.5270379888861143,-0.21724696592515524
XRPUSDT-2026-07-23-long,XRPUSDT,long,1,win,6.0439,False,1.0,0.0,0.0,0.0,0.0,0.0,0.029291162050516097,128.28333333333333,-1.0442350224952839,-6.109813127015491,0.6168577233734766,-0.10882352941176568,-1.8879631271051318,-4.321894718644657,-1.1420880717108672,-1.617446518690202,-1.1316342027246185
BTCUSDT-2026-07-23-long,BTCUSDT,long,1,win,1.9918,True,1.0,0.0,0.0,0.0,0.0,0.0,0.2586644278765829,148.46666666666667,0.9093361992993446,-1.2055935384237735,0.4618414643951247,0.09374431163157543,-1.0907564308068087,-2.8788355743430616,,,
INJUSDT-2026-07-24-long,INJUSDT,long,1,loss,5.4104,False,0.0,1.0,0.0,1.0,0.0,0.0,2.11751992394387,206.93333333333334,3.1809943484639516,0.5719007959799287,1.13657321033747,0.6945454545454562,5.594956658786461,2.879078694817665,0.5373948792321004,-0.4890272979417021,4.881442158622795
BTCUSDT-2026-07-24-long,BTCUSDT,long,1,win,1.6897,True,0.0,0.0,0.0,0.0,0.0,0.0,0.0003613456804651101,83.95,0.3716931131972834,-1.501055640380305,0.42912792418009693,-0.23261367978601388,-0.22634445200817332,-2.707134893586861,,,
BNBUSDT-2026-07-25-long,BNBUSDT,long,1,win,4.5025,False,0.0,0.0,0.0,0.0,0.0,0.0,0.7816596371531653,55.61666666666667,-2.7113967843400264,-8.632523001933945,0.32353141851985334,0.48698884758365524,1.679493634467387,-1.0776389909380302,-0.124896765017668,-2.2866961967313304,1.4670096785560416
EDUUSDT-2026-07-25-long,EDUUSDT,long,1,win,5.4222,False,0.0,1.0,0.0,1.0,0.0,1.0,3.8084231549140752,156.1,3.729727897476569,1.2435701184450934,1.6026852729923107,0.9731543624161085,13.981762917933136,2.2727272727272747,-0.025316416133114306,-1.7118336531562584,9.386992888825052
BTCUSDT-2026-07-27-short,BTCUSDT,short,-1,win,1.9731,True,0.0,1.0,0.0,0.0,0.0,0.0,0.11336505861426364,50.18333333333333,1.9279351244871734,4.681488600464536,0.34357244242869045,0.4012933568489158,1.4891901818340298,-0.5212417054381772,,,
ZECUSDT-2026-07-27-short,ZECUSDT,short,-1,win,4.698,False,0.0,0.0,0.0,0.0,0.0,0.0,0.730325608385925,99.58333333333333,0.4912460723964203,2.7481655672511387,0.9684502654788959,0.4281391830559768,3.5591227020446903,-1.5611516435239625,-0.19032382633640266,1.0595794265641167,0.1320345393142519
BTCUSDT-2026-07-28-long,BTCUSDT,long,1,win,2.6623,True,1.0,0.0,1.0,0.0,1.0,0.0,0.4755274671468657,128.35,-1.9250986672970238,-4.765313714346408,0.5821302201825796,0.20832794517004777,-0.6055028552550874,-3.8653429190916375,,,
SOLUSDT-2026-07-28-long,SOLUSDT,long,1,unknown,5.1783,False,0.0,0.0,0.0,0.0,0.0,0.0,0.4260213009570032,220.76666666666668,-2.7515277219137086,-6.393226099842192,0.6734978804708138,0.26712328767123183,-0.665038002171565,-5.5369127516778605,-0.2669416784311762,-2.870869804194154,-1.6858608394930252
BTCUSDT-2026-07-29-long,BTCUSDT,long,1,not_taken,2.5094,True,0.0,1.0,0.0,0.0,0.0,0.0,2.6686527679576932,222.3,-0.19154595045592157,-2.80944683649149,0.5328793024372047,0.6457786526684154,2.393708276877952,0.11781319975969229,,,
BTCUSDT-2026-07-29-long-2,BTCUSDT,long,1,win,1.9785,True,0.0,1.0,0.0,0.0,0.0,0.0,0.38859691582034,86.1,-0.7480818875514649,-2.7580481996980755,0.49682746846228365,0.21196789951151404,1.839128887441931,-0.4244396070812755,,,
BTCUSDT-2026-07-30-short,BTCUSDT,short,-1,win,2.4615,True,0.0,1.0,0.0,0.0,0.0,0.0,3.044395879150408,118.83333333333333,1.054495877638165,3.3643545992967514,0.526111705334224,0.9891606448026692,2.7928013410507004,0.4389956718518919,,,
BTCUSDT-2026-07-31-long,BTCUSDT,long,1,loss,1.9838,True,0.0,0.0,0.0,0.0,0.0,0.0,0.25371513090856945,203.43333333333334,-0.4601732064423488,-2.3133841087615803,0.4996949085597435,0.008089824952924565,0.6175247418853513,-1.8232883650260139,,,
BNBUSDT-2026-07-31-long,BNBUSDT,long,1,breakeven,2.8299,False,0.0,0.0,0.0,0.0,0.0,0.0,1.373618782503728,184.23333333333332,1.6772414384412886,-1.0691935217348971,0.5398597853565718,0.06742857142857507,2.663726416745428,-1.6761649346295675,-0.5021142060630646,-1.026818427579712,1.8911020759455721
ARKMUSDT-2026-07-31-long,ARKMUSDT,long,1,win,3.125,False,0.0,1.0,0.0,0.0,0.0,0.0,1.7499256007124184,97.73333333333333,-6.599678452039605,-8.069096716154458,1.011947783730003,1.037037037037038,2.345415778251607,0.0,-0.11676768246713376,-1.795582238960991,2.322452628845073
UNIUSDT-2026-07-31-short,UNIUSDT,short,-1,win,4.717,False,0.0,0.0,0.0,0.0,0.0,0.0,0.27461128440893984,210.63333333333333,4.948234618929758,6.4330549307937215,1.9753479226326087,0.037356321839080185,7.1518827394490865,-5.357142857142862,-1.9132487348578087,-3.070735819579573,2.9311684783374203
HYPEUSDT-2026-08-01-long,HYPEUSDT,long,1,win,7.2519,False,1.0,0.0,1.0,0.0,1.0,0.0,0.9530035024211322,27.716666666666665,-6.696421529003422,-9.794056173380156,1.1073868131326345,0.7533703409992062,1.1134052447754823,-6.66025401236218,0.07272865858498623,-1.3918205701535458,-3.5175602138080464
BTCUSDT-2026-08-01-long,BTCUSDT,long,1,win,1.7793,True,0.0,0.0,0.0,0.0,0.0,0.0,0.6282509475235541,27.716666666666665,-2.8039187557485303,-4.642792620122851,0.3429801337488881,-1.34221707222869,0.16311357864462375,-4.402726356564252,,,
ZECUSDT-2026-08-02-long,ZECUSDT,long,1,win,4.963,False,0.0,0.0,0.0,0.0,0.0,0.0,0.6840155396288714,187.21666666666667,-1.4997481338266805,-3.910440730096554,0.8861269501882072,0.727602905569007,3.479173040779758,-0.01689260526204318,-0.4464229435865108,0.2341775465618312,1.9804732200480402
ETHUSDT-2026-08-02-long,ETHUSDT,long,1,win,1.6112,False,0.0,0.0,0.0,0.0,0.0,0.0,1.5319693352780566,63.36666666666667,0.6320026581671752,-0.6557509595246465,0.4974536783025385,0.45198951632118217,2.2734138557955905,-0.6636648812445346,0.0973101817513422,0.41128841222322077,-0.7089441059590751
ZECUSDT-2026-08-03-long,ZECUSDT,long,1,breakeven,4.5643,False,0.0,0.0,0.0,0.0,0.0,0.0,2.614698779264154,32.833333333333336,-0.5286973451935971,-2.6680024912955216,1.0211977389147846,0.5914760914760909,4.446563231342632,-2.7637684083114764,-0.0909076384783769,-0.7510240876850816,3.1806127793632566
ETHUSDT-2026-08-04-long,ETHUSDT,long,1,win,3.2673,False,0.0,1.0,0.0,0.0,0.0,0.0,1.1402188747401147,155.23333333333332,0.7433727722205163,-1.7648693972178646,0.6487257469384242,0.5698421975452947,2.179314572182266,-0.9633134588045621,0.1373151043468912,0.5466094735113058,-0.3927028829727952
ETHUSDT-2026-08-05-long,ETHUSDT,long,1,win,2.219,False,0.0,1.0,0.0,0.0,0.0,0.0,1.456538912527281,111.7,1.0024722016747065,-0.9465375687182208,0.5392603012964466,0.5641365594961864,1.3006765899864667,-0.5415258380630515,0.31062635440735065,0.6580028837528173,-0.6094516835778219
ETHUSDT-2026-08-05-short,ETHUSDT,short,-1,win,1.5625,False,1.0,1.0,0.0,1.0,0.0,0.0,4.944738825466158,143.8,3.172321287951452,4.539609670974581,0.6865462032459583,0.9851083032490974,3.924221921515562,2.0343090364134926,0.5383074223057394,1.2473391401727651,1.2861219187005002
BTCUSDT-2026-08-06-short,BTCUSDT,short,-1,win,1.5008,True,0.0,0.0,0.0,0.0,0.0,0.0,1.2185749769015142,87.51666666666667,1.694315044001311,3.4371565471687036,0.35955542321048095,1.089511445165702,1.8436261688098088,0.0032296761096221966,,,
TRADOORUSDT-2026-08-06-long,TRADOORUSDT,long,1,loss,15.9722,False,0.0,1.0,0.0,1.0,0.0,1.0,2.5573781095824124,32.21666666666667,6.180538120888692,2.8339200399619955,4.035165705758499,0.9089855072463765,37.09063214013709,23.414466918066495,-0.2962655678732884,-0.6062738308512894,26.243667598556687
THETAUSDT-2026-08-07-short,THETAUSDT,short,-1,unknown,2.6119,False,1.0,0.0,0.0,0.0,0.0,0.0,0.08668592695873659,78.4,-0.8947634755982296,0.6931966332697508,0.8608879006064819,0.08108108108108007,0.0,-3.3189033189033137,1.0571973662204748,1.345966294158929,-3.318208806941969
ETHUSDT-2026-08-07-short,ETHUSDT,short,-1,win,1.4157,False,0.0,1.0,0.0,1.0,0.0,1.0,1.2631868229941148,26.55,2.990631291653976,4.2254069187916485,0.5397659803054021,0.5925851299617171,1.655863724318777,0.09682860296107593,-0.17031791138236718,0.4352658186310032,-0.06299112074423796
GRTUSDT-2026-08-10-short,GRTUSDT,short,-1,win,2.2649,False,0.0,0.0,0.0,0.0,0.0,0.0,0.45695380297687616,94.51666666666667,-6.060452967177747,-4.571007466864976,0.7509969210719525,0.5294117647058811,1.2508686587908242,-1.8194070080862612,-0.58616449404022,-0.13892204501875227,0.27600223693100556
BTCUSDT-2026-08-10-long,BTCUSDT,long,1,win,2.0332,True,1.0,0.0,1.0,0.0,0.0,0.0,0.1583344201090525,23.283333333333335,-1.0337701302515692,-4.00964020102797,0.4019293864593655,-0.2938038572014772,-1.3955177743431242,-2.5741149952582876,,,
ETHUSDT-2026-08-10-long,ETHUSDT,long,1,win,1.6414,False,1.0,0.0,1.0,0.0,0.0,0.0,0.5462010046427987,180.95,0.3289359697894207,-1.2977098047679032,0.5650642831688819,0.10097919216646144,-1.7661468414454433,-3.3509317892107564,-1.127185751108839,-1.99594580700998,-0.5442606791331683
HYPEUSDT-2026-08-13-short,HYPEUSDT,short,-1,win,3.6847,False,0.0,1.0,0.0,1.0,0.0,1.0,2.2359110764030925,209.88333333333333,0.7544730000052228,3.1832548173221515,0.882226168958824,0.9773204535909273,7.4882564244266465,2.4546986936367525,0.32485238625843404,0.7754434488289386,3.401667487216331
ZECUSDT-2026-08-14-long,ZECUSDT,long,1,win,4.321,False,1.0,0.0,0.0,0.0,0.0,0.0,1.6446586371696903,8.583333333333334,-0.7117272406564287,-2.9718640187864844,0.922052072738625,0.37280416395575905,0.750445706704259,-2.6052104208416833,0.1887411000455197,-0.6768162814546064,0.650164375843354
ENSUSDT-2026-08-14-long,ENSUSDT,long,1,unknown,3.1219,False,0.0,0.0,0.0,0.0,0.0,0.0,1.841169819382696,21.016666666666666,-5.205668741331014,-7.740929679353908,0.5921171929801847,0.5652173913043439,1.0010010010009907,-1.2720156555773112,0.1887411000455197,-0.6768162814546064,0.577659117349516
SOLUSDT-2026-08-16-long,SOLUSDT,long,1,win,3.0544,False,0.0,1.0,0.0,0.0,0.0,0.0,0.4247877743020431,98.33333333333333,0.11136680663487548,-3.5021555019988635,0.2813685317261458,0.3043478260869404,0.3999999999999962,-0.5284015852047631,-0.041219396579739165,0.09429813769115114,0.051745409839409895
WLDUSDT-2026-08-17-short,WLDUSDT,short,-1,win,4.7297,False,0.0,0.0,0.0,0.0,0.0,0.0,0.48337642580365914,138.55,0.6539211404730841,2.3545611121987617,1.5143104688338702,0.16853932584269696,3.920421299005273,-4.310344827586196,0.5639112594228779,0.9691272144057184,2.2725515120776585
BTCUSDT-2026-08-17-short,BTCUSDT,short,-1,loss,1.3997,True,0.0,1.0,0.0,1.0,0.0,0.0,3.7823119668744405,236.26666666666668,1.0279402418509282,3.6725046992797856,0.32388626083140226,1.1478406525380527,2.582756205618602,1.467571406028089,,,
ZECUSDT-2026-08-18-short,ZECUSDT,short,-1,unknown,2.4347,False,1.0,0.0,0.0,0.0,0.0,0.0,0.11205243908282067,92.13333333333334,1.3266435066019038,2.7465275289792106,0.900918530566114,0.1308290155440403,4.205771333099562,-3.218390804597703,-0.10892483408413423,1.0513706069583462,-2.236135122771521
HYPEUSDT-2026-08-19-short,HYPEUSDT,short,-1,unknown,2.8084,False,0.0,0.0,0.0,0.0,0.0,0.0,3.173523399555763,185.78333333333333,2.3669413748068604,4.285705732927496,0.9107661472136548,0.9389152185360718,2.7835051546391707,-1.0765490896462706,2.2844006649706206,1.873736155687089,-0.627561758906503
BTCUSDT-2026-08-20-long,BTCUSDT,long,1,win,1.0739,True,0.0,0.0,0.0,0.0,0.0,0.0,1.5590488967140363,94.35,5.602963211555793,4.766199712244897,0.9041488935175449,-0.2592378752886751,7.765163032715685,-1.9003548616039787,,,
BTCUSDT-2026-08-20-short,BTCUSDT,short,-1,loss,2.3481,True,0.0,1.0,0.0,1.0,0.0,1.0,4.30456650342364,139.76666666666668,9.155181146324448,11.064280765260422,0.9317164355402934,1.061975487532453,12.89339215016692,2.7679205110007095,,,
ARBUSDT-2026-08-20-short,ARBUSDT,short,-1,unknown,2.4297,False,0.0,0.0,0.0,0.0,0.0,0.0,0.5825251831881508,189.56666666666666,4.085529905553899,5.074670588666665,1.5641145383618857,0.5445292620865143,18.580765639589185,-1.8763796909492199,-0.2574390579369923,8.949459447975272,3.9331119440083384
BTCUSDT-2026-08-21-long,BTCUSDT,long,1,breakeven,2.3286,True,0.0,0.0,0.0,0.0,0.0,0.0,0.85918026803621,178.11666666666667,8.832744712506496,7.550100577805665,1.372739613572616,0.6563361825966391,12.220736591944778,5.313781936438437,,,
