symbol,time_utc,price,field,inside_bar,dist_to_range_pct,dist_to_close_pct
ADAUSDT,2026-05-28 17:23:18+00:00,0.234,entry_price,True,0.0,0.042735042735038024
ADAUSDT,2026-05-30 05:32:55+00:00,0.2385,price_ref,False,1.341719077568126,1.3836477987421374
ADAUSDT,2026-05-30 05:32:55+00:00,0.2343,entry_price,False,0.21340162185232628,0.38412291933418014
ALLOUSDT,2026-06-10 08:21:57+00:00,0.425,entry_price,True,0.0,0.2141176470588287
ARBUSDT,2026-08-20 15:09:34+00:00,0.0889,entry_price,True,0.0,0.05624296962880582
ARKMUSDT,2026-07-31 15:38:00+00:00,0.096,entry_price,False,1.5625000000000013,1.6666666666666712
ARKMUSDT,2026-07-31 15:38:00+00:00,0.096,entry_price,False,1.5625000000000013,1.6666666666666712
AVAXUSDT,2026-05-22 13:19:59+00:00,9.569,entry_price,True,0.0,0.29261155815655204
AVAXUSDT,2026-07-08 14:42:46+00:00,6.42,entry_price,True,0.0,0.24922118380062327
AVAXUSDT,2026-08-20 17:07:05+00:00,7.2,entry_price,False,0.041666666666668246,0.8611111111111026
AVNTUSDT,2026-05-08 03:43:06+00:00,0.158,price_ref,False,0.18987341772151564,0.31645569620253194
AVNTUSDT,2026-05-08 03:43:06+00:00,0.158,entry_price,False,0.18987341772151564,0.31645569620253194
AVNTUSDT,2026-05-09 01:48:32+00:00,0.16787,card_mark_price,True,0.0,0.5182581759694894
AVNTUSDT,2026-05-09 01:48:32+00:00,0.16787,price_ref,True,0.0,0.5182581759694894
AVNTUSDT,2026-05-09 01:48:32+00:00,0.15851,entry_price,False,4.977603936660135,5.356128950854834
AVNTUSDT,2026-05-10 18:01:23+00:00,0.15851,entry_price,False,5.166866443757476,5.166866443757476
AVNTUSDT,2026-05-10 18:01:23+00:00,0.16709,card_mark_price,True,0.0,0.23340714584954306
AVNTUSDT,2026-05-10 18:01:23+00:00,0.16709,price_ref,True,0.0,0.23340714584954306
BBUSDT,2026-05-14 00:18:10+00:00,0.03535,entry_price,True,0.0,1.3861386138613787
BBUSDT,2026-05-14 16:03:51+00:00,0.03709,card_mark_price,False,8.546778107306551,8.68158533297385
BBUSDT,2026-05-15 00:20:30+00:00,0.03538,entry_price,False,1.7806670435274126,2.3742227247032233
BBUSDT,2026-05-15 00:20:30+00:00,0.0371,price_ref,False,0.6738544474393536,2.37196765498652
BBUSDT,2026-05-15 00:20:30+00:00,0.0371,card_mark_price,False,0.6738544474393536,2.37196765498652
BEATUSDT,2026-05-23 05:33:37+00:00,1.286,entry_price,True,0.0,4.339035769828933
BEATUSDT,2026-05-23 06:21:38+00:00,1.169,price_ref,True,0.0,3.071000855431997
BEATUSDT,2026-05-23 06:21:38+00:00,1.2875,entry_price,False,5.266019417475734,6.415533980582524
BEATUSDT,2026-06-09 05:08:31+00:00,4.25,entry_price,False,0.36470588235294804,2.9082352941176404
BEATUSDT,2026-06-09 08:14:10+00:00,3.7131,price_ref,True,0.0,3.2802779348792206
BEATUSDT,2026-06-09 08:14:10+00:00,4.2,entry_price,False,5.238095238095243,8.692857142857143
BEATUSDT,2026-06-09 08:14:10+00:00,3.7131,card_mark_price,True,0.0,3.2802779348792206
BEATUSDT,2026-06-09 16:55:34+00:00,4.7,entry_price,True,0.0,1.8042553191489266
BEATUSDT,2026-06-09 16:55:40+00:00,4.7,entry_price,True,0.0,1.8042553191489266
BEATUSDT,2026-06-27 03:16:37+00:00,2.6,entry_price,False,1.884615384615382,2.653846153846152
BEATUSDT,2026-07-01 14:24:05+00:00,2.6,entry_price,True,0.0,1.2307692307692317
BEATUSDT,2026-07-01 14:24:05+00:00,4.0,price_ref,False,33.425000000000004,34.199999999999996
BERAUSDT,2026-08-21 10:51:59+00:00,0.19,entry_price,True,0.0,3.3157894736842106
BNBUSDT,2026-06-01 14:50:57+00:00,680.0,entry_price,True,0.0,0.1514705882352901
BNBUSDT,2026-06-01 19:21:47+00:00,693.96,price_ref,True,0.0,0.25938094414663015
BNBUSDT,2026-06-01 19:21:47+00:00,693.96,card_mark_price,True,0.0,0.25938094414663015
BNBUSDT,2026-06-01 19:21:47+00:00,676.49,entry_price,False,2.3459326819317368,2.8485269553134533
BNBUSDT,2026-06-01 20:24:24+00:00,701.97,price_ref,True,0.0,0.2022878470590015
BNBUSDT,2026-06-01 20:24:24+00:00,676.49,entry_price,False,3.318600422770484,3.556593593401225
BNBUSDT,2026-06-01 20:24:24+00:00,701.97,card_mark_price,True,0.0,0.2022878470590015
BNBUSDT,2026-07-25 08:55:37+00:00,565.0,entry_price,True,0.0,0.03893805309734996
BNBUSDT,2026-07-26 10:05:19+00:00,571.95,price_ref,False,0.02972287787395275,0.06294256490952245
BNBUSDT,2026-07-26 10:05:19+00:00,571.95,card_mark_price,False,0.02972287787395275,0.06294256490952245
BNBUSDT,2026-07-26 10:05:19+00:00,565.35,entry_price,False,1.0772088087025793,1.1037410453701264
BNBUSDT,2026-07-27 06:17:52+00:00,577.3,price_ref,False,0.19054217910963261,0.34297592239735053
BNBUSDT,2026-07-27 06:17:52+00:00,565.46,entry_price,False,1.6959643476107802,1.7437130831535408
BNBUSDT,2026-07-27 06:18:19+00:00,576.08,price_ref,True,0.0,0.13192612137203008
BNBUSDT,2026-07-27 06:18:19+00:00,565.35,entry_price,False,1.715751304501624,1.7635093305032328
BNBUSDT,2026-07-31 11:04:14+00:00,582.0,entry_price,False,1.828178694158073,1.8659793814433012
BNBUSDT,2026-07-31 14:22:19+00:00,586.6,entry_price,True,0.0,0.05284691442208411
BNBUSDT,2026-08-02 15:58:34+00:00,587.0,price_ref,True,0.0,0.05451448040886712
BNBUSDT,2026-08-05 13:05:17+00:00,599.41,price_ref,True,0.0,0.16349410253416163
BOMEUSDT,2026-05-18 14:05:56+00:00,0.000599,entry_price,True,0.0,0.05008347245408232
BOMEUSDT,2026-05-19 01:02:19+00:00,0.0005998,entry_price,False,2.6008669556518744,2.6175391797265757
BOMEUSDT,2026-05-19 01:02:19+00:00,0.0005998,entry_price,False,2.6008669556518744,2.6175391797265757
BOMEUSDT,2026-05-19 01:02:19+00:00,0.0006203,price_ref,False,0.2579397065935725,0.7738191197807351
BOMEUSDT,2026-05-19 01:02:19+00:00,0.0006203,card_mark_price,False,0.2579397065935725,0.7738191197807351
BOMEUSDT,2026-05-19 07:30:37+00:00,0.0005998,entry_price,False,7.2857619206402005,7.635878626208722
BOMEUSDT,2026-05-19 07:30:37+00:00,0.000643,card_mark_price,False,0.07776049766717853,0.40435458786935535
BOMEUSDT,2026-05-19 07:30:37+00:00,0.000643,price_ref,False,0.07776049766717853,0.40435458786935535
BONKUSDT,2026-05-20 17:35:41+00:00,0.614,entry_price,False,99.9989951140065,99.99899674267101
BONKUSDT,2026-05-22 13:02:49+00:00,0.006323,price_ref,False,99.89973114028152,99.90004744583267
BONKUSDT,2026-05-22 13:02:49+00:00,0.006158,entry_price,False,99.8970444949659,99.89736927573888
BTCUSDT,2026-05-07 08:06:57+00:00,81500.0,entry_price,True,0.0,0.0392638036809816
BTCUSDT,2026-05-07 22:40:42+00:00,79700.0,entry_price,True,0.0,0.1075282308657429
BTCUSDT,2026-05-07 22:40:42+00:00,79700.0,price_ref,True,0.0,0.1075282308657429
BTCUSDT,2026-05-08 03:24:00+00:00,79590.0,entry_price,True,0.0,0.05390124387485134
BTCUSDT,2026-05-08 03:24:00+00:00,79590.0,price_ref,True,0.0,0.05390124387485134
BTCUSDT,2026-05-08 10:48:41+00:00,79564.8,entry_price,False,0.6526755550193086,0.7509602236164736
BTCUSDT,2026-05-08 18:22:35+00:00,79500.0,entry_price,False,0.7840251572327082,0.8805031446540881
BTCUSDT,2026-05-09 01:48:32+00:00,80333.9,card_mark_price,True,0.0,0.06709496240067292
BTCUSDT,2026-05-09 01:48:32+00:00,80333.9,price_ref,True,0.0,0.06709496240067292
BTCUSDT,2026-05-09 01:48:32+00:00,79764.4,entry_price,False,0.6464036587751,0.6464036587751
BTCUSDT,2026-05-09 03:06:56+00:00,79764.4,entry_price,False,0.6998109432278206,0.7878201302836965
BTCUSDT,2026-05-09 03:06:56+00:00,80400.0,price_ref,True,0.0,0.008955223880593395
BTCUSDT,2026-05-09 03:54:44+00:00,79500.0,entry_price,False,0.99169811320754,1.057358490566045
BTCUSDT,2026-05-09 04:10:34+00:00,80300.0,entry_price,False,0.050684931506845686,0.2740971357409786
BTCUSDT,2026-05-09 06:53:50+00:00,79000.0,entry_price,False,1.4613924050632912,1.5378481012658154
BTCUSDT,2026-05-10 23:30:48+00:00,82300.0,entry_price,True,0.0,0.0592952612393717
BTCUSDT,2026-05-10 23:30:48+00:00,82300.0,price_ref,True,0.0,0.0592952612393717
BTCUSDT,2026-05-11 00:58:37+00:00,82202.8,entry_price,False,0.7251577805135662,0.9397490109825943
BTCUSDT,2026-05-11 00:58:37+00:00,81302.9,price_ref,True,0.0,0.1566979775629267
BTCUSDT,2026-05-11 00:59:09+00:00,80000.0,entry_price,False,1.5375,1.7878750000000037
BTCUSDT,2026-05-11 06:13:29+00:00,80600.0,entry_price,False,0.18610421836228289,0.3393300248138958
BTCUSDT,2026-05-11 06:23:32+00:00,80900.0,price_ref,True,0.0,0.06254635352287494
BTCUSDT,2026-05-11 06:23:32+00:00,80900.0,entry_price,True,0.0,0.06254635352287494
BTCUSDT,2026-05-11 16:33:50+00:00,80914.2,entry_price,False,0.7338637717483494,0.7666145126566202
BTCUSDT,2026-05-11 16:33:50+00:00,81798.7,price_ref,True,0.0,0.32298801814698413
BTCUSDT,2026-05-12 01:30:58+00:00,81300.0,entry_price,True,0.0,0.33210332103321033
BTCUSDT,2026-05-12 01:50:49+00:00,81000.0,entry_price,True,0.0,0.1832098765432027
BTCUSDT,2026-05-13 03:14:46+00:00,81100.0,price_ref,False,0.05672009864364982,0.16029593094944514
BTCUSDT,2026-05-13 15:16:30+00:00,79400.0,entry_price,True,0.0,0.1921914357682693
BTCUSDT,2026-05-14 14:30:30+00:00,79200.0,entry_price,False,1.0858585858585859,1.388762626262619
BTCUSDT,2026-05-14 14:38:18+00:00,80199.5,price_ref,True,0.0,0.1251878128915943
BTCUSDT,2026-05-14 14:38:18+00:00,79284.35,entry_price,False,0.9783141313512618,1.2808959145152712
BTCUSDT,2026-05-14 14:38:18+00:00,80199.5,card_mark_price,True,0.0,0.1251878128915943
BTCUSDT,2026-05-14 15:02:51+00:00,79284.35,entry_price,False,1.8801314509105442,2.100729841387346
BTCUSDT,2026-05-14 15:02:51+00:00,80893.8,price_ref,True,0.0,0.0693501850574349
BTCUSDT,2026-05-14 15:13:38+00:00,79313.4,entry_price,False,1.8428159680457603,2.0633335602811127
BTCUSDT,2026-05-14 15:13:38+00:00,80926.4,price_ref,True,0.0,0.029038731489353292
BTCUSDT,2026-05-14 17:12:39+00:00,82000.0,price_ref,False,0.0012195121951219512,0.40280487804878407
BTCUSDT,2026-05-14 17:27:12+00:00,81300.0,entry_price,True,0.0,0.14858548585486214
BTCUSDT,2026-05-16 01:15:48+00:00,81300.0,entry_price,False,2.662976629766298,2.8345633456334562
BTCUSDT,2026-05-16 01:15:48+00:00,82000.0,price_ref,False,3.4939024390243905,3.664024390243902
BTCUSDT,2026-05-16 01:36:09+00:00,76850.0,entry_price,False,2.7591411841249114,2.7824333116460673
BTCUSDT,2026-05-16 01:36:09+00:00,77700.0,price_ref,False,1.6350064350064273,1.6580437580437617
BTCUSDT,2026-05-16 09:58:40+00:00,78000.0,entry_price,True,0.0,0.06679487179487925
BTCUSDT,2026-05-17 10:37:15+00:00,78494.9,price_ref,True,0.0,0.07707507111927019
BTCUSDT,2026-05-17 10:37:15+00:00,78494.9,card_mark_price,True,0.0,0.07707507111927019
BTCUSDT,2026-05-17 10:37:15+00:00,78041.3,entry_price,False,0.42682528353575766,0.5037076522302822
BTCUSDT,2026-05-18 00:50:36+00:00,77000.0,entry_price,True,0.0,0.2281818181818144
BTCUSDT,2026-05-18 14:25:57+00:00,76700.0,entry_price,True,0.0,0.11277705345501955
BTCUSDT,2026-05-20 01:16:21+00:00,76704.7,entry_price,True,0.0,0.20076996585606882
BTCUSDT,2026-05-20 01:16:21+00:00,76853.8,price_ref,True,0.0,0.394385183296084
BTCUSDT,2026-05-20 01:16:21+00:00,76853.8,card_mark_price,True,0.0,0.394385183296084
BTCUSDT,2026-05-20 13:23:21+00:00,77450.5,card_mark_price,True,0.0,0.22788748942873188
BTCUSDT,2026-05-20 13:23:21+00:00,76704.7,entry_price,False,0.7045200620040346,0.7421970231289646
BTCUSDT,2026-05-20 13:23:21+00:00,77450.5,price_ref,True,0.0,0.22788748942873188
BTCUSDT,2026-05-21 01:30:48+00:00,77826.3,price_ref,True,0.0,0.0386758717811219
BTCUSDT,2026-05-21 01:30:48+00:00,76704.7,entry_price,False,1.3979586648536568,1.5014725303664536
BTCUSDT,2026-05-21 12:31:36+00:00,77000.0,entry_price,False,0.031688311688304126,0.2709090909090985
BTCUSDT,2026-05-21 12:31:50+00:00,77000.0,price_ref,False,0.031688311688304126,0.2709090909090985
BTCUSDT,2026-05-21 17:21:34+00:00,77065.1,entry_price,False,0.5135917555417281,1.1342358603310592
BTCUSDT,2026-05-21 17:21:34+00:00,77854.8,card_mark_price,True,0.0,0.10840693187830959
BTCUSDT,2026-05-21 17:21:34+00:00,77854.8,price_ref,True,0.0,0.10840693187830959
BTCUSDT,2026-05-23 07:35:23+00:00,74000.0,entry_price,False,1.4931081081081001,1.6905405405405405
BTCUSDT,2026-05-23 07:39:06+00:00,74000.0,price_ref,False,1.4931081081081001,1.6905405405405405
BTCUSDT,2026-05-23 14:16:47+00:00,75159.2,card_mark_price,True,0.0,0.18041703477419374
BTCUSDT,2026-05-23 14:16:47+00:00,75166.5,entry_price,True,0.0,0.17068773988412778
BTCUSDT,2026-05-23 14:16:47+00:00,75159.2,price_ref,True,0.0,0.18041703477419374
BTCUSDT,2026-05-23 14:22:17+00:00,75100.0,entry_price,False,0.07736351531292386,0.25938748335552986
BTCUSDT,2026-05-23 20:42:51+00:00,75197.2,entry_price,False,0.9650625289239455,2.13731362337959
BTCUSDT,2026-05-23 20:42:51+00:00,76903.8,price_ref,True,0.0,0.129252390649108
BTCUSDT,2026-05-23 20:42:51+00:00,76903.8,card_mark_price,True,0.0,0.129252390649108
BTCUSDT,2026-05-23 20:57:10+00:00,77072.3,card_mark_price,True,0.0,0.22654053401804705
BTCUSDT,2026-05-23 20:57:10+00:00,77072.3,price_ref,True,0.0,0.22654053401804705
BTCUSDT,2026-05-23 20:57:10+00:00,75166.5,entry_price,False,1.996368062900369,2.767722323109356
BTCUSDT,2026-05-23 21:01:23+00:00,75197.2,entry_price,False,2.1988850648694367,2.3171075518769433
BTCUSDT,2026-05-23 21:01:23+00:00,77348.4,card_mark_price,True,0.0,0.5285177198235366
BTCUSDT,2026-05-23 21:01:23+00:00,77348.4,price_ref,True,0.0,0.5285177198235366
BTCUSDT,2026-05-23 21:12:10+00:00,77036.2,card_mark_price,True,0.0,0.1253955932405691
BTCUSDT,2026-05-23 21:49:01+00:00,76799.9,card_mark_price,False,0.009895846218538396,0.02851566212976082
BTCUSDT,2026-05-23 21:49:01+00:00,77032.7,card_mark_price,False,0.312075261544765,0.33063880663665834
BTCUSDT,2026-05-23 21:49:01+00:00,77140.7,card_mark_price,False,0.4516422588853798,0.47017981428739575
BTCUSDT,2026-05-23 23:33:55+00:00,75197.2,entry_price,False,1.8777294899278165,1.969621209300354
BTCUSDT,2026-05-23 23:33:55+00:00,77000.0,price_ref,False,0.33766233766233766,0.417792207792204
BTCUSDT,2026-05-23 23:33:55+00:00,76609.2,price_ref,True,0.0,0.09019804409914974
BTCUSDT,2026-05-23 23:33:55+00:00,75197.2,entry_price,False,1.8777294899278165,1.969621209300354
BTCUSDT,2026-05-23 23:34:56+00:00,76609.2,price_ref,True,0.0,0.09019804409914974
BTCUSDT,2026-05-23 23:35:41+00:00,75700.0,entry_price,False,1.2010568031704056,1.292338177014535
BTCUSDT,2026-05-24 04:56:03+00:00,76767.0,price_ref,True,0.0,0.024750218192713013
BTCUSDT,2026-05-24 04:56:03+00:00,76767.0,card_mark_price,True,0.0,0.024750218192713013
BTCUSDT,2026-05-24 04:56:03+00:00,76754.6,entry_price,True,0.0,0.008598833164404244
BTCUSDT,2026-05-24 04:57:06+00:00,76750.0,entry_price,True,0.0,0.00260586319218241
BTCUSDT,2026-05-24 05:03:37+00:00,78300.0,price_ref,False,1.9821200510855685,2.038186462324386
BTCUSDT,2026-05-24 12:58:06+00:00,76754.6,entry_price,False,0.3823875051137,0.4212125397044455
BTCUSDT,2026-05-24 12:58:06+00:00,77060.0,card_mark_price,True,0.0,0.023228652997656606
BTCUSDT,2026-05-24 12:58:06+00:00,77060.0,price_ref,True,0.0,0.023228652997656606
BTCUSDT,2026-05-25 09:08:18+00:00,77416.5,card_mark_price,True,0.0,0.012529628696721098
BTCUSDT,2026-05-25 09:08:18+00:00,77416.5,price_ref,True,0.0,0.012529628696721098
BTCUSDT,2026-05-25 09:08:18+00:00,76754.6,entry_price,False,0.8292662589603749,0.8749964171528367
BTCUSDT,2026-05-26 14:32:51+00:00,77906.3,price_ref,True,0.0,1.435313960488429
BTCUSDT,2026-05-26 14:32:51+00:00,76754.6,entry_price,True,0.0,0.04364559257686184
BTCUSDT,2026-05-26 14:34:08+00:00,78012.9,price_ref,False,0.0506326517793852,1.5699967569465927
BTCUSDT,2026-05-26 14:34:08+00:00,76754.6,entry_price,True,0.0,0.04364559257686184
BTCUSDT,2026-05-26 14:45:39+00:00,78012.9,price_ref,False,1.0826414605789445,1.460399498031721
BTCUSDT,2026-05-26 14:46:05+00:00,78049.1,price_ref,False,1.1285203801196975,1.5061032093899864
BTCUSDT,2026-05-27 00:18:30+00:00,75900.0,entry_price,True,0.0,0.011330698287227695
BTCUSDT,2026-05-27 00:24:59+00:00,75900.0,entry_price,True,0.0,0.011330698287227695
BTCUSDT,2026-05-28 04:44:12+00:00,73000.0,entry_price,True,0.0,0.20561643835617238
BTCUSDT,2026-05-28 14:16:30+00:00,75000.0,price_ref,False,1.9235999999999962,2.748666666666667
BTCUSDT,2026-05-29 15:35:56+00:00,74036.0,price_ref,True,0.0,0.3279485655627032
BTCUSDT,2026-05-29 15:35:56+00:00,74036.0,card_mark_price,True,0.0,0.3279485655627032
BTCUSDT,2026-05-29 15:35:56+00:00,73141.2,entry_price,False,0.6708941061945894,0.8914264463804259
BTCUSDT,2026-05-29 19:15:55+00:00,74200.0,price_ref,False,1.0563342318059339,1.20822102425876
BTCUSDT,2026-06-01 17:37:01+00:00,71500.0,entry_price,True,0.0,0.2721678321678403
BTCUSDT,2026-06-01 18:12:12+00:00,71551.3,price_ref,True,0.0,0.13067547340160135
BTCUSDT,2026-06-01 18:12:12+00:00,71514.9,entry_price,True,0.0,0.07984350114450453
BTCUSDT,2026-06-02 08:51:30+00:00,69446.0,entry_price,False,0.3334965296777436,0.501684762261317
BTCUSDT,2026-06-02 10:04:58+00:00,69300.0,entry_price,False,0.023809523809523808,0.46883116883116044
BTCUSDT,2026-06-02 10:08:07+00:00,69400.0,entry_price,True,0.0,0.3240634005763605
BTCUSDT,2026-06-03 06:39:45+00:00,67300.0,entry_price,True,0.0,0.01352154531947373
BTCUSDT,2026-06-04 01:33:47+00:00,62800.0,entry_price,True,0.0,0.019904458598726117
BTCUSDT,2026-06-04 05:52:37+00:00,64082.2,price_ref,True,0.0,0.2412526411390348
BTCUSDT,2026-06-04 05:52:37+00:00,63094.1,entry_price,False,1.2424299577932034,1.3210426965437339
BTCUSDT,2026-06-04 10:22:03+00:00,62800.0,entry_price,True,0.0,0.5388535031847157
BTCUSDT,2026-06-04 10:24:16+00:00,62800.0,entry_price,True,0.0,0.5388535031847157
BTCUSDT,2026-06-04 11:43:21+00:00,62700.0,entry_price,True,0.0,0.7976076555023901
BTCUSDT,2026-06-04 12:33:44+00:00,63600.0,price_ref,True,0.0,0.11352201257861178
BTCUSDT,2026-06-04 12:54:49+00:00,63567.7,price_ref,True,0.0,0.26806066603007733
BTCUSDT,2026-06-04 12:54:49+00:00,62711.2,entry_price,False,1.2032938294913922,1.6375065379071068
BTCUSDT,2026-06-05 08:56:04+00:00,62300.0,entry_price,True,0.0,0.20850722311396702
BTCUSDT,2026-06-05 16:24:30+00:00,62300.0,entry_price,False,1.2038523274478332,2.2473515248796128
BTCUSDT,2026-06-06 09:10:39+00:00,61000.0,entry_price,False,0.15540983606557854,0.31295081967213356
BTCUSDT,2026-06-07 22:22:14+00:00,64100.0,price_ref,True,0.0,1.7656786271450904
BTCUSDT,2026-06-07 22:24:15+00:00,64000.0,price_ref,True,0.0,1.6121875000000045
BTCUSDT,2026-06-08 11:06:00+00:00,63123.0,entry_price,True,0.0,0.4560936584129421
BTCUSDT,2026-06-09 10:54:22+00:00,62600.0,price_ref,False,0.021246006389781007,0.23961661341853036
BTCUSDT,2026-06-09 14:31:10+00:00,61400.0,entry_price,True,0.0,0.11433224755699851
BTCUSDT,2026-06-09 23:42:36+00:00,61600.0,price_ref,True,0.0,0.011850649350654075
BTCUSDT,2026-06-10 08:49:46+00:00,61100.0,entry_price,False,0.04697217675940604,0.21063829787233568
BTCUSDT,2026-06-10 15:56:57+00:00,62700.0,price_ref,True,0.0,0.15183413078149458
BTCUSDT,2026-06-10 16:03:48+00:00,61100.0,entry_price,False,1.9453355155482792,1.9801963993453378
BTCUSDT,2026-06-10 16:03:48+00:00,63200.0,entry_price,False,0.9223101265822807,1.408386075949365
BTCUSDT,2026-06-10 16:03:48+00:00,62668.4,price_ref,False,0.08185943793044485,0.5720586451864097
BTCUSDT,2026-06-10 17:04:13+00:00,62200.0,entry_price,True,0.0,0.21897106109324294
BTCUSDT,2026-06-11 04:02:15+00:00,62900.0,price_ref,False,0.2972972972972973,0.4200317965023801
BTCUSDT,2026-06-11 08:40:04+00:00,62946.0,price_ref,True,0.0,0.18015441807263602
BTCUSDT,2026-06-11 12:59:59+00:00,62200.0,entry_price,False,1.008681672025726,1.2512861736334453
BTCUSDT,2026-06-11 13:00:57+00:00,62800.0,price_ref,False,0.044745222929933985,0.12484076433121251
BTCUSDT,2026-06-11 13:00:57+00:00,62800.0,entry_price,False,0.044745222929933985,0.12484076433121251
BTCUSDT,2026-06-11 19:38:19+00:00,63800.0,price_ref,True,0.0,0.2297805642633206
BTCUSDT,2026-06-11 19:38:19+00:00,63800.0,price_ref,True,0.0,0.2297805642633206
BTCUSDT,2026-06-12 08:54:07+00:00,63400.0,entry_price,True,0.0,0.0638801261829653
BTCUSDT,2026-06-12 15:33:06+00:00,63000.0,entry_price,False,1.216349206349211,1.3863492063492087
BTCUSDT,2026-06-12 15:33:06+00:00,66000.0,entry_price,False,2.878787878787879,3.2221212121212104
BTCUSDT,2026-06-13 00:24:26+00:00,63500.0,entry_price,True,0.0,0.0
BTCUSDT,2026-06-13 00:25:23+00:00,63500.0,price_ref,True,0.0,0.0
BTCUSDT,2026-06-13 13:14:38+00:00,64200.0,price_ref,False,0.09408099688473746,0.09688473520248768
BTCUSDT,2026-06-13 18:25:11+00:00,64200.0,price_ref,False,0.026947040498446904,0.06230529595015576
BTCUSDT,2026-06-13 18:25:11+00:00,63300.0,entry_price,False,1.1056872037914716,1.3586097946287519
BTCUSDT,2026-06-14 21:29:25+00:00,63094.1,entry_price,False,1.556088445670836,2.624651116348438
BTCUSDT,2026-06-15 02:51:14+00:00,66000.0,entry_price,False,0.6957575757575714,0.8646969696969653
BTCUSDT,2026-06-15 11:37:24+00:00,66000.0,entry_price,False,0.13333333333333333,0.17954545454545454
BTCUSDT,2026-06-16 14:28:56+00:00,66200.0,entry_price,False,0.2474320241691887,1.0208459214501555
BTCUSDT,2026-06-16 14:28:56+00:00,66200.0,entry_price,False,0.2474320241691887,1.0208459214501555
BTCUSDT,2026-06-16 14:36:35+00:00,66200.0,entry_price,False,0.724018126888222,0.8098187311178336
BTCUSDT,2026-06-16 14:54:03+00:00,65634.5,price_ref,True,0.0,0.0065514325545298745
BTCUSDT,2026-06-16 14:54:03+00:00,67119.9,entry_price,False,2.0411234224127273,2.219460994429368
BTCUSDT,2026-06-16 14:57:27+00:00,64000.0,entry_price,False,2.4598437500000045,2.5471874999999953
BTCUSDT,2026-06-16 14:57:27+00:00,67000.0,entry_price,False,1.865820895522397,2.0444776119403025
BTCUSDT,2026-06-16 15:37:22+00:00,66700.0,entry_price,False,1.0772113943028485,1.3274362818590617
BTCUSDT,2026-06-17 12:18:38+00:00,64700.0,entry_price,True,0.0,0.06986089644512689
BTCUSDT,2026-06-17 12:18:38+00:00,64700.0,price_ref,True,0.0,0.06986089644512689
BTCUSDT,2026-06-17 12:20:38+00:00,63900.0,entry_price,False,1.1059467918622803,1.1812206572769999
BTCUSDT,2026-06-17 13:53:16+00:00,65257.6,price_ref,True,0.0,0.037849997548173836
BTCUSDT,2026-06-17 13:53:16+00:00,64736.5,entry_price,False,0.7005321572837581,0.7668008001668324
BTCUSDT,2026-06-17 13:53:16+00:00,65257.6,card_mark_price,True,0.0,0.037849997548173836
BTCUSDT,2026-06-17 16:28:07+00:00,66021.6,price_ref,True,0.0,0.304900214475245
BTCUSDT,2026-06-17 16:29:48+00:00,64736.5,entry_price,False,1.610374363766963,2.296077174391563
BTCUSDT,2026-06-17 16:29:48+00:00,66370.9,price_ref,True,0.0,0.22298929199393108
BTCUSDT,2026-06-17 16:29:48+00:00,66370.9,card_mark_price,True,0.0,0.22298929199393108
BTCUSDT,2026-06-17 16:56:33+00:00,64700.0,entry_price,False,1.7052550231839305,1.7460587326120511
BTCUSDT,2026-06-17 18:10:27+00:00,64700.0,entry_price,False,0.07202472952086328,0.8729520865533275
BTCUSDT,2026-06-17 19:54:34+00:00,63800.0,entry_price,False,0.3369905956112853,0.7387147335423243
BTCUSDT,2026-06-17 20:00:41+00:00,64600.0,entry_price,False,0.2631578947368421,0.6388544891640822
BTCUSDT,2026-06-17 20:04:20+00:00,64300.0,price_ref,True,0.0,0.17527216174183063
BTCUSDT,2026-06-17 20:04:20+00:00,64300.0,entry_price,True,0.0,0.17527216174183063
BTCUSDT,2026-06-17 20:08:23+00:00,64500.0,entry_price,False,0.10852713178294572,0.4848062015503831
BTCUSDT,2026-06-17 20:08:23+00:00,64260.0,entry_price,True,0.0,0.11313414254590273
BTCUSDT,2026-06-18 15:18:26+00:00,63900.0,entry_price,False,0.5145539906103332,1.072143974960874
BTCUSDT,2026-06-18 18:26:47+00:00,63700.0,entry_price,False,1.2045525902668806,1.3712715855572999
BTCUSDT,2026-06-18 18:26:47+00:00,62800.0,entry_price,True,0.0,0.04219745222929936
BTCUSDT,2026-06-18 18:26:47+00:00,62800.0,price_ref,True,0.0,0.04219745222929936
BTCUSDT,2026-06-19 01:06:43+00:00,62800.0,entry_price,False,0.10159235668790272,0.2229299363057325
BTCUSDT,2026-06-19 01:06:43+00:00,63700.0,entry_price,False,1.0048665620094168,1.1930926216640503
BTCUSDT,2026-06-19 19:56:43+00:00,62800.0,entry_price,False,0.2515923566878981,0.3214968152866265
BTCUSDT,2026-06-19 19:56:43+00:00,62800.0,entry_price,False,0.2515923566878981,0.3214968152866265
BTCUSDT,2026-06-20 14:53:47+00:00,63923.2,price_ref,True,0.0,0.00985557669203499
BTCUSDT,2026-06-20 14:53:47+00:00,63923.2,card_mark_price,True,0.0,0.00985557669203499
BTCUSDT,2026-06-20 14:53:47+00:00,63667.3,entry_price,True,0.0,0.411828364011034
BTCUSDT,2026-06-20 14:54:21+00:00,62800.0,entry_price,False,1.0592356687898044,1.7985668789808915
BTCUSDT,2026-06-20 15:38:04+00:00,63923.2,price_ref,False,0.186004455346418,0.2556192430917123
BTCUSDT,2026-06-20 15:38:04+00:00,63667.3,entry_price,False,0.5886852434452153,0.6585798361168066
BTCUSDT,2026-06-20 15:38:04+00:00,63923.2,card_mark_price,False,0.186004455346418,0.2556192430917123
BTCUSDT,2026-06-20 15:38:55+00:00,62800.0,entry_price,False,1.977866242038214,2.0487261146496794
BTCUSDT,2026-06-20 15:38:55+00:00,62800.0,entry_price,False,1.977866242038214,2.0487261146496794
BTCUSDT,2026-06-20 19:22:58+00:00,62800.0,entry_price,False,1.6159235668789855,1.6488853503184715
BTCUSDT,2026-06-20 19:22:58+00:00,63000.0,entry_price,False,1.2933333333333379,1.3261904761904761
BTCUSDT,2026-06-20 19:22:58+00:00,64150.0,price_ref,False,0.3912704598597039,0.490257209664848
BTCUSDT,2026-06-22 02:30:05+00:00,64594.2,price_ref,False,0.06068656318987942,0.20744896600623586
BTCUSDT,2026-06-22 02:30:05+00:00,63044.0,entry_price,False,2.2032231457394835,2.2463676162679986
BTCUSDT,2026-06-22 02:30:05+00:00,64594.2,card_mark_price,False,0.06068656318987942,0.20744896600623586
BTCUSDT,2026-06-22 12:57:09+00:00,63044.0,entry_price,False,3.03137491275934,3.2930968847154345
BTCUSDT,2026-06-22 12:57:09+00:00,64987.9,price_ref,True,0.0,0.20342248326226434
BTCUSDT,2026-06-22 16:21:41+00:00,64700.0,price_ref,True,0.0,0.05965996908809666
BTCUSDT,2026-06-22 16:21:41+00:00,63900.0,entry_price,False,1.07981220657277,1.19154929577465
BTCUSDT,2026-06-22 18:04:54+00:00,63600.0,entry_price,False,1.5416666666666667,1.650943396226415
BTCUSDT,2026-06-22 22:30:10+00:00,63940.0,entry_price,True,0.0,0.19174225836721698
BTCUSDT,2026-06-23 14:39:50+00:00,62700.0,price_ref,True,0.0,0.3377990430622056
BTCUSDT,2026-06-24 14:36:22+00:00,63300.0,entry_price,False,3.066350710900474,3.423696682464451
BTCUSDT,2026-06-24 17:34:12+00:00,59500.0,entry_price,True,0.0,0.3475630252100889
BTCUSDT,2026-06-24 17:41:28+00:00,59400.0,entry_price,True,0.0,0.1797979797979847
BTCUSDT,2026-06-24 20:10:48+00:00,60649.7,price_ref,True,0.0,0.0016488127723632599
BTCUSDT,2026-06-24 20:10:48+00:00,59214.3,entry_price,False,1.0125932418351624,2.422387835370838
BTCUSDT,2026-06-24 20:10:48+00:00,60649.7,card_mark_price,True,0.0,0.0016488127723632599
BTCUSDT,2026-06-24 20:11:06+00:00,59595.1,entry_price,False,0.36714427864036286,1.767930584897078
BTCUSDT,2026-06-24 20:11:06+00:00,60793.4,price_ref,True,0.0,0.23801925866953377
BTCUSDT,2026-06-24 20:11:06+00:00,60793.4,card_mark_price,True,0.0,0.23801925866953377
BTCUSDT,2026-06-24 20:54:35+00:00,61117.2,price_ref,True,0.0,0.3120234565719586
BTCUSDT,2026-06-24 20:54:35+00:00,59595.1,entry_price,False,2.084902953430735,2.23407629150719
BTCUSDT,2026-06-24 20:54:35+00:00,61117.2,card_mark_price,True,0.0,0.3120234565719586
BTCUSDT,2026-06-24 20:54:35+00:00,61117.2,price_ref,True,0.0,0.3120234565719586
BTCUSDT,2026-06-24 20:55:14+00:00,61037.6,price_ref,True,0.0,0.18201895225237974
BTCUSDT,2026-06-24 20:55:14+00:00,61037.6,card_mark_price,True,0.0,0.18201895225237974
BTCUSDT,2026-06-24 20:55:14+00:00,59214.3,entry_price,False,2.7413986148616054,2.8915312686293633
BTCUSDT,2026-06-24 23:59:21+00:00,61117.2,price_ref,False,0.05055859888868302,0.10798924034478019
BTCUSDT,2026-06-24 23:59:21+00:00,61117.2,card_mark_price,False,0.05055859888868302,0.10798924034478019
BTCUSDT,2026-06-24 23:59:21+00:00,61117.2,price_ref,False,0.05055859888868302,0.10798924034478019
BTCUSDT,2026-06-24 23:59:21+00:00,59595.1,entry_price,False,2.208403039847233,2.4433216824873165
BTCUSDT,2026-06-25 00:04:47+00:00,59214.3,entry_price,False,3.0158255691614957,3.129311669647365
BTCUSDT,2026-06-25 00:04:47+00:00,61042.1,card_mark_price,True,0.0,0.04128298338360634
BTCUSDT,2026-06-25 00:04:47+00:00,61042.1,price_ref,True,0.0,0.04128298338360634
BTCUSDT,2026-06-25 12:35:07+00:00,61200.0,entry_price,True,0.0,0.24934640522875579
BTCUSDT,2026-06-25 12:35:07+00:00,60600.0,price_ref,False,0.7869636963696393,1.2419141914191394
BTCUSDT,2026-06-25 12:39:09+00:00,61300.0,entry_price,True,0.0,0.08580750407830105
BTCUSDT,2026-06-25 13:02:26+00:00,61270.6,price_ref,True,0.0,0.042271497259699524
BTCUSDT,2026-06-25 13:02:26+00:00,61253.1,entry_price,True,0.0,0.0708535567995766
BTCUSDT,2026-06-25 13:02:26+00:00,62000.0,entry_price,False,1.0646774193548365,1.1346774193548388
BTCUSDT,2026-06-25 13:05:43+00:00,60000.0,entry_price,False,1.900500000000005,2.160833333333333
BTCUSDT,2026-06-25 13:58:03+00:00,58200.0,entry_price,True,0.0,0.0831615120274939
BTCUSDT,2026-06-25 13:58:43+00:00,58200.0,price_ref,True,0.0,0.0831615120274939
BTCUSDT,2026-06-25 13:58:43+00:00,58500.0,entry_price,True,0.0,0.4300854700854676
BTCUSDT,2026-06-25 14:10:34+00:00,58616.4,entry_price,True,0.0,1.0445882039838605
BTCUSDT,2026-06-25 14:10:34+00:00,59502.9,price_ref,True,0.0,0.460817876103525
BTCUSDT,2026-06-25 14:10:34+00:00,58616.4,entry_price,True,0.0,1.0445882039838605
BTCUSDT,2026-06-25 14:10:34+00:00,59502.9,card_mark_price,True,0.0,0.460817876103525
BTCUSDT,2026-06-25 14:18:22+00:00,59100.0,price_ref,True,0.0,0.3262267343485667
BTCUSDT,2026-06-25 14:37:58+00:00,60008.6,price_ref,True,0.0,0.9143689404518638
BTCUSDT,2026-06-25 14:37:58+00:00,58305.1,entry_price,False,1.441726366990192,1.9806157608854162
BTCUSDT,2026-06-25 15:39:49+00:00,58000.0,entry_price,False,1.810344827586207,2.02137931034483
BTCUSDT,2026-06-25 15:39:49+00:00,62000.0,price_ref,False,3.988548387096776,4.56064516129032
BTCUSDT,2026-06-26 05:28:49+00:00,59800.0,entry_price,True,0.0,0.2290969899665552
BTCUSDT,2026-06-26 13:53:58+00:00,59800.0,entry_price,True,0.0,0.5908026755852892
BTCUSDT,2026-06-26 15:39:27+00:00,62000.0,price_ref,False,2.428870967741938,2.5804838709677442
BTCUSDT,2026-06-27 03:20:08+00:00,60000.0,entry_price,False,0.22416666666666665,0.4718333333333309
BTCUSDT,2026-06-28 23:53:53+00:00,59700.0,entry_price,True,0.0,0.25092127303183065
BTCUSDT,2026-06-29 02:42:18+00:00,59000.0,price_ref,False,0.8084745762711865,1.2735593220339008
BTCUSDT,2026-06-29 03:12:13+00:00,60063.9,price_ref,True,0.0,0.14251488831061343
BTCUSDT,2026-06-29 03:12:13+00:00,59200.0,entry_price,False,0.8983108108108158,1.3146959459459509
BTCUSDT,2026-06-29 03:12:13+00:00,60063.9,card_mark_price,True,0.0,0.14251488831061343
BTCUSDT,2026-06-30 13:02:13+00:00,60000.0,entry_price,False,2.298000000000005,2.6161666666666616
BTCUSDT,2026-06-30 13:02:13+00:00,58300.0,entry_price,True,0.0,0.22349914236707186
BTCUSDT,2026-06-30 13:44:44+00:00,58300.0,entry_price,True,0.0,0.40325900514579505
BTCUSDT,2026-06-30 14:22:10+00:00,59104.4,price_ref,True,0.0,0.1526113115098104
BTCUSDT,2026-06-30 14:23:50+00:00,59300.0,price_ref,False,0.29443507588532636,0.4819561551433439
BTCUSDT,2026-06-30 14:58:28+00:00,58400.0,entry_price,False,0.000171232876709837,0.10034246575342216
BTCUSDT,2026-06-30 14:58:28+00:00,59200.0,price_ref,False,0.5155405405405356,1.2523648648648673
BTCUSDT,2026-07-01 01:48:43+00:00,58372.7,entry_price,False,0.5356956248383309,0.6321448211235733
BTCUSDT,2026-07-01 01:48:43+00:00,58957.8,card_mark_price,True,0.0,0.3665333509730787
BTCUSDT,2026-07-01 01:48:43+00:00,58957.8,price_ref,True,0.0,0.3665333509730787
BTCUSDT,2026-07-01 01:56:00+00:00,58950.3,card_mark_price,True,0.0,0.35385740191314685
BTCUSDT,2026-07-01 01:56:00+00:00,58372.7,entry_price,False,0.5356956248383309,0.6321448211235733
BTCUSDT,2026-07-01 01:56:00+00:00,58957.8,card_mark_price,True,0.0,0.3665333509730787
BTCUSDT,2026-07-01 01:56:00+00:00,58486.2,entry_price,False,0.3405931655672695,0.4368551897712623
BTCUSDT,2026-07-01 01:56:00+00:00,58950.3,price_ref,True,0.0,0.35385740191314685
BTCUSDT,2026-07-01 01:56:00+00:00,58957.8,price_ref,True,0.0,0.3665333509730787
BTCUSDT,2026-07-01 01:56:25+00:00,59318.1,price_ref,False,0.5504222151417527,0.9717101525504045
BTCUSDT,2026-07-01 01:56:25+00:00,59972.9,entry_price,False,1.6362390346306463,2.0529272388028668
BTCUSDT,2026-07-01 01:58:53+00:00,59200.0,price_ref,False,0.3520270270270295,0.7741554054054104
BTCUSDT,2026-07-01 01:58:53+00:00,59000.0,price_ref,False,0.014237288135595686,0.43779661016949645
BTCUSDT,2026-07-01 14:17:49+00:00,59939.6,price_ref,True,0.0,0.30564101195202686
BTCUSDT,2026-07-01 14:17:49+00:00,58637.9,entry_price,False,1.9018416416686086,1.907469401189333
BTCUSDT,2026-07-01 15:09:03+00:00,59800.0,entry_price,True,0.0,0.1588628762541806
BTCUSDT,2026-07-01 16:01:27+00:00,60050.0,entry_price,True,0.0,0.10224812656120141
BTCUSDT,2026-07-01 22:23:16+00:00,62000.0,price_ref,False,1.0935483870967742,2.38451612903226
BTCUSDT,2026-07-02 13:29:21+00:00,62000.0,price_ref,False,0.016129032258064516,0.5349999999999953
BTCUSDT,2026-07-02 13:29:43+00:00,59000.0,price_ref,False,4.4596610169491475,4.522542372881361
BTCUSDT,2026-07-03 20:53:23+00:00,64000.0,price_ref,False,1.8012500000000047,1.9385937499999955
BTCUSDT,2026-07-06 22:40:58+00:00,64000.0,price_ref,False,0.234375,0.2939062499999977
BTCUSDT,2026-07-06 22:41:43+00:00,65000.0,price_ref,False,1.2075384615384637,1.2490769230769254
BTCUSDT,2026-07-09 20:35:37+00:00,63200.0,entry_price,False,0.03749999999999539,0.14050632911392866
BTCUSDT,2026-07-10 02:53:30+00:00,63229.9,entry_price,False,0.9198179974980168,1.1151369842432117
BTCUSDT,2026-07-10 02:53:30+00:00,63998.4,card_mark_price,True,0.0,0.09906497662441789
BTCUSDT,2026-07-10 02:53:30+00:00,63998.4,price_ref,True,0.0,0.09906497662441789
BTCUSDT,2026-07-13 03:33:40+00:00,62800.0,entry_price,True,0.0,0.005732484076430804
BTCUSDT,2026-07-13 03:33:45+00:00,62800.0,price_ref,True,0.0,0.005732484076430804
BTCUSDT,2026-07-13 03:33:45+00:00,62800.0,entry_price,True,0.0,0.005732484076430804
BTCUSDT,2026-07-14 04:58:58+00:00,62700.0,entry_price,True,0.0,0.021690590111640422
BTCUSDT,2026-07-14 13:12:22+00:00,63781.6,price_ref,True,0.0,0.027280595030544006
BTCUSDT,2026-07-14 13:12:22+00:00,62775.4,entry_price,False,1.5144467418765901,1.5751393061613237
BTCUSDT,2026-07-14 21:40:11+00:00,64850.0,price_ref,True,0.0,0.21218195836545653
BTCUSDT,2026-07-14 21:40:11+00:00,64850.0,entry_price,True,0.0,0.21218195836545653
BTCUSDT,2026-07-14 21:42:23+00:00,64850.0,price_ref,True,0.0,0.21218195836545653
BTCUSDT,2026-07-16 06:01:24+00:00,64896.8,price_ref,True,0.0,0.08921857472171425
BTCUSDT,2026-07-16 06:01:24+00:00,64948.66,entry_price,True,0.0,0.16899501852694426
BTCUSDT,2026-07-16 06:01:24+00:00,64896.8,card_mark_price,True,0.0,0.08921857472171425
BTCUSDT,2026-07-17 02:03:10+00:00,63469.0,entry_price,True,0.0,0.18260883265846548
BTCUSDT,2026-07-17 02:03:10+00:00,63469.0,price_ref,True,0.0,0.18260883265846548
BTCUSDT,2026-07-17 02:04:09+00:00,63323.0,price_ref,False,0.12317799219872716,0.4135937968826516
BTCUSDT,2026-07-17 02:04:09+00:00,63323.0,entry_price,False,0.12317799219872716,0.4135937968826516
BTCUSDT,2026-07-17 18:30:23+00:00,63100.0,entry_price,False,1.2920760697305909,1.6141045958795563
BTCUSDT,2026-07-17 18:40:07+00:00,64100.0,price_ref,True,0.0,0.028861154446177848
BTCUSDT,2026-07-19 05:34:26+00:00,64900.0,price_ref,False,0.3278890600924544,0.35423728813559546
BTCUSDT,2026-07-20 00:23:14+00:00,63244.7,entry_price,False,2.4103205485993318,2.5284332125854116
BTCUSDT,2026-07-20 00:23:14+00:00,65024.1,price_ref,True,0.0,0.27728180782201617
BTCUSDT,2026-07-20 00:28:37+00:00,64883.9,price_ref,True,0.0,0.06180269681692769
BTCUSDT,2026-07-20 16:01:04+00:00,65578.6,card_mark_price,True,0.0,0.068009991064167
BTCUSDT,2026-07-20 16:01:04+00:00,65578.6,price_ref,True,0.0,0.068009991064167
BTCUSDT,2026-07-20 16:01:04+00:00,63244.7,entry_price,False,3.4020242012374253,3.6197499553322308
BTCUSDT,2026-07-21 07:53:23+00:00,66200.0,price_ref,True,0.0,0.050000000000008794
BTCUSDT,2026-07-21 07:54:47+00:00,66250.0,entry_price,False,0.01509433962264151,0.12543396226415973
BTCUSDT,2026-07-21 07:54:47+00:00,66250.0,price_ref,False,0.01509433962264151,0.12543396226415973
BTCUSDT,2026-07-21 07:56:22+00:00,66500.0,entry_price,False,0.3909774436090226,0.5009022556391065
BTCUSDT,2026-07-23 05:04:33+00:00,66137.7,entry_price,False,0.7854824101836019,0.7947055915158697
BTCUSDT,2026-07-23 05:04:33+00:00,65552.1,card_mark_price,True,0.0,0.09153024845885943
BTCUSDT,2026-07-23 05:04:33+00:00,65552.1,price_ref,True,0.0,0.09153024845885943
BTCUSDT,2026-07-23 07:18:00+00:00,66137.7,entry_price,False,1.0351131049310733,1.102396968748533
BTCUSDT,2026-07-23 07:18:00+00:00,65120.0,price_ref,False,0.3796068796068751,0.4431818181818159
BTCUSDT,2026-07-23 18:10:11+00:00,64600.0,price_ref,False,0.08405572755418407,0.17554179566563693
BTCUSDT,2026-07-23 18:28:28+00:00,64700.0,entry_price,True,0.0,0.13972179289026498
BTCUSDT,2026-07-23 18:28:28+00:00,64700.0,price_ref,True,0.0,0.13972179289026498
BTCUSDT,2026-07-24 07:16:44+00:00,64790.5,entry_price,False,1.2381444810581752,1.27055664024818
BTCUSDT,2026-07-24 07:16:44+00:00,65700.0,price_ref,True,0.0,0.13135464231355085
BTCUSDT,2026-07-24 07:16:44+00:00,65716.4,card_mark_price,True,0.0,0.1562775806343578
BTCUSDT,2026-07-24 09:23:57+00:00,64700.0,entry_price,False,0.3395672333848487,0.3738794435857828
BTCUSDT,2026-07-26 03:40:00+00:00,64350.0,entry_price,False,0.24087024087024086,0.24941724941724944
BTCUSDT,2026-07-26 16:41:03+00:00,64800.0,price_ref,True,0.0,0.00555555555555331
BTCUSDT,2026-07-26 16:41:53+00:00,64489.7,entry_price,False,0.4343329244825233,0.4755798212737916
BTCUSDT,2026-07-26 16:41:53+00:00,64791.9,price_ref,True,0.0,0.006945312608520509
BTCUSDT,2026-07-26 16:41:53+00:00,65716.4,card_mark_price,False,1.228612644636642,1.3999549579709065
BTCUSDT,2026-07-26 16:42:40+00:00,65500.0,price_ref,False,0.9022900763358779,1.0741984732824406
BTCUSDT,2026-07-27 02:40:00+00:00,65555.0,price_ref,False,0.45854625886659833,0.5215467927694325
BTCUSDT,2026-07-27 03:16:35+00:00,66500.0,price_ref,False,1.781203007518797,1.8184962406015082
BTCUSDT,2026-07-27 06:24:31+00:00,66000.0,price_ref,False,0.581515151515156,0.8110606060606105
BTCUSDT,2026-07-27 08:50:11+00:00,65200.0,entry_price,False,0.030674846625766874,0.10276073619631901
BTCUSDT,2026-07-27 15:43:56+00:00,64500.0,price_ref,True,0.0,0.07193798449612629
BTCUSDT,2026-07-27 15:44:26+00:00,65213.3,entry_price,False,0.8334189498154516,1.0226441538765887
BTCUSDT,2026-07-27 15:44:26+00:00,64551.1,price_ref,True,0.0,0.007281053305051487
BTCUSDT,2026-07-27 16:23:53+00:00,63500.0,entry_price,False,1.541732283464567,1.8924409448818853
BTCUSDT,2026-07-28 02:08:21+00:00,63100.0,entry_price,False,0.03312202852615128,0.2126782884310572
BTCUSDT,2026-07-28 17:06:58+00:00,63939.0,price_ref,True,0.0,0.24413894493188595
BTCUSDT,2026-07-28 17:06:58+00:00,63182.1,entry_price,False,0.929535422216107,0.9509022333857262
BTCUSDT,2026-07-28 17:06:58+00:00,63100.0,entry_price,False,1.0608557844690991,1.0822503961965158
BTCUSDT,2026-07-28 17:10:41+00:00,64100.0,price_ref,False,0.12480499219968799,0.494695787831511
BTCUSDT,2026-07-29 07:42:18+00:00,64160.0,entry_price,False,0.3926122194513738,0.4809850374064816
BTCUSDT,2026-07-29 07:45:11+00:00,64160.0,entry_price,False,0.41864089775560875,0.5907107231920199
BTCUSDT,2026-07-29 07:49:13+00:00,63700.0,entry_price,False,1.1437990580847701,1.3171114599686027
BTCUSDT,2026-07-29 08:07:06+00:00,66000.0,price_ref,False,2.1869696969696992,2.511818181818186
BTCUSDT,2026-07-29 10:12:16+00:00,64652.4,card_mark_price,True,0.0,0.027377173933225005
BTCUSDT,2026-07-29 10:12:16+00:00,64652.4,price_ref,True,0.0,0.027377173933225005
BTCUSDT,2026-07-29 10:12:16+00:00,63182.1,entry_price,False,2.229745450056271,2.2990688818510283
BTCUSDT,2026-07-29 13:27:22+00:00,64100.0,entry_price,False,0.021216848673944688,0.12121684867394242
BTCUSDT,2026-07-29 13:32:39+00:00,63700.0,entry_price,False,0.6510204081632607,1.1686028257456853
BTCUSDT,2026-07-30 09:40:20+00:00,63812.5,entry_price,False,1.0298922624877525,1.1898922624877617
BTCUSDT,2026-07-30 09:40:20+00:00,64578.7,price_ref,True,0.0,0.010684637504307426
BTCUSDT,2026-07-30 09:40:20+00:00,64578.7,card_mark_price,True,0.0,0.010684637504307426
BTCUSDT,2026-07-30 11:39:57+00:00,67000.0,price_ref,False,3.4391044776119357,3.5249253731343235
BTCUSDT,2026-07-30 11:56:43+00:00,64800.0,price_ref,True,0.0,0.05123456790123008
BTCUSDT,2026-07-30 11:56:43+00:00,63812.5,entry_price,False,1.2710675808031318,1.4954750244858028
BTCUSDT,2026-07-30 13:58:50+00:00,65200.0,entry_price,False,0.06595092024539878,0.31303680981594867
BTCUSDT,2026-07-30 14:04:20+00:00,65000.0,entry_price,True,0.0,0.45984615384615607
BTCUSDT,2026-07-31 05:17:01+00:00,64200.0,price_ref,False,0.15700934579439704,0.15700934579439704
BTCUSDT,2026-07-31 07:23:26+00:00,63969.0,entry_price,True,0.0,0.00046897716081681807
BTCUSDT,2026-07-31 14:08:19+00:00,62200.0,entry_price,False,0.3384244372990354,0.7549839228295796
BTCUSDT,2026-07-31 14:22:19+00:00,63500.0,price_ref,False,1.2078740157480314,1.3795275590551181
BTCUSDT,2026-08-01 08:27:43+00:00,63000.0,entry_price,False,0.09825396825397056,0.09841269841269842
BTCUSDT,2026-08-02 07:10:06+00:00,63500.0,price_ref,False,0.051811023622049535,0.0625196850393655
BTCUSDT,2026-08-02 07:10:06+00:00,62500.0,entry_price,False,1.5217599999999978,1.5364800000000047
BTCUSDT,2026-08-02 22:12:44+00:00,64000.0,price_ref,False,0.3453125,0.5078125
BTCUSDT,2026-08-03 08:25:55+00:00,61800.0,entry_price,False,0.797572815533983,0.8203883495145632
BTCUSDT,2026-08-03 13:56:57+00:00,63220.0,price_ref,True,0.0,0.15438152483391102
BTCUSDT,2026-08-03 13:56:57+00:00,63220.0,card_mark_price,True,0.0,0.15438152483391102
BTCUSDT,2026-08-03 13:56:57+00:00,62512.3,entry_price,False,0.4258361954367334,1.2882264770293135
BTCUSDT,2026-08-03 14:51:18+00:00,64000.0,price_ref,False,0.06812499999999773,0.11265624999999772
BTCUSDT,2026-08-04 11:44:56+00:00,64500.0,price_ref,False,0.9834108527131828,1.0069767441860464
BTCUSDT,2026-08-04 14:40:44+00:00,64400.0,price_ref,False,0.35916149068323433,0.4680124223602507
BTCUSDT,2026-08-05 00:18:55+00:00,64500.0,price_ref,False,0.7125581395348815,0.7125581395348815
BTCUSDT,2026-08-05 12:38:28+00:00,64500.0,price_ref,True,0.0,0.09007751937984271
BTCUSDT,2026-08-06 09:27:31+00:00,64823.0,entry_price,False,0.00802184409854078,0.18990173240979055
BTCUSDT,2026-08-06 09:27:31+00:00,64774.6,price_ref,True,0.0,0.11532298153905558
BTCUSDT,2026-08-06 09:27:31+00:00,64774.6,card_mark_price,True,0.0,0.11532298153905558
BTCUSDT,2026-08-06 15:12:03+00:00,64800.0,entry_price,True,0.0,0.036111111111113356
BTCUSDT,2026-08-07 09:11:09+00:00,65300.0,entry_price,False,0.8483920367534457,0.9186830015313958
BTCUSDT,2026-08-07 09:32:02+00:00,64800.0,entry_price,True,0.0,0.12037037037037038
BTCUSDT,2026-08-07 14:10:18+00:00,65300.0,entry_price,False,0.4287901990811639,0.7566615620214373
BTCUSDT,2026-08-07 18:21:52+00:00,65300.0,entry_price,False,0.6986217457886632,0.790505359877484
BTCUSDT,2026-08-10 13:59:01+00:00,65024.1,entry_price,False,0.5599462353189026,0.7541819110145338
BTCUSDT,2026-08-10 13:59:01+00:00,64504.5,price_ref,True,0.0,0.045268159585760824
BTCUSDT,2026-08-10 16:21:18+00:00,64060.0,price_ref,True,0.0,0.06244146113019045
BTCUSDT,2026-08-10 16:23:17+00:00,63960.0,entry_price,True,0.0,0.2188868042526579
BTCUSDT,2026-08-11 20:24:28+00:00,63500.0,entry_price,False,0.11968503937007874,0.2387401574803127
BTCUSDT,2026-08-12 12:15:55+00:00,63800.0,entry_price,False,0.6620689655172436,0.9181818181818227
BTCUSDT,2026-08-17 14:03:39+00:00,63800.0,entry_price,False,0.1463949843260211,0.20438871473354459
BTCUSDT,2026-08-17 15:49:32+00:00,63797.1,entry_price,False,0.3982939663401605,0.5843525802897043
BTCUSDT,2026-08-17 15:49:32+00:00,64144.9,price_ref,True,0.0,0.03897425983983138
BTCUSDT,2026-08-17 15:56:16+00:00,64200.0,entry_price,False,0.00015576323987312275,0.046884735202489945
BTCUSDT,2026-08-18 13:37:17+00:00,64300.0,entry_price,False,0.12052877138413685,0.2177293934681182
BTCUSDT,2026-08-19 15:56:39+00:00,63000.0,price_ref,False,8.26015873015872,8.767777777777773
BTCUSDT,2026-08-20 01:34:21+00:00,69280.0,entry_price,True,0.0,0.4783487297921394
BTCUSDT,2026-08-20 01:51:14+00:00,71000.0,price_ref,False,1.5945070422535295,1.8430985915493039
BTCUSDT,2026-08-20 02:02:49+00:00,70000.0,price_ref,False,0.2857142857142857,0.4845714285714244
BTCUSDT,2026-08-20 07:13:39+00:00,69907.6,price_ref,True,0.0,0.2022669924300201
BTCUSDT,2026-08-20 07:13:39+00:00,69111.2,entry_price,False,0.8918959589762712,0.9477479771730197
BTCUSDT,2026-08-20 08:18:35+00:00,70999.5,price_ref,False,0.0012676145606577219,0.4601440855217249
BTCUSDT,2026-08-20 08:18:35+00:00,69220.4,entry_price,False,2.5714962641071133,3.042166760088071
BTCUSDT,2026-08-20 10:19:46+00:00,72400.0,entry_price,True,0.0,0.5296961325966851
BTCUSDT,2026-08-21 01:47:22+00:00,75000.0,price_ref,True,0.0,0.1377333333333372
BTCUSDT,2026-08-21 01:56:15+00:00,63000.0,entry_price,False,18.532222222222227,19.211587301587308
BTCUSDT,2026-08-21 10:32:36+00:00,80000.0,price_ref,False,2.5524999999999998,2.7128750000000035
BTCUSDT,2026-08-21 14:58:07+00:00,77300.0,entry_price,True,0.0,0.11345407503233777
BTWUSDT,2026-07-27 10:22:01+00:00,0.095,entry_price,False,0.5789473684210473,1.9999999999999991
DEXEUSDT,2026-06-03 11:15:43+00:00,21.53,entry_price,False,0.09289363678587818,0.24616813748256977
DEXEUSDT,2026-06-03 15:11:49+00:00,19.54,card_mark_price,True,0.0,0.5373592630501557
DEXEUSDT,2026-06-03 15:11:49+00:00,19.54,price_ref,True,0.0,0.5373592630501557
DEXEUSDT,2026-06-03 15:11:49+00:00,21.506,entry_price,False,6.230819306240119,8.653399051427511
DEXEUSDT,2026-06-03 16:06:17+00:00,21.506,entry_price,False,12.391890635171576,14.600576583279087
DEXEUSDT,2026-06-03 16:06:17+00:00,18.618,price_ref,True,0.0,1.3535288430551022
DEXEUSDT,2026-06-03 16:06:17+00:00,18.618,card_mark_price,True,0.0,1.3535288430551022
DEXEUSDT,2026-06-03 16:47:24+00:00,18.53,price_ref,True,0.0,2.655153804641127
DEXEUSDT,2026-06-03 16:47:24+00:00,21.506,entry_price,False,13.377662047800609,16.12573235376174
DEXEUSDT,2026-06-03 17:41:29+00:00,17.464,price_ref,True,0.0,0.08016491067338151
DEXEUSDT,2026-06-05 03:54:21+00:00,20.63,entry_price,True,0.0,0.5768298594280163
DEXEUSDT,2026-06-06 08:48:44+00:00,20.63,entry_price,False,3.916626272418807,5.055744062045561
DEXEUSDT,2026-06-08 02:39:15+00:00,20.382,card_mark_price,True,0.0,0.01962515945442712
DEXEUSDT,2026-06-08 02:39:15+00:00,20.382,price_ref,True,0.0,0.01962515945442712
EDUUSDT,2026-07-25 10:36:06+00:00,0.0337,entry_price,True,0.0,0.11869436201779932
EDUUSDT,2026-07-25 12:15:03+00:00,0.03375,entry_price,False,1.5407407407407396,4.3555555555555525
EDUUSDT,2026-07-25 12:15:03+00:00,0.03504,price_ref,True,0.0,0.5136986301369851
EIGENUSDT,2026-07-14 00:27:55+00:00,0.241,price_ref,True,0.0,0.45643153526971686
EIGENUSDT,2026-07-14 00:27:55+00:00,0.241,entry_price,True,0.0,0.45643153526971686
ENAUSDT,2026-07-22 10:42:58+00:00,0.08825,entry_price,False,0.011331444759202407,0.05665722379602776
ENAUSDT,2026-07-22 10:42:58+00:00,0.08825,price_ref,False,0.011331444759202407,0.05665722379602776
ENSUSDT,2026-05-14 07:40:51+00:00,6.89,entry_price,True,0.0,0.14513788098694738
ENSUSDT,2026-05-14 14:38:18+00:00,6.9,entry_price,False,2.4637681159420275,3.0869565217391317
ENSUSDT,2026-05-14 14:38:18+00:00,7.107,price_ref,True,0.0,0.08442380751372207
ENSUSDT,2026-05-14 14:38:18+00:00,7.107,card_mark_price,True,0.0,0.08442380751372207
ENSUSDT,2026-05-14 15:03:36+00:00,7.171,price_ref,True,0.0,0.627527541486542
ENSUSDT,2026-05-14 15:03:36+00:00,6.9,entry_price,False,2.927536231884057,3.275362318840579
ENSUSDT,2026-05-14 15:03:36+00:00,7.171,card_mark_price,True,0.0,0.627527541486542
ENSUSDT,2026-05-14 16:19:52+00:00,7.135,price_ref,True,0.0,0.05606166783461191
ENSUSDT,2026-05-14 16:19:52+00:00,7.135,card_mark_price,True,0.0,0.05606166783461191
ENSUSDT,2026-05-14 16:19:52+00:00,6.9,entry_price,False,3.1594202898550723,3.34782608695652
ENSUSDT,2026-08-14 16:21:01+00:00,4.036,entry_price,True,0.0,0.1734390485629475
ETHUSDT,2026-05-06 23:35:46+00:00,2348.0,price_ref,True,0.0,0.011925042589446341
ETHUSDT,2026-05-06 23:35:46+00:00,2348.0,entry_price,True,0.0,0.011925042589446341
ETHUSDT,2026-05-09 10:58:20+00:00,2310.0,price_ref,False,0.06926406926406532,0.0740259740259756
ETHUSDT,2026-05-09 10:58:20+00:00,2310.0,entry_price,False,0.06926406926406532,0.0740259740259756
ETHUSDT,2026-05-10 15:45:44+00:00,2340.53,price_ref,True,0.0,0.2670335351394769
ETHUSDT,2026-05-10 15:45:44+00:00,2311.73,entry_price,False,1.1969390889074447,1.5161805228119278
ETHUSDT,2026-05-10 15:47:56+00:00,2350.0,price_ref,True,0.0,0.13702127659573618
ETHUSDT,2026-05-13 03:41:20+00:00,2293.0,entry_price,False,0.1386829481029148,0.3658962058438671
ETHUSDT,2026-05-13 03:41:31+00:00,2298.0,price_ref,True,0.0,0.14751958224542527
ETHUSDT,2026-05-16 09:58:40+00:00,2170.0,entry_price,True,0.0,0.1152073732718894
ETHUSDT,2026-05-16 10:35:54+00:00,2172.0,entry_price,True,0.0,0.07044198895028546
ETHUSDT,2026-05-17 10:34:36+00:00,2194.45,card_mark_price,True,0.0,0.04329102964295464
ETHUSDT,2026-05-17 10:34:36+00:00,2194.45,price_ref,True,0.0,0.04329102964295464
ETHUSDT,2026-05-17 10:34:36+00:00,2173.61,entry_price,False,0.8699812753897825,0.9150675604179164
ETHUSDT,2026-05-28 17:49:03+00:00,2021.86,price_ref,True,0.0,0.17014036580177794
ETHUSDT,2026-05-28 17:49:03+00:00,2021.86,card_mark_price,True,0.0,0.17014036580177794
ETHUSDT,2026-05-28 17:49:03+00:00,1988.23,entry_price,False,1.4621044848935956,1.5184359958354945
ETHUSDT,2026-05-29 02:49:14+00:00,1988.23,entry_price,False,0.37772289926215735,0.5170427968595168
ETHUSDT,2026-05-29 09:40:35+00:00,1988.23,entry_price,False,1.1044999823964046,1.2040860463829663
ETHUSDT,2026-05-29 09:40:35+00:00,2015.08,card_mark_price,True,0.0,0.14441114000435987
ETHUSDT,2026-05-29 09:40:35+00:00,2015.08,price_ref,True,0.0,0.14441114000435987
ETHUSDT,2026-06-06 09:10:39+00:00,1578.0,entry_price,True,0.0,0.14702154626108596
ETHUSDT,2026-06-18 08:40:04+00:00,1750.0,price_ref,True,0.0,0.0005714285714280517
ETHUSDT,2026-06-18 08:40:04+00:00,1750.0,entry_price,True,0.0,0.0005714285714280517
ETHUSDT,2026-06-18 15:58:18+00:00,1750.0,entry_price,False,2.8954285714285755,3.930857142857141
ETHUSDT,2026-07-02 12:19:14+00:00,1660.0,entry_price,True,0.0,0.20060240963854983
ETHUSDT,2026-07-02 12:19:14+00:00,1656.0,price_ref,True,0.0,0.44263285024154153
ETHUSDT,2026-07-02 12:22:21+00:00,1662.0,entry_price,True,0.0,0.08002406738868395
ETHUSDT,2026-07-02 15:07:26+00:00,1697.0,price_ref,True,0.0,0.1956393635827894
ETHUSDT,2026-07-02 15:07:26+00:00,1702.0,entry_price,True,0.0,0.4888366627497025
ETHUSDT,2026-07-02 23:54:22+00:00,1699.37,card_mark_price,True,0.0,0.03118802850469292
ETHUSDT,2026-07-02 23:54:22+00:00,1702.0,entry_price,False,0.11750881316098707,0.12338425381903109
ETHUSDT,2026-07-02 23:54:22+00:00,1699.37,price_ref,True,0.0,0.03118802850469292
ETHUSDT,2026-07-04 01:13:31+00:00,1750.0,entry_price,True,0.0,0.13600000000000623
ETHUSDT,2026-07-05 09:51:48+00:00,1753.36,price_ref,True,0.0,0.22870374595063142
ETHUSDT,2026-07-05 09:51:48+00:00,1753.36,card_mark_price,True,0.0,0.22870374595063142
ETHUSDT,2026-07-05 09:51:48+00:00,1759.84,entry_price,False,0.08864442222019873,0.14035366851532113
ETHUSDT,2026-07-06 13:12:02+00:00,1736.9,price_ref,True,0.0,0.13760147389027003
ETHUSDT,2026-07-06 13:12:02+00:00,1759.84,entry_price,False,1.0535048640785507,1.4393353941267346
ETHUSDT,2026-07-06 13:12:02+00:00,1736.9,card_mark_price,True,0.0,0.13760147389027003
ETHUSDT,2026-07-27 06:24:31+00:00,2000.0,price_ref,False,1.4500000000000002,1.733000000000004
ETHUSDT,2026-07-29 08:07:06+00:00,2000.0,price_ref,False,3.763,4.292499999999996
ETHUSDT,2026-08-01 18:42:13+00:00,1840.0,entry_price,True,0.0,0.43695652173912847
ETHUSDT,2026-08-02 16:08:14+00:00,1840.0,entry_price,False,0.8092391304347881,0.9195652173913083
ETHUSDT,2026-08-02 17:03:22+00:00,1862.0,entry_price,True,0.0,0.16004296455424372
ETHUSDT,2026-08-04 14:35:14+00:00,1867.0,entry_price,True,0.0,0.3438671665774008
ETHUSDT,2026-08-05 12:33:19+00:00,1882.0,price_ref,True,0.0,0.14718384697130615
ETHUSDT,2026-08-05 12:33:19+00:00,1867.0,entry_price,False,0.5532940546330973,0.6550615961435468
ETHUSDT,2026-08-05 13:51:42+00:00,1870.0,entry_price,True,0.0,0.4197860962566797
ETHUSDT,2026-08-05 16:22:58+00:00,1890.27,price_ref,True,0.0,0.2623963772371162
ETHUSDT,2026-08-05 16:22:58+00:00,1890.27,card_mark_price,True,0.0,0.2623963772371162
ETHUSDT,2026-08-05 16:22:58+00:00,1871.53,entry_price,False,0.44135012529855205,1.2663435798517815
ETHUSDT,2026-08-05 18:23:48+00:00,1920.0,entry_price,True,0.0,0.06562499999999953
ETHUSDT,2026-08-06 13:25:06+00:00,1892.0,price_ref,False,0.09038054968287719,0.24735729386892516
ETHUSDT,2026-08-07 16:26:33+00:00,1920.0,entry_price,True,0.0,0.3083333333333371
ETHUSDT,2026-08-07 16:27:16+00:00,1913.0,price_ref,True,0.0,0.056455828541553954
ETHUSDT,2026-08-10 13:09:39+00:00,1907.31,price_ref,True,0.0,0.040370993703172625
ETHUSDT,2026-08-10 13:09:39+00:00,1922.78,entry_price,False,0.7239517781545509,0.7645180415856232
ETHUSDT,2026-08-10 15:20:21+00:00,1905.0,price_ref,False,1.3070866141732331,1.5207349081364845
ETHUSDT,2026-08-10 19:00:57+00:00,1871.0,entry_price,False,0.01924104756814003,0.18065205772314852
ETHUSDT,2026-08-11 11:05:41+00:00,1890.16,price_ref,True,0.0,0.1497227747915482
ETHUSDT,2026-08-11 11:05:41+00:00,1872.74,entry_price,False,0.6744128923395604,1.0813033309482363
FETUSDT,2026-06-02 05:31:10+00:00,0.276,entry_price,True,0.0,1.1956521739130526
FILUSDT,2026-05-23 15:13:54+00:00,0.955,entry_price,True,0.0,0.10471204188481685
FILUSDT,2026-05-23 20:42:34+00:00,0.955,entry_price,False,1.9895287958115202,4.816753926701564
GENIUSUSDT,2026-07-10 18:10:51+00:00,0.359,entry_price,True,0.0,0.30640668523676595
GENIUSUSDT,2026-07-10 18:10:51+00:00,0.364,price_ref,True,0.0,1.6758241758241743
GENIUSUSDT,2026-07-25 06:39:02+00:00,0.3509,entry_price,False,7.1530350527215765,8.46394984326019
GENIUSUSDT,2026-07-25 06:39:02+00:00,0.3816,card_mark_price,True,0.0,0.26205450733752644
GENIUSUSDT,2026-07-25 06:39:02+00:00,0.3816,price_ref,True,0.0,0.26205450733752644
GPSUSDT,2026-08-17 14:12:17+00:00,0.155,price_ref,False,89.58387096774194,90.35225806451614
GRTUSDT,2026-08-10 13:34:31+00:00,0.0146,entry_price,True,0.0,0.5479452054794535
GRTUSDT,2026-08-10 15:02:51+00:00,0.01457,entry_price,False,0.6177076183939588,1.3726835964310145
GRTUSDT,2026-08-10 15:02:51+00:00,0.01443,price_ref,True,0.0,0.4158004158004109
HBARUSDT,2026-05-14 23:59:36+00:00,0.0948,entry_price,True,0.0,0.15822784810127768
HBARUSDT,2026-06-16 21:30:43+00:00,0.08123,entry_price,True,0.0,0.08617505847593329
HBARUSDT,2026-06-16 21:30:43+00:00,0.08123,price_ref,True,0.0,0.08617505847593329
HBARUSDT,2026-06-17 12:22:43+00:00,0.08123,entry_price,False,1.0341007017111825,1.6127046657638704
HOLOUSDT,2026-08-11 23:00:25+00:00,0.084,entry_price,False,1.916666666666667,2.9642857142857046
HOLOUSDT,2026-08-11 23:00:25+00:00,0.088,price_ref,True,0.0,1.7159090909090882
HYPEUSDT,2026-05-23 07:45:52+00:00,54.8,entry_price,True,0.0,1.4908759124087596
HYPEUSDT,2026-05-23 07:46:50+00:00,54.8,price_ref,True,0.0,1.4908759124087596
HYPEUSDT,2026-05-23 07:57:00+00:00,55.507,price_ref,True,0.0,0.1981732033797529
HYPEUSDT,2026-05-23 07:57:00+00:00,55.507,card_mark_price,True,0.0,0.1981732033797529
HYPEUSDT,2026-05-23 07:57:00+00:00,54.991,entry_price,True,0.0,1.1383680965976208
HYPEUSDT,2026-05-23 21:49:01+00:00,55.061,card_mark_price,False,4.4350810918799155,5.6500971649624905
HYPEUSDT,2026-06-16 15:10:38+00:00,60.0,entry_price,False,22.283333333333342,23.30333333333333
HYPEUSDT,2026-06-30 13:46:29+00:00,64.8,entry_price,True,0.0,0.6929012345678983
HYPEUSDT,2026-07-05 10:17:01+00:00,68.8,entry_price,True,0.0,0.010174418604637778
HYPEUSDT,2026-07-05 21:34:37+00:00,70.796,price_ref,True,0.0,0.03813774789534269
HYPEUSDT,2026-07-05 21:34:37+00:00,68.787,entry_price,False,2.8537368979603612,2.959861601756127
HYPEUSDT,2026-07-05 21:36:12+00:00,60.0,price_ref,False,17.916666666666668,18.038333333333323
HYPEUSDT,2026-08-01 08:50:34+00:00,52.4,entry_price,True,0.0,0.3625954198473239
HYPEUSDT,2026-08-03 14:06:15+00:00,53.5,price_ref,True,0.0,0.0
HYPEUSDT,2026-08-03 14:44:38+00:00,54.0,price_ref,True,0.0,0.012962962962959068
HYPEUSDT,2026-08-05 12:43:37+00:00,57.3,price_ref,True,0.0,0.06457242582898105
HYPEUSDT,2026-08-05 12:43:37+00:00,58.5,entry_price,False,1.8991452991452944,1.9880341880341823
HYPEUSDT,2026-08-06 13:49:55+00:00,58.0,entry_price,False,4.434482758620694,4.894827586206894
HYPEUSDT,2026-08-06 13:49:55+00:00,53.999,price_ref,False,2.0963351173169835,2.151891701698178
HYPEUSDT,2026-08-13 15:29:53+00:00,58.36,entry_price,True,0.0,0.6374228923920491
HYPEUSDT,2026-08-14 08:40:00+00:00,58.35,entry_price,False,2.65981148243359,2.8980291345329947
HYPEUSDT,2026-08-14 08:40:00+00:00,56.503,price_ref,False,0.2601631771764304,0.2760915349627432
HYPEUSDT,2026-08-19 15:05:47+00:00,59.82,entry_price,True,0.0,0.3293212972250129
HYPEUSDT,2026-08-19 15:38:59+00:00,60.5,price_ref,True,0.0,1.4066115702479323
HYPEUSDT,2026-08-19 19:37:03+00:00,56.23,entry_price,False,22.016717054952878,24.31620131602349
INJUSDT,2026-06-10 13:31:11+00:00,5.14,entry_price,True,0.0,2.9961089494163406
INJUSDT,2026-06-10 13:31:17+00:00,5.14,price_ref,True,0.0,2.9961089494163406
INJUSDT,2026-06-11 04:01:21+00:00,5.3,price_ref,False,1.0188679245282903,1.754716981132075
INJUSDT,2026-06-11 08:37:06+00:00,5.28,price_ref,True,0.0,0.5113636363636389
INJUSDT,2026-07-24 07:26:56+00:00,5.42,entry_price,True,0.0,0.29520295202952057
INJUSDT,2026-07-24 07:26:56+00:00,5.42,price_ref,True,0.0,0.29520295202952057
INJUSDT,2026-07-24 13:39:45+00:00,5.36,entry_price,False,2.462686567164189,2.4813432835820897
JCTUSDT,2026-05-23 07:35:06+00:00,0.004,entry_price,True,0.0,3.099999999999999
JCTUSDT,2026-05-23 07:52:47+00:00,0.00387,card_mark_price,True,0.0,1.0852713178294444
JCTUSDT,2026-05-23 07:52:47+00:00,0.00387,price_ref,True,0.0,1.0852713178294444
JCTUSDT,2026-05-23 07:52:47+00:00,0.004,entry_price,True,0.0,2.20000000000001
JCTUSDT,2026-05-23 07:52:47+00:00,0.004,entry_price,True,0.0,2.20000000000001
JUPUSDT,2026-06-24 14:16:09+00:00,0.214,entry_price,True,0.0,0.7943925233644893
JUPUSDT,2026-07-01 14:03:13+00:00,0.239,entry_price,True,0.0,0.6694560669456027
JUPUSDT,2026-07-05 03:38:05+00:00,0.2358,card_mark_price,True,0.0,0.3816793893129821
JUPUSDT,2026-07-05 03:38:05+00:00,0.2358,price_ref,True,0.0,0.3816793893129821
JUPUSDT,2026-07-05 03:38:05+00:00,0.238,entry_price,False,0.8403361344537823,1.3025210084033578
KERNELUSDT,2026-05-08 15:47:55+00:00,0.064,entry_price,False,0.4375000000000039,1.0625
KERNELUSDT,2026-05-08 15:48:07+00:00,0.064,price_ref,False,0.4375000000000039,1.0625
KERNELUSDT,2026-05-09 01:45:42+00:00,0.06615,price_ref,True,0.0,0.03023431594861092
KERNELUSDT,2026-05-09 01:45:42+00:00,0.06615,card_mark_price,True,0.0,0.03023431594861092
KERNELUSDT,2026-05-09 01:45:42+00:00,0.06454,entry_price,False,2.4171056709017753,2.463588472265253
KERNELUSDT,2026-05-09 01:48:32+00:00,0.06615,price_ref,True,0.0,0.03023431594861092
KERNELUSDT,2026-05-09 01:48:32+00:00,0.06454,entry_price,False,2.4171056709017753,2.463588472265253
KERNELUSDT,2026-05-09 01:48:32+00:00,0.06615,card_mark_price,True,0.0,0.03023431594861092
LABUSDT,2026-06-18 09:12:48+00:00,20.0,entry_price,False,20.644999999999996,21.005000000000003
LABUSDT,2026-06-18 18:24:32+00:00,17.015,price_ref,True,0.0,0.36438436673524044
LABUSDT,2026-06-18 18:24:32+00:00,17.015,card_mark_price,True,0.0,0.36438436673524044
LABUSDT,2026-06-18 18:24:32+00:00,15.679,entry_price,False,6.6139422157025365,8.916384973531484
LABUSDT,2026-06-18 18:36:31+00:00,18.0,price_ref,False,3.1555555555555634,5.61111111111112
LABUSDT,2026-06-19 00:14:39+00:00,18.008,price_ref,True,0.0,0.23878276321634423
LABUSDT,2026-06-19 00:14:39+00:00,15.679,entry_price,False,12.960010204732434,15.128515849225066
LABUSDT,2026-06-19 00:14:39+00:00,18.008,card_mark_price,True,0.0,0.23878276321634423
LDOUSDT,2026-06-17 13:15:46+00:00,0.288,price_ref,True,0.0,0.0347222222222184
LDOUSDT,2026-06-17 13:15:46+00:00,0.288,entry_price,True,0.0,0.0347222222222184
MEUSDT,2026-07-06 09:34:58+00:00,0.0644,entry_price,True,0.0,0.1397515527950415
MEUSDT,2026-07-25 06:34:19+00:00,0.06447,entry_price,False,3.3038622615169952,3.7381727935473794
MEUSDT,2026-07-25 06:34:19+00:00,0.0668,price_ref,True,0.0,0.11976047904191128
NEARUSDT,2026-05-29 16:10:23+00:00,2.56,entry_price,True,0.0,1.796874999999993
NEARUSDT,2026-05-29 16:11:27+00:00,2.603,price_ref,True,0.0,0.11525163273145098
NEARUSDT,2026-05-29 16:11:27+00:00,2.565,entry_price,True,0.0,1.5984405458089639
NEARUSDT,2026-06-02 20:06:42+00:00,2.64,entry_price,True,0.0,0.15151515151515166
NEARUSDT,2026-06-02 20:06:42+00:00,2.64,price_ref,True,0.0,0.15151515151515166
NEARUSDT,2026-06-03 06:11:21+00:00,2.845,price_ref,True,0.0,0.5623901581722325
NEARUSDT,2026-06-03 06:11:21+00:00,2.643,entry_price,False,6.659099508134701,7.037457434733272
NEARUSDT,2026-06-03 06:11:21+00:00,2.845,card_mark_price,True,0.0,0.5623901581722325
NEARUSDT,2026-06-03 10:55:38+00:00,2.897,price_ref,False,0.6213324128408781,2.0020711080428124
NEARUSDT,2026-06-03 10:55:38+00:00,2.643,entry_price,False,10.291335603480903,11.804767309875153
NEARUSDT,2026-07-23 09:25:04+00:00,1.871,entry_price,True,0.0,0.16034206306788423
NEARUSDT,2026-07-23 09:25:04+00:00,1.871,price_ref,True,0.0,0.16034206306788423
NEARUSDT,2026-07-27 02:58:03+00:00,1.871,entry_price,False,0.9620523784072696,1.1223944414751421
OPUSDT,2026-07-06 09:18:25+00:00,0.1068,entry_price,False,0.09363295880150081,0.37453183520600325
OPUSDT,2026-07-06 13:10:45+00:00,0.1067,entry_price,False,2.0618556701030997,2.5304592314901666
OPUSDT,2026-07-06 13:10:45+00:00,0.1034,price_ref,False,0.09671179883944776,0.5802707930367402
PARTIUSDT,2026-05-16 01:23:08+00:00,0.0615,entry_price,False,0.30894308943089865,0.3577235772357691
PARTIUSDT,2026-05-16 16:29:46+00:00,0.606,entry_price,False,89.76897689768978,89.84488448844884
PHAUSDT,2026-06-03 18:05:13+00:00,0.038,entry_price,True,0.0,1.3157894736842117
PHAUSDT,2026-06-03 19:05:38+00:00,0.04,price_ref,True,0.0,1.200000000000003
PORTALUSDT,2026-06-16 16:48:15+00:00,0.01635,price_ref,True,0.0,0.5504587155963291
PORTALUSDT,2026-06-16 16:48:15+00:00,0.01635,entry_price,True,0.0,0.5504587155963291
PORTALUSDT,2026-06-16 19:54:59+00:00,0.01515,card_mark_price,True,0.0,0.19801980198020142
PORTALUSDT,2026-06-16 19:54:59+00:00,0.01631,entry_price,False,6.6830165542612034,6.928264868179035
PORTALUSDT,2026-06-16 19:54:59+00:00,0.01515,price_ref,True,0.0,0.19801980198020142
PORTALUSDT,2026-06-16 19:54:59+00:00,0.01515,price_ref,True,0.0,0.19801980198020142
PORTALUSDT,2026-06-16 19:54:59+00:00,0.01631,entry_price,False,6.6830165542612034,6.928264868179035
PYTHUSDT,2026-06-14 08:24:29+00:00,0.039,entry_price,True,0.0,0.02564102564103349
PYTHUSDT,2026-06-14 08:24:34+00:00,0.039,price_ref,True,0.0,0.02564102564103349
PYTHUSDT,2026-06-15 02:45:54+00:00,0.392,price_ref,False,90.06632653061224,90.09183673469389
PYTHUSDT,2026-06-15 11:36:32+00:00,0.04062,price_ref,True,0.0,0.1723289020186944
PYTHUSDT,2026-06-15 11:36:32+00:00,0.0391,entry_price,False,3.50383631713554,4.066496163682849
RAYUSDT,2026-06-01 13:57:12+00:00,0.697,entry_price,True,0.0,0.4304160688665714
RAYUSDT,2026-06-01 18:18:51+00:00,0.7005,entry_price,False,1.784439685938609,2.212705210563877
RAYUSDT,2026-06-01 18:18:51+00:00,0.7128,price_ref,False,0.028058361391691638,0.4489337822671129
RAYUSDT,2026-06-01 18:18:51+00:00,0.7128,card_mark_price,False,0.028058361391691638,0.4489337822671129
RAYUSDT,2026-06-01 18:21:53+00:00,0.69,price_ref,False,3.3333333333333366,3.7681159420289894
RENDERUSDT,2026-05-26 07:46:30+00:00,2.33,entry_price,True,0.0,1.3733905579399153
RENDERUSDT,2026-05-26 10:49:37+00:00,2.333,entry_price,False,2.571795970852962,2.9575653664809236
RENDERUSDT,2026-05-26 10:49:37+00:00,2.416,price_ref,True,0.0,0.579470198675488
RENDERUSDT,2026-05-26 10:49:37+00:00,2.416,card_mark_price,True,0.0,0.579470198675488
RENDERUSDT,2026-06-14 07:20:26+00:00,1.76,entry_price,True,0.0,0.8522727272727216
RENDERUSDT,2026-06-15 21:12:39+00:00,1.761,entry_price,False,0.7950028392958555,1.2492901760363442
RENDERUSDT,2026-06-15 21:12:39+00:00,1.779,price_ref,True,0.0,0.2248454187745927
REUSDT,2026-06-20 13:11:38+00:00,0.75,entry_price,False,31.120000000000008,32.14666666666666
SEIUSDT,2026-06-02 14:35:43+00:00,0.067,entry_price,True,0.0,0.059701492537310996
SNXUSDT,2026-05-08 16:49:28+00:00,0.354,price_ref,True,0.0,0.028248587570618357
SNXUSDT,2026-05-08 16:49:28+00:00,0.354,entry_price,True,0.0,0.028248587570618357
SNXUSDT,2026-05-09 01:48:32+00:00,0.3727,card_mark_price,True,0.0,0.37563724174938473
SNXUSDT,2026-05-09 01:48:32+00:00,0.3545,entry_price,False,4.400564174894218,4.739069111424552
SNXUSDT,2026-05-09 01:48:32+00:00,0.3727,price_ref,True,0.0,0.37563724174938473
SNXUSDT,2026-05-10 20:33:31+00:00,0.3545,entry_price,False,1.2976022566995749,1.3258110014104478
SNXUSDT,2026-05-10 20:33:31+00:00,0.3626,card_mark_price,True,0.0,0.9376723662437834
SNXUSDT,2026-05-10 20:33:31+00:00,0.3626,price_ref,True,0.0,0.9376723662437834
SOLUSDT,2026-05-13 04:02:05+00:00,95.5,entry_price,True,0.0,0.03141361256544622
SOLUSDT,2026-05-13 09:11:15+00:00,95.7,price_ref,True,0.0,0.06269592476489266
SOLUSDT,2026-05-13 09:11:15+00:00,95.53,entry_price,True,0.0,0.1151470742175227
SOLUSDT,2026-05-14 00:17:11+00:00,91.25,entry_price,True,0.0,0.1534246575342472
SOLUSDT,2026-05-14 14:30:30+00:00,91.46,price_ref,True,0.0,0.12027115678985287
SOLUSDT,2026-05-14 14:30:30+00:00,91.05,entry_price,False,0.1647446457990178,0.5711147721032356
SOLUSDT,2026-05-31 12:24:11+00:00,82.69,entry_price,True,0.0,0.060466803724751675
SOLUSDT,2026-06-06 09:10:39+00:00,63.0,entry_price,True,0.0,0.2380952380952358
SOLUSDT,2026-06-11 00:10:39+00:00,63.2,entry_price,True,0.0,0.284810126582278
SOLUSDT,2026-06-11 17:54:33+00:00,66.97,card_mark_price,True,0.0,0.23891294609526145
SOLUSDT,2026-06-11 17:54:33+00:00,63.3,entry_price,False,5.165876777251179,6.050552922590835
SOLUSDT,2026-06-11 17:54:33+00:00,63.3,entry_price,False,5.165876777251179,6.050552922590835
SOLUSDT,2026-06-11 17:54:33+00:00,66.97,price_ref,True,0.0,0.23891294609526145
SOLUSDT,2026-06-11 19:42:56+00:00,67.24,price_ref,True,0.0,0.43129089827482464
SOLUSDT,2026-06-11 19:42:56+00:00,63.3,entry_price,False,5.687203791469208,5.7661927330173866
SOLUSDT,2026-06-26 13:56:14+00:00,70.3,card_mark_price,True,0.0,0.5547652916073977
SOLUSDT,2026-06-26 13:56:14+00:00,67.55,entry_price,False,2.7387120651369483,4.648408586232422
SOLUSDT,2026-06-26 13:56:14+00:00,70.3,price_ref,True,0.0,0.5547652916073977
SOLUSDT,2026-06-26 15:42:00+00:00,75.0,price_ref,False,3.7066666666666683,3.8533333333333344
SOLUSDT,2026-06-29 17:22:36+00:00,76.02,card_mark_price,True,0.0,0.1710076295711595
SOLUSDT,2026-06-29 17:22:36+00:00,76.02,price_ref,True,0.0,0.1710076295711595
SOLUSDT,2026-06-29 17:22:36+00:00,68.46,entry_price,False,9.69909436167105,10.853052877592766
SOLUSDT,2026-07-01 20:53:58+00:00,77.46,price_ref,True,0.0,0.10327911179963632
SOLUSDT,2026-07-01 20:53:58+00:00,77.46,card_mark_price,True,0.0,0.10327911179963632
SOLUSDT,2026-07-01 20:53:58+00:00,68.53,entry_price,False,12.622209251422742,12.914052239894927
SOLUSDT,2026-07-02 11:13:48+00:00,68.53,entry_price,False,18.89683350357508,20.064205457463885
SOLUSDT,2026-07-02 11:13:48+00:00,82.0,price_ref,True,0.0,0.34146341463414775
SOLUSDT,2026-07-09 13:52:33+00:00,77.9,entry_price,True,0.0,0.35943517329910285
SOLUSDT,2026-07-21 00:57:23+00:00,77.99,price_ref,False,0.10257725349403551,0.10257725349403551
SOLUSDT,2026-07-21 00:57:23+00:00,77.9,entry_price,False,0.21822849807443837,0.21822849807443837
SOLUSDT,2026-07-28 11:40:46+00:00,73.18,entry_price,True,0.0,0.17764416507243733
SOLUSDT,2026-07-28 16:14:04+00:00,74.1,card_mark_price,True,0.0,0.013495276653178297
SOLUSDT,2026-07-28 16:14:04+00:00,73.19,entry_price,False,1.1613608416450452,1.2570023227216855
SOLUSDT,2026-07-28 16:14:04+00:00,74.1,price_ref,True,0.0,0.013495276653178297
SOLUSDT,2026-08-11 15:07:19+00:00,75.23,price_ref,True,0.0,0.19938854180513846
SOLUSDT,2026-08-11 15:07:19+00:00,77.23,entry_price,False,2.5508222193448127,2.7838922698433324
SOLUSDT,2026-08-16 01:38:20+00:00,75.3,entry_price,True,0.0,0.14608233731739634
SOLUSDT,2026-08-17 10:36:07+00:00,75.6,price_ref,True,0.0,0.17195767195768474
SOLUSDT,2026-08-21 13:50:53+00:00,80.0,entry_price,False,13.524999999999993,13.800000000000006
SOLUSDT,2026-08-21 13:50:53+00:00,90.0,price_ref,False,0.9111111111111035,1.1555555555555626
SPCXUSDT,2026-06-24 13:42:34+00:00,155.0,entry_price,True,0.0,2.18709677419354
SPCXUSDT,2026-08-03 14:49:14+00:00,112.01,card_mark_price,True,0.0,0.2231943576466387
SPCXUSDT,2026-08-03 14:49:14+00:00,107.82,entry_price,False,3.6727879799666185,4.117974401780757
SPCXUSDT,2026-08-03 14:49:14+00:00,112.01,price_ref,True,0.0,0.2231943576466387
SPCXUSDT,2026-08-03 20:55:51+00:00,107.83,entry_price,False,6.176388760085317,6.194936474079576
SPCXUSDT,2026-08-03 20:55:51+00:00,115.0,price_ref,False,0.06086956521738537,0.42608695652173467
SPCXUSDT,2026-08-04 16:23:53+00:00,121.91,price_ref,True,0.0,0.7382495283405722
SPCXUSDT,2026-08-04 16:23:53+00:00,107.82,entry_price,False,11.602671118530889,12.233351882767588
SPCXUSDT,2026-08-04 16:23:53+00:00,121.91,card_mark_price,True,0.0,0.7382495283405722
SPCXUSDT,2026-08-04 19:19:33+00:00,126.67,price_ref,True,0.0,1.8552143364648368
SPCXUSDT,2026-08-04 19:19:33+00:00,126.67,card_mark_price,True,0.0,1.8552143364648368
SPCXUSDT,2026-08-04 19:19:33+00:00,107.82,entry_price,False,14.913745130773522,15.30328324986088
STABLEUSDT,2026-05-09 08:51:05+00:00,0.0346,price_ref,True,0.0,0.11560693641618028
STABLEUSDT,2026-05-09 08:51:05+00:00,0.0346,entry_price,True,0.0,0.11560693641618028
STABLEUSDT,2026-05-12 03:19:25+00:00,0.03459,entry_price,False,4.220873084706551,7.4877132119109415
STABLEUSDT,2026-05-12 03:19:25+00:00,0.036652,price_ref,True,0.0,1.440576230492199
STABLEUSDT,2026-05-12 03:19:25+00:00,0.036652,card_mark_price,True,0.0,1.440576230492199
STABLEUSDT,2026-05-12 03:49:52+00:00,0.03737,price_ref,True,0.0,0.21407546160020535
STABLEUSDT,2026-05-12 03:49:52+00:00,0.03459,entry_price,False,4.972535414859784,8.268285631685442
STABLEUSDT,2026-05-12 03:51:54+00:00,0.037953,price_ref,False,1.2199299133138306,1.3253234263431177
STABLEUSDT,2026-05-12 12:11:23+00:00,0.03886,price_ref,True,0.0,0.2830674215131215
STABLEUSDT,2026-05-12 12:11:23+00:00,0.03886,card_mark_price,True,0.0,0.2830674215131215
STABLEUSDT,2026-05-12 12:11:23+00:00,0.03453,entry_price,False,11.526209093541862,12.22125687807704
STABLEUSDT,2026-05-12 12:11:23+00:00,0.03884,card_mark_price,True,0.0,0.2317198764160654
SUIUSDT,2026-05-19 07:48:14+00:00,1.09,entry_price,True,0.0,0.339449541284407
SUIUSDT,2026-05-20 05:33:19+00:00,1.076,entry_price,False,1.979553903345734,2.3234200743494546
SUIUSDT,2026-05-21 02:03:46+00:00,1.0738,entry_price,False,3.445706835537336,5.252374743900168
SUIUSDT,2026-05-21 02:03:46+00:00,1.1127,card_mark_price,True,0.0,1.5727509661184569
SUIUSDT,2026-05-21 02:03:46+00:00,1.1127,price_ref,True,0.0,1.5727509661184569
SUIUSDT,2026-05-21 02:57:24+00:00,1.14,price_ref,False,1.421052631578947,2.2543859649122666
SUIUSDT,2026-05-21 02:57:24+00:00,1.0738,entry_price,False,3.7530266343825662,3.771652076736821
SUIUSDT,2026-05-21 02:57:39+00:00,1.1401,price_ref,False,1.4296991491974373,2.2629593895272193
SUIUSDT,2026-05-21 02:57:39+00:00,1.0481,entry_price,False,6.29710905447954,6.316191203129476
SUIUSDT,2026-05-23 08:13:43+00:00,1.0,entry_price,True,0.0,0.08999999999999009
SUIUSDT,2026-05-23 13:15:56+00:00,1.0165,card_mark_price,True,0.0,0.3836694540088554
SUIUSDT,2026-05-23 13:15:56+00:00,1.0165,price_ref,True,0.0,0.3836694540088554
SUIUSDT,2026-05-23 13:15:56+00:00,1.0014,entry_price,False,1.218294387856999,1.8973437187936795
SUIUSDT,2026-05-23 13:48:09+00:00,1.0,entry_price,False,1.7200000000000104,1.9900000000000029
SUIUSDT,2026-05-23 18:18:48+00:00,1.0014,entry_price,False,4.943079688436177,5.302576393049723
SUIUSDT,2026-05-23 18:18:48+00:00,1.0539,price_ref,True,0.0,0.05693139766580642
SUIUSDT,2026-05-23 18:18:48+00:00,1.0539,card_mark_price,True,0.0,0.05693139766580642
SUIUSDT,2026-05-23 20:43:25+00:00,1.0803,card_mark_price,True,0.0,0.12959363139869182
SUIUSDT,2026-05-23 20:43:25+00:00,1.0014,entry_price,False,4.903135610145788,8.018773716796488
SUIUSDT,2026-05-23 20:43:25+00:00,1.0803,price_ref,True,0.0,0.12959363139869182
SUIUSDT,2026-05-23 21:09:16+00:00,1.0909,price_ref,True,0.0,0.3483362361353035
SUIUSDT,2026-05-23 21:09:16+00:00,1.0909,card_mark_price,True,0.0,0.3483362361353035
SUIUSDT,2026-05-23 21:09:16+00:00,1.0006,entry_price,False,8.424945032980217,8.644813112132724
SUIUSDT,2026-05-23 21:09:23+00:00,1.089,price_ref,True,0.0,0.17447199265381202
SUIUSDT,2026-05-23 21:09:23+00:00,1.0014,entry_price,False,8.338326343119624,8.558018773716784
SUIUSDT,2026-05-23 21:49:01+00:00,1.0934,card_mark_price,False,1.316992866288638,1.4267422718126794
SUIUSDT,2026-08-20 17:07:05+00:00,0.74,entry_price,False,0.9054054054054107,1.4864864864864877
SYRUPUSDT,2026-05-09 01:52:10+00:00,0.25328,entry_price,False,2.3531269740998186,2.6571383449147246
SYRUPUSDT,2026-05-09 01:52:10+00:00,0.26013,price_ref,True,0.0,0.046130780763446545
TAOUSDT,2026-05-26 05:42:49+00:00,287.0,entry_price,True,0.0,0.20209059233448923
TAOUSDT,2026-05-27 06:51:56+00:00,276.92,price_ref,True,0.0,0.14083489816555075
TAOUSDT,2026-05-27 06:51:56+00:00,276.92,card_mark_price,True,0.0,0.14083489816555075
TAOUSDT,2026-05-27 06:51:56+00:00,276.63,entry_price,True,0.0,0.036149369193515794
TAOUSDT,2026-05-27 15:41:39+00:00,280.0,price_ref,True,0.0,0.8821428571428669
TAOUSDT,2026-05-27 15:41:39+00:00,276.63,entry_price,False,0.2132812782417062,0.32534432274155994
TAOUSDT,2026-06-17 13:16:29+00:00,256.05,price_ref,True,0.0,0.6873657488771799
TAOUSDT,2026-06-17 13:16:29+00:00,256.05,card_mark_price,True,0.0,0.6873657488771799
TAOUSDT,2026-06-17 13:16:29+00:00,249.66,entry_price,False,1.7383641752783798,1.854522150124167
TAOUSDT,2026-07-04 11:17:28+00:00,212.4,entry_price,True,0.0,0.047080979284366435
TAOUSDT,2026-07-04 15:15:33+00:00,215.07,price_ref,True,0.0,0.1208908727391172
TAOUSDT,2026-07-04 15:15:33+00:00,212.45,entry_price,False,1.035537773593795,1.3556130854318778
TAOUSDT,2026-07-04 15:15:33+00:00,215.07,card_mark_price,True,0.0,0.1208908727391172
TAOUSDT,2026-07-04 17:36:59+00:00,218.36,price_ref,True,0.0,0.27935519325884484
TAOUSDT,2026-07-04 17:36:59+00:00,212.45,entry_price,False,2.409978818545542,2.4947046363850376
THETAUSDT,2026-08-07 13:18:24+00:00,0.134,entry_price,True,0.0,0.37313432835820926
TOSHIUSDT,2026-06-25 12:12:55+00:00,0.00011,entry_price,False,0.09090909090909312,0.4545454545454532
TOSHIUSDT,2026-06-28 13:24:41+00:00,0.0001297,card_mark_price,True,0.0,2.158828064764853
TOSHIUSDT,2026-06-28 13:24:41+00:00,0.0001297,price_ref,True,0.0,2.158828064764853
TOSHIUSDT,2026-06-28 13:24:41+00:00,0.0001101,entry_price,False,13.805631244323344,15.258855585831052
TOSHIUSDT,2026-06-28 13:24:44+00:00,0.0001314,price_ref,True,0.0,3.4246575342465757
TOSHIUSDT,2026-06-28 13:24:44+00:00,0.0001314,card_mark_price,True,0.0,3.4246575342465757
TOSHIUSDT,2026-06-28 13:24:44+00:00,0.0001101,entry_price,False,13.805631244323344,15.258855585831052
TRADOORUSDT,2026-08-06 20:32:13+00:00,0.72,entry_price,True,0.0,4.513888888888886
TRADOORUSDT,2026-08-06 20:33:30+00:00,0.73,entry_price,True,0.0,3.0821917808219133
TRIAUSDT,2026-07-14 03:24:47+00:00,0.009649,card_mark_price,True,0.0,0.8187376930251757
TRIAUSDT,2026-07-14 03:24:47+00:00,0.009649,price_ref,True,0.0,0.8187376930251757
TRIAUSDT,2026-07-14 03:24:47+00:00,0.008487,entry_price,False,9.697183928361031,12.760692824319555
UNIUSDT,2026-05-06 23:34:43+00:00,3.46,price_ref,True,0.0,0.08670520231214202
UNIUSDT,2026-05-06 23:34:43+00:00,3.46,entry_price,True,0.0,0.08670520231214202
UNIUSDT,2026-05-08 15:44:20+00:00,3.46,entry_price,False,1.9942196531791894,3.1213872832369973
UNIUSDT,2026-05-08 16:41:13+00:00,3.7,price_ref,True,0.0,0.4594594594594688
UNIUSDT,2026-05-08 16:41:13+00:00,4.0,price_ref,False,7.474999999999998,7.925000000000004
UNIUSDT,2026-05-09 01:48:32+00:00,3.528,price_ref,False,6.689342403628111,6.746031746031746
UNIUSDT,2026-05-09 01:48:32+00:00,3.458,entry_price,False,8.849045691150941,8.906882591093112
UNIUSDT,2026-07-31 15:30:38+00:00,4.25,entry_price,True,0.0,0.21176470588236096
UNIUSDT,2026-08-01 06:35:00+00:00,4.088,card_mark_price,True,0.0,0.7583170254403057
UNIUSDT,2026-08-01 06:35:00+00:00,4.088,price_ref,True,0.0,0.7583170254403057
UNIUSDT,2026-08-01 06:35:00+00:00,4.24,entry_price,False,2.8066037735849,2.8537735849056705
WLDUSDT,2026-05-22 08:51:14+00:00,0.284,entry_price,True,0.0,0.563380281690157
WLDUSDT,2026-05-22 13:41:48+00:00,0.284,entry_price,False,0.7394366197183262,2.2183098591549393
WLDUSDT,2026-05-22 13:41:48+00:00,0.2908,price_ref,True,0.0,0.17193947730398915
WLDUSDT,2026-05-22 13:41:48+00:00,0.2908,card_mark_price,True,0.0,0.17193947730398915
WLDUSDT,2026-05-22 13:41:48+00:00,0.284,entry_price,False,0.7394366197183262,2.2183098591549393
WLDUSDT,2026-05-25 10:51:28+00:00,0.302,entry_price,False,0.4635761589404015,1.2582781456953729
WLDUSDT,2026-05-25 17:49:52+00:00,0.3117,card_mark_price,True,0.0,0.3208213025344886
WLDUSDT,2026-05-25 17:49:52+00:00,0.3117,price_ref,True,0.0,0.3208213025344886
WLDUSDT,2026-05-25 17:49:52+00:00,0.3023,entry_price,False,2.679457492557061,3.440291101554735
WLDUSDT,2026-05-25 18:35:21+00:00,0.3191,price_ref,True,0.0,1.848950172359767
WLDUSDT,2026-05-25 18:35:21+00:00,0.3023,entry_price,False,5.292755540853461,7.509096923585841
WLDUSDT,2026-05-25 19:14:51+00:00,0.3321,price_ref,True,0.0,0.6022282445046678
WLDUSDT,2026-06-10 13:33:14+00:00,0.515,entry_price,True,0.0,1.3398058252427216
WLDUSDT,2026-06-10 15:42:30+00:00,0.49,entry_price,True,0.0,2.448979591836737
WLDUSDT,2026-06-10 15:53:52+00:00,0.484,entry_price,False,0.6198347107438021,3.53305785123967
WLDUSDT,2026-06-16 11:14:23+00:00,0.653,entry_price,True,0.0,0.5666156202143837
WLDUSDT,2026-06-16 11:14:23+00:00,0.653,price_ref,True,0.0,0.5666156202143837
WLDUSDT,2026-06-16 19:57:22+00:00,0.653,entry_price,True,0.0,0.41347626339968213
WLDUSDT,2026-06-16 19:57:22+00:00,0.653,entry_price,True,0.0,0.41347626339968213
WLDUSDT,2026-06-17 01:40:49+00:00,0.7079,price_ref,True,0.0,0.1977680463342376
WLDUSDT,2026-06-17 01:40:49+00:00,0.6545,entry_price,False,5.133689839572204,8.372803666921325
WLDUSDT,2026-06-17 01:40:49+00:00,0.7079,card_mark_price,True,0.0,0.1977680463342376
WLDUSDT,2026-08-17 14:18:33+00:00,0.355,entry_price,True,0.0,0.3943661971830864
WLDUSDT,2026-08-17 19:52:29+00:00,0.3552,entry_price,False,0.3659909909909975,1.266891891891893
WLDUSDT,2026-08-17 19:52:29+00:00,0.3493,price_ref,True,0.0,0.40080160320641633
XLMUSDT,2026-07-06 14:25:28+00:00,0.1993,entry_price,True,0.0,0.03010536879076994
XLMUSDT,2026-07-07 11:33:11+00:00,0.19789,entry_price,False,1.9758451665066432,1.9960584162918837
XLMUSDT,2026-07-07 11:33:11+00:00,0.19291,price_ref,False,0.010367528899482788,0.5339277383235722
XMRUSDT,2026-06-15 19:08:50+00:00,357.0,entry_price,True,0.0,0.6722689075630188
XMRUSDT,2026-06-15 19:08:50+00:00,357.0,price_ref,True,0.0,0.6722689075630188
XPLUSDT,2026-05-22 09:23:13+00:00,0.089,entry_price,True,0.0,0.11235955056178538
XPLUSDT,2026-05-30 05:46:54+00:00,0.0916,entry_price,True,0.0,0.0
XPLUSDT,2026-06-02 04:06:26+00:00,0.0958,price_ref,True,0.0,0.9394572025052172
XPLUSDT,2026-06-02 04:06:26+00:00,0.0918,entry_price,False,2.941176470588229,3.376906318082779
XRPUSDT,2026-05-12 12:01:26+00:00,1.448,entry_price,True,0.0,0.14502762430939162
XRPUSDT,2026-05-14 14:30:30+00:00,1.4497,entry_price,False,0.17244947230461105,1.020900876043314
XRPUSDT,2026-05-14 14:30:30+00:00,1.4531,price_ref,True,0.0,0.7845296263161416
XRPUSDT,2026-05-14 14:47:29+00:00,1.4654,price_ref,True,0.0,0.3548519175651611
XRPUSDT,2026-05-14 18:54:01+00:00,1.5431,price_ref,True,0.0,0.5054759898904677
XRPUSDT,2026-07-02 23:57:25+00:00,1.086,entry_price,True,0.0,0.11970534069980264
XRPUSDT,2026-07-03 06:25:45+00:00,1.1052,price_ref,True,0.0,0.1628664495114028
XRPUSDT,2026-07-03 06:25:45+00:00,1.087,entry_price,False,1.39834406623736,1.5087396504139807
XRPUSDT,2026-07-03 06:25:45+00:00,1.1052,card_mark_price,True,0.0,0.1628664495114028
XRPUSDT,2026-07-03 18:47:02+00:00,1.087,entry_price,False,3.4958601655933794,3.606255749770021
XRPUSDT,2026-07-03 18:47:02+00:00,1.127,price_ref,True,0.0,0.07098491570540479
XRPUSDT,2026-07-04 15:13:03+00:00,1.0868,entry_price,False,7.600294442399706,7.655502392344491
XRPUSDT,2026-07-04 15:13:03+00:00,1.162,price_ref,False,0.6368330464716071,0.688468158347677
XRPUSDT,2026-07-23 14:08:17+00:00,1.112,entry_price,True,0.0,0.08093525179855222
XRPUSDT,2026-07-23 14:08:17+00:00,1.112,price_ref,True,0.0,0.08093525179855222
XRPUSDT,2026-07-27 10:02:44+00:00,1.1081,price_ref,True,0.0,0.04512228138256177
XRPUSDT,2026-07-27 10:02:44+00:00,1.08,entry_price,False,2.4537037037037006,2.555555555555541
XRPUSDT,2026-07-27 10:02:44+00:00,1.1069,entry_price,True,0.0,0.06323967838105726
ZECUSDT,2026-05-18 19:14:08+00:00,544.0,entry_price,True,0.0,0.7628676470588194
ZECUSDT,2026-05-19 01:26:18+00:00,545.99,entry_price,False,4.00007326141505,4.287624315463647
ZECUSDT,2026-05-19 01:26:18+00:00,545.99,entry_price,False,4.00007326141505,4.287624315463647
ZECUSDT,2026-05-19 01:26:18+00:00,572.12,card_mark_price,True,0.0,0.4754247360693608
ZECUSDT,2026-05-19 01:26:18+00:00,572.12,price_ref,True,0.0,0.4754247360693608
ZECUSDT,2026-05-19 18:04:20+00:00,545.99,entry_price,False,5.496437663693472,5.864576274290735
ZECUSDT,2026-05-19 18:04:20+00:00,581.92,price_ref,False,0.21136926037941722,0.6719136651086006
ZECUSDT,2026-05-20 06:20:41+00:00,540.0,entry_price,False,8.496296296296295,8.788888888888897
ZECUSDT,2026-05-20 06:20:47+00:00,592.0,price_ref,False,0.04222972972972973,0.7668918918918857
ZECUSDT,2026-05-20 06:20:54+00:00,580.25,entry_price,False,0.9702714347264102,1.242567858681609
ZECUSDT,2026-05-20 06:20:54+00:00,591.75,price_ref,True,0.0,0.7249683143219203
ZECUSDT,2026-06-15 17:43:58+00:00,530.0,entry_price,False,0.3509433962264176,0.6132075471698114
ZECUSDT,2026-06-15 17:43:58+00:00,530.0,price_ref,False,0.3509433962264176,0.6132075471698114
ZECUSDT,2026-07-04 20:07:23+00:00,469.0,entry_price,True,0.0,0.16417910447760808
ZECUSDT,2026-07-04 23:20:44+00:00,462.71,price_ref,True,0.0,0.20315100170733238
ZECUSDT,2026-07-04 23:20:44+00:00,462.71,card_mark_price,True,0.0,0.20315100170733238
ZECUSDT,2026-07-04 23:20:44+00:00,468.7,entry_price,False,0.9409003627053485,1.0774482611478582
ZECUSDT,2026-07-04 23:20:44+00:00,468.7,entry_price,False,0.9409003627053485,1.0774482611478582
ZECUSDT,2026-07-05 02:23:45+00:00,468.7,entry_price,False,2.728824407936839,2.799231918071262
ZECUSDT,2026-07-05 02:23:45+00:00,453.04,price_ref,True,0.0,0.5606568956383462
ZECUSDT,2026-07-18 12:16:28+00:00,544.0,price_ref,True,0.0,0.06250000000000586
ZECUSDT,2026-07-18 12:16:28+00:00,544.0,entry_price,True,0.0,0.06250000000000586
ZECUSDT,2026-07-18 14:55:56+00:00,560.0,price_ref,True,0.0,0.35714285714285715
ZECUSDT,2026-07-21 10:58:19+00:00,545.0,entry_price,False,1.4623853211009226,1.5706422018348525
ZECUSDT,2026-07-22 09:02:00+00:00,543.18,entry_price,False,4.828970138812163,5.143782908059933
ZECUSDT,2026-07-22 09:02:00+00:00,527.22,price_ref,False,1.9479534160312548,2.2722961951367586
ZECUSDT,2026-07-27 09:39:35+00:00,502.0,entry_price,True,0.0,0.12151394422311029
ZECUSDT,2026-07-27 15:43:56+00:00,483.0,price_ref,True,0.0,0.14078674948240305
ZECUSDT,2026-07-27 15:44:22+00:00,501.92,entry_price,False,2.3549569652534257,3.634045266177879
ZECUSDT,2026-07-27 15:44:22+00:00,482.14,price_ref,True,0.0,0.31940930020326475
ZECUSDT,2026-08-02 11:07:13+00:00,473.5,entry_price,True,0.0,0.06758183738120235
ZECUSDT,2026-08-02 20:36:35+00:00,490.0,price_ref,True,0.0,0.2755102040816373
ZECUSDT,2026-08-03 12:32:50+00:00,480.0,entry_price,False,0.610416666666668,1.0375000000000039
ZECUSDT,2026-08-03 13:35:02+00:00,482.0,entry_price,True,0.0,0.9917012448132723
ZECUSDT,2026-08-03 14:06:52+00:00,482.0,entry_price,False,1.1929460580912863,1.5020746887966823
ZECUSDT,2026-08-05 13:04:08+00:00,482.0,entry_price,False,7.975103734439845,8.091286307053942
ZECUSDT,2026-08-14 16:08:35+00:00,486.0,entry_price,False,0.17489711934156849,0.3888888888888861
ZECUSDT,2026-08-15 01:43:45+00:00,498.0,price_ref,True,0.0,0.22690763052208743
ZECUSDT,2026-08-15 12:08:40+00:00,498.44,price_ref,False,1.2739748013803112,1.3582377016290792
ZECUSDT,2026-08-18 13:32:08+00:00,505.2,entry_price,True,0.0,0.21773555027711122
ZROUSDT,2026-05-07 12:32:55+00:00,1.48,entry_price,False,0.547297297297297,1.1351351351351302
ZROUSDT,2026-05-07 12:32:55+00:00,1.48,price_ref,False,0.547297297297297,1.1351351351351302
ZROUSDT,2026-05-07 12:35:12+00:00,1.486,entry_price,False,0.14131897711978403,0.7267833109017443
ZROUSDT,2026-05-07 12:35:12+00:00,1.486,price_ref,False,0.14131897711978403,0.7267833109017443
ZROUSDT,2026-05-09 01:48:32+00:00,1.4849,card_mark_price,True,0.0,0.25590948885447
ZROUSDT,2026-05-09 01:48:32+00:00,1.4744,entry_price,False,0.3052088985350089,0.454422137818784
ZROUSDT,2026-05-09 01:48:32+00:00,1.4849,price_ref,True,0.0,0.25590948885447
ZROUSDT,2026-05-10 19:10:30+00:00,1.4744,entry_price,False,3.1402604449267506,3.9880629408572954
ZROUSDT,2026-05-10 19:10:30+00:00,1.53,card_mark_price,True,0.0,0.2091503267973771
ZROUSDT,2026-05-10 19:10:30+00:00,1.53,price_ref,True,0.0,0.2091503267973771
ZROUSDT,2026-05-10 21:40:45+00:00,1.486,entry_price,True,0.0,0.026917900403765543
ZROUSDT,2026-05-11 06:12:24+00:00,1.5369,card_mark_price,True,0.0,0.6701802329364289
ZROUSDT,2026-05-11 06:12:24+00:00,1.5369,price_ref,True,0.0,0.6701802329364289
ZROUSDT,2026-05-11 06:12:24+00:00,1.4772,entry_price,False,3.3238559436772217,3.344164635797447
ZROUSDT,2026-05-11 09:32:58+00:00,1.5457,price_ref,True,0.0,0.13586077505337327
ZROUSDT,2026-05-11 09:32:58+00:00,1.4772,entry_price,False,4.210668832927161,4.494990522610345
ZROUSDT,2026-05-11 09:32:58+00:00,1.5457,card_mark_price,True,0.0,0.13586077505337327
