ts,idx,entry,oi_chg_4h,px_chg_4h,ret_30d,regime,ret_30d_backonly,regime_backonly,r_outcome,exit_kind,window_span_h,resolved,r_10bp
2022-02-02 17:00:00+00:00,1528,2684.01,-0.02681217150627102,-0.03216489194831973,-0.28853607929714387,bear_30d,-0.2717650102843283,bear_30d,-1.0899999999999996,stop,4.0,True,-1.0499999999999996
2022-02-08 09:00:00+00:00,1664,3093.21,-0.021590787105155496,-0.02823671338227951,-0.01103809523809518,flat_30d,0.018999814936867532,flat_30d,-1.09,stop,4.0,True,-1.05
2022-02-10 19:00:00+00:00,1722,3119.11,-0.026987230839386367,-0.02777552661600502,-0.05127191166748024,flat_30d,0.05209148057157509,flat_30d,-1.09,stop,4.0,True,-1.05
2022-02-11 22:00:00+00:00,1749,2893.7,-0.022989206089980452,-0.03682351805560646,-0.13172083693133085,bear_30d,-0.05127191166748024,flat_30d,1.4099999999999964,target,4.0,True,1.4499999999999964
2022-02-12 22:00:00+00:00,1773,2914.13,-0.02182527373508958,-0.018461134276879898,-0.09981298374254721,flat_30d,-0.13172083693133085,bear_30d,-1.09,stop,4.0,True,-1.05
2022-02-16 16:00:00+00:00,1863,3078.61,-0.028475701978830537,-0.012427221839061975,-0.02705532925472398,flat_30d,-0.04835166149054393,flat_30d,1.4099999999999964,target,4.0,True,1.4499999999999964
2022-02-17 18:00:00+00:00,1889,2920.47,-0.02182115364631987,-0.01759632397957478,-0.08499297317144194,flat_30d,-0.02705532925472398,flat_30d,-1.09,stop,4.0,True,-1.05
2022-02-21 18:00:00+00:00,1985,2637.08,-0.02847609370660309,-0.02343752893122053,0.06467133424030269,flat_30d,0.020962947668597742,flat_30d,-1.0900000000000003,stop,4.0,True,-1.0500000000000003
2022-02-23 17:00:00+00:00,2032,2665.12,-0.02173176141722455,-0.02376556776556782,0.057375939757108974,flat_30d,0.03827592863249052,flat_30d,-1.0899999999999999,stop,4.0,True,-1.0499999999999998
2022-02-25 00:00:00+00:00,2063,2583.01,-0.025887791746706412,-0.02533073724406998,0.12380108953083546,bull_30d,0.056198293297305524,flat_30d,1.4099999999999915,target,4.0,True,1.4499999999999915
2022-02-26 23:00:00+00:00,2110,2778.15,-0.023104602153268705,-0.010841700491347916,0.14675907389138154,bull_30d,0.12380108953083546,bull_30d,-1.0899999999999999,stop,4.0,True,-1.0499999999999998
2022-03-04 00:00:00+00:00,2231,2733.35,-0.023122795505787663,-0.025036204227512404,-0.021564600448095606,flat_30d,0.01672061958526827,flat_30d,-1.09,stop,4.0,True,-1.05
2022-03-07 17:00:00+00:00,2320,2569.34,-1.0,-0.018957689796448074,-0.17322743135685803,bear_30d,-0.1484074624622117,bear_30d,-1.0899999999999996,stop,4.0,True,-1.0499999999999996
2022-03-09 21:00:00+00:00,2372,2706.69,-0.0215976578518281,-0.013255317985454207,-0.13132816109349865,bear_30d,-0.1567548276833015,bear_30d,-1.0899999999999999,stop,4.0,True,-1.0499999999999998
2022-03-16 05:00:00+00:00,2524,2627.04,-0.02087312197238833,-0.005636031234741212,-0.05329359104364473,flat_30d,-0.08815393405613314,flat_30d,1.4099999999999961,target,4.0,True,1.4499999999999962
2022-03-18 23:00:00+00:00,2590,2938.02,-0.027241124376862658,-0.00909281006954521,-0.0588698827599462,flat_30d,-0.11715503513174808,bear_30d,-1.0899999999999999,stop,4.0,True,-1.0499999999999998
2022-03-20 17:00:00+00:00,2632,2826.22,-0.021804108598459937,-0.016614648030424783,0.029516350784247303,flat_30d,0.02047876020478756,flat_30d,1.4099999999999924,target,4.0,True,1.4499999999999924
2022-03-21 19:00:00+00:00,2658,2917.13,-0.03532751774431209,-0.012524838108004754,0.046051797863057464,flat_30d,0.029516350784247303,flat_30d,1.41,target,4.0,True,1.45
2022-03-23 01:00:00+00:00,2688,2957.99,-0.021763604209092846,-0.018850213279731576,0.1825835255251511,bull_30d,0.1327001739979854,bull_30d,1.4100000000000037,target,4.0,True,1.4500000000000037
2022-03-25 15:00:00+00:00,2750,3120.27,-0.03962324783960458,-0.014826836068109972,0.20300463146135406,bull_30d,0.1799686595309553,bull_30d,0.6926245805651446,tif,4.0,True,0.7326245805651447
2022-03-29 15:00:00+00:00,2846,3401.22,-0.025486144946344713,-0.018066862982851317,0.29931689341320133,bull_30d,0.1999424077173657,bull_30d,-1.0899999999999996,stop,4.0,True,-1.0499999999999996
2022-04-01 21:00:00+00:00,2924,3450.21,-0.02235656696352295,-0.005376406081536889,0.17196443051159127,bull_30d,0.10277556534626497,bull_30d,1.015295040012059,tif,4.0,True,1.055295040012059
2022-04-05 14:00:00+00:00,3013,3450.71,-0.022393640468592824,-0.018429810837718663,0.3356397855156372,bull_30d,0.32115409885303436,bull_30d,-1.0899999999999999,stop,4.0,True,-1.0499999999999998
2022-04-07 15:00:00+00:00,3062,3198.03,-0.028592336910923444,-0.01582724514226974,0.25224714520343716,bull_30d,0.2718502751114502,bull_30d,1.4100000000000035,target,4.0,True,1.4500000000000035
2022-04-10 22:00:00+00:00,3141,3220.58,-0.02709839668019076,-0.02032907364764358,0.25210396378560884,bull_30d,0.2502801830017196,bull_30d,-1.09,stop,4.0,True,-1.05
2022-04-11 22:00:00+00:00,3165,2998.59,-0.024242112756684864,-0.01205529820307183,0.160088641709897,bull_30d,0.25210396378560884,bull_30d,1.4099999999999928,target,4.0,True,1.4499999999999929
2022-04-17 19:00:00+00:00,3306,3050.24,-0.029051503766634235,-0.006973428048677288,0.016340937093689112,flat_30d,0.08796615837822075,flat_30d,-1.0899999999999999,stop,4.0,True,-1.0499999999999998
2022-04-20 15:00:00+00:00,3374,3066.73,-0.0313570635527084,-0.026833455505523074,0.06400999626178594,flat_30d,0.0838848161316148,flat_30d,1.4100000000000001,target,4.0,True,1.4500000000000002
2022-04-21 16:00:00+00:00,3399,3077.86,-0.03563530133521975,-0.026113865693790927,0.0043186940161497045,flat_30d,0.06400999626178594,flat_30d,-1.0899999999999996,stop,4.0,True,-1.0499999999999996
2022-04-27 12:00:00+00:00,3539,2865.44,-0.02341516619737405,-0.006359708438230416,-0.13380349289961058,bear_30d,-0.1478387015517404,bear_30d,1.4099999999999964,target,4.0,True,1.4499999999999964
2022-04-28 12:00:00+00:00,3563,2914.0,-0.020338337486172087,-0.005233278599543256,-0.13639599882318332,bear_30d,-0.13380349289961058,bear_30d,-1.0899999999999996,stop,4.0,True,-1.0499999999999996
2022-05-01 19:00:00+00:00,3642,2764.23,-0.02194971177429239,-0.014190341010406504,-0.1826548129449126,bear_30d,-0.16953889005707878,bear_30d,1.41,target,4.0,True,1.45
2022-05-08 22:00:00+00:00,3813,2538.7,-0.021918057476368102,-0.009028702138705547,-0.2106879414400582,bear_30d,-0.18303954854812954,bear_30d,-1.0900000000000003,stop,4.0,True,-1.0500000000000003
2022-05-10 09:00:00+00:00,3848,2373.35,-0.02550935838003654,-0.012449703945041524,-0.26853610979176556,bear_30d,-0.3162058369378026,bear_30d,1.4099999999999953,target,4.0,True,1.4499999999999953
2022-05-11 13:00:00+00:00,3876,2341.16,-0.050243315207965544,-0.03862484703640734,-0.30037029700975937,bear_30d,-0.26853610979176556,bear_30d,-1.0900000000000003,stop,4.0,True,-1.0500000000000003
2022-05-13 20:00:00+00:00,3931,2045.32,-0.021005325061414393,-0.010230055263590887,-0.3555199024531117,bear_30d,-0.3524171430459637,bear_30d,-1.0899999999999999,stop,4.0,True,-1.0499999999999998
2022-05-16 13:00:00+00:00,3996,1993.34,-0.04181082630624244,-0.006563635366880871,-0.33849031553405984,bear_30d,-0.29452584405713356,bear_30d,1.409999999999997,target,4.0,True,1.449999999999997
2022-05-20 16:00:00+00:00,4095,1933.38,-0.02204261353467507,-0.050416742385917646,-0.3628225022039616,bear_30d,-0.34864953780455554,bear_30d,1.4100000000000028,target,4.0,True,1.4500000000000028
2022-05-22 15:00:00+00:00,4142,2003.45,-0.0273339970927875,-0.006968986522991161,-0.310010876982009,bear_30d,-0.33789508638819843,bear_30d,1.41,target,4.0,True,1.45
2022-05-23 19:00:00+00:00,4170,1979.6,-0.022652715696059644,-0.04104943953031004,-0.32687319983073293,bear_30d,-0.310010876982009,bear_30d,-1.0899999999999999,stop,4.0,True,-1.0499999999999998
2022-05-25 06:00:00+00:00,4205,1984.53,-0.035762999604923906,-0.014769545445519006,-0.3539823892006614,bear_30d,-0.3221718619924151,bear_30d,-1.0899999999999996,stop,4.0,True,-1.0499999999999996
2022-05-26 19:00:00+00:00,4242,1826.0,-0.08695847129205525,-0.01875436616690851,-0.3621451059162073,bear_30d,-0.3539823892006614,bear_30d,-1.09,stop,4.0,True,-1.05
2022-05-31 13:00:00+00:00,4356,1944.01,-0.022518744603134633,-0.01090341094106162,-0.31228527509580717,bear_30d,-0.26686360133573084,bear_30d,-1.0899999999999999,stop,4.0,True,-1.0499999999999998
2022-06-01 17:00:00+00:00,4384,1846.31,-0.031080546771409368,-0.05952617450348163,-0.36357331988399955,bear_30d,-0.31228527509580717,bear_30d,-1.0899999999999996,stop,4.0,True,-1.0499999999999996
2022-06-06 17:00:00+00:00,4504,1856.3,-0.03604527087582421,-0.02517539805906821,-0.29440720808252563,bear_30d,-0.32924776804788247,bear_30d,-1.09,stop,4.0,True,-1.05
2022-06-07 23:00:00+00:00,4534,1812.61,-0.03399696427876431,-0.018560932161634014,-0.2803962046925246,bear_30d,-0.29440720808252563,bear_30d,-1.0899999999999996,stop,4.0,True,-1.0499999999999996
2022-06-12 02:00:00+00:00,4633,1452.01,-0.03458712040482825,-0.0616877871622713,-0.28585653899197905,bear_30d,-0.2181826531549459,bear_30d,-1.0900000000000003,stop,4.0,True,-1.0500000000000003
2022-06-13 21:00:00+00:00,4676,1228.95,-0.02597821925858912,-0.00751861483048788,-0.4116593673965937,bear_30d,-0.28585653899197905,bear_30d,-1.09,stop,4.0,True,-1.05
2022-06-15 17:00:00+00:00,4720,1113.8,-0.04285878826877143,-0.022425066924123382,-0.3887507476926576,bear_30d,-0.4364363103816574,bear_30d,-1.0899999999999996,stop,4.0,True,-1.0499999999999996
2022-06-18 17:00:00+00:00,4792,962.02,-0.022228302631918218,-0.03744096694148735,-0.5077446446079645,bear_30d,-0.432666388047226,bear_30d,-1.0899999999999999,stop,4.0,True,-1.0499999999999998
2022-06-20 13:00:00+00:00,4836,1116.52,-0.03617456633168359,-0.0066017758955104755,-0.4286401815658024,bear_30d,-0.42416615186680895,bear_30d,1.409999999999995,target,4.0,True,1.449999999999995
2022-06-21 18:00:00+00:00,4865,1143.15,-0.02919215099590644,-0.03312977874010403,-0.44900936537698943,bear_30d,-0.4286401815658024,bear_30d,-1.0899999999999999,stop,4.0,True,-1.0499999999999998
2022-06-23 18:00:00+00:00,4913,1101.03,-0.025515567274279616,-0.008768691988440436,-0.42194828562186637,bear_30d,-0.4679713047225531,bear_30d,1.409999999999995,target,4.0,True,1.449999999999995
2022-06-26 13:00:00+00:00,4980,1228.0,-0.05460423289119609,-0.00860607430610505,-0.30658828299209406,bear_30d,-0.3067637435651194,bear_30d,-1.0900000000000003,stop,4.0,True,-1.0500000000000003
2022-06-28 16:00:00+00:00,5031,1188.82,-0.04343428108450209,-0.02645909935879076,-0.3690860437529311,bear_30d,-0.33478071595209125,bear_30d,-1.09,stop,4.0,True,-1.05
2022-06-29 23:00:00+00:00,5062,1099.32,-0.02535418162282954,-0.01646208352718037,-0.449753987997217,bear_30d,-0.3690860437529311,bear_30d,-1.09,stop,4.0,True,-1.05
2022-07-01 03:00:00+00:00,5090,1054.04,-0.03132330960440133,-0.01569781015081473,-0.41707115733861644,bear_30d,-0.4484930575584031,bear_30d,1.410000000000005,target,4.0,True,1.450000000000005
2022-07-04 02:00:00+00:00,5161,1049.55,-0.03784611194006504,-0.02397403587735858,-0.36229770861169475,bear_30d,-0.39469605163035815,bear_30d,1.41,target,4.0,True,1.45
2022-07-05 14:00:00+00:00,5197,1092.72,-0.03171391397673984,-0.03185164840032961,-0.37309944111798565,bear_30d,-0.36229770861169475,bear_30d,1.4100000000000048,target,4.0,True,1.4500000000000048
2022-07-07 03:00:00+00:00,5234,1175.94,-0.025754600586807785,-0.008791523723627348,-0.31760279376148204,bear_30d,-0.3618613207394936,bear_30d,1.4099999999999953,target,4.0,True,1.4499999999999953
2022-07-08 10:00:00+00:00,5265,1216.89,-0.03280358514294035,-0.021792604501607582,-0.32243637703654904,bear_30d,-0.31760279376148204,bear_30d,-1.0899999999999999,stop,4.0,True,-1.0499999999999998
2022-07-11 21:00:00+00:00,5348,1121.25,-0.021288510407273198,-0.028177437248647852,-0.2847166474131798,bear_30d,-0.29732543096964414,bear_30d,-1.09,stop,4.0,True,-1.05
2022-07-12 22:00:00+00:00,5373,1042.25,-0.027947183966207767,-0.01768126596356301,-0.27641091783734784,bear_30d,-0.2847166474131798,bear_30d,1.4099999999999946,target,4.0,True,1.4499999999999946
2022-07-15 23:00:00+00:00,5446,1230.58,-0.04939200185931647,-0.027862700951929553,-0.00477965854960416,flat_30d,-0.012670484639830448,flat_30d,-1.09,stop,4.0,True,-1.05
2022-07-17 01:00:00+00:00,5472,1337.89,-0.04451778665509021,-0.005286245353159802,0.23230416486339656,bull_30d,0.26934639482285494,bull_30d,1.4099999999999961,target,4.0,True,1.4499999999999962
2022-07-18 20:00:00+00:00,5515,1470.86,-0.020443449023973326,-0.016101088345273795,0.5895140279049178,bull_30d,0.23230416486339656,bull_30d,1.4099999999999966,target,4.0,True,1.4499999999999966
2022-07-20 16:00:00+00:00,5559,1557.41,-0.05392173845313686,-0.027645799124674575,0.34890896677690786,bull_30d,0.3666258821860482,bull_30d,-1.0899999999999999,stop,4.0,True,-1.0499999999999998
2022-07-22 13:00:00+00:00,5604,1598.52,-0.04330113626914034,-0.01962564089983565,0.46229273870783283,bull_30d,0.399761877260167,bull_30d,-1.0900000000000003,stop,4.0,True,-1.0500000000000003
2022-07-23 14:00:00+00:00,5629,1519.79,-0.02167597638570784,-0.015035742292561882,0.3534987015939355,bull_30d,0.46229273870783283,bull_30d,-1.0899999999999999,stop,4.0,True,-1.0499999999999998
2022-07-24 19:00:00+00:00,5658,1602.28,-0.02073311822887758,-0.006387280010914154,0.3049198804331845,bull_30d,0.3534987015939355,bull_30d,1.4100000000000068,target,4.0,True,1.4500000000000068
2022-07-25 19:00:00+00:00,5682,1493.94,-0.03268302540240231,-0.02057915336353433,0.1601159793814435,bull_30d,0.3049198804331845,bull_30d,1.41,target,4.0,True,1.45
2022-07-28 06:00:00+00:00,5741,1643.19,-0.03193152907519847,-0.00970294523561277,0.5074945343244424,bull_30d,0.37213692423861056,bull_30d,-1.0899999999999999,stop,4.0,True,-1.0499999999999998
2022-07-30 03:00:00+00:00,5786,1706.89,-0.026116176181406714,-0.008688329413131135,0.5844235887379188,bull_30d,0.5662864316122693,bull_30d,-1.09,stop,4.0,True,-1.05
2022-08-01 20:00:00+00:00,5851,1627.61,-0.047462895775756575,-0.016306154394744365,0.5278051250316447,bull_30d,0.5838053698878443,bull_30d,-1.0899999999999999,stop,4.0,True,-1.0499999999999998
2022-08-02 20:00:00+00:00,5875,1651.51,-0.029366817532509026,-0.009565446847300763,0.5178042648291274,bull_30d,0.5278051250316447,bull_30d,-1.0900000000000003,stop,4.0,True,-1.0500000000000003
2022-08-03 20:00:00+00:00,5899,1641.9,-0.025820176778930115,-0.012598851369636344,0.4061274701581421,bull_30d,0.5178042648291274,bull_30d,-1.09,stop,4.0,True,-1.05
2022-08-05 17:00:00+00:00,5944,1663.23,-0.05848762432212984,-0.013031171559290122,0.464239655419473,bull_30d,0.42003887612652413,bull_30d,1.41,target,4.0,True,1.45
2022-08-06 23:00:00+00:00,5974,1689.85,-0.025654374832499327,-0.014394615433967362,0.3661756621285126,bull_30d,0.464239655419473,bull_30d,1.4100000000000001,target,4.0,True,1.4500000000000002
2022-08-08 18:00:00+00:00,6017,1772.4,-0.029801185269466623,-0.011676536518451464,0.46002400368275675,bull_30d,0.4002538050151212,bull_30d,-1.0899999999999999,stop,4.0,True,-1.0499999999999998
2022-08-10 00:00:00+00:00,6047,1671.26,-0.028383270132849137,-0.01422689898429852,0.6909895524430858,bull_30d,0.457463114719004,bull_30d,1.4099999999999935,target,4.0,True,1.4499999999999935
2022-08-14 17:00:00+00:00,6160,1922.28,-0.025466079118757756,-0.027319141615265163,0.5720635797753906,bull_30d,0.6620145681930578,bull_30d,1.4100000000000001,target,4.0,True,1.4500000000000002
2022-08-17 12:00:00+00:00,6227,1871.05,-0.028986975157629935,-0.0066733205211242375,0.16038655292003146,bull_30d,0.40164540787733416,bull_30d,-1.0899999999999999,stop,4.0,True,-1.0499999999999998
2022-08-19 02:00:00+00:00,6265,1824.53,-0.02400523681144695,-0.022124439251585137,0.05715356199140231,flat_30d,0.19752950259181623,bull_30d,-1.0899999999999999,stop,4.0,True,-1.0499999999999998
2022-08-26 00:00:00+00:00,6431,1674.31,-0.04234268438159794,-0.01940906029459144,-0.07840044024580395,flat_30d,0.16978187768855268,bull_30d,-1.0899999999999999,stop,4.0,True,-1.0499999999999998
2022-08-30 15:00:00+00:00,6542,1523.79,-0.04108223137434086,-0.03798707038056526,-0.09188557667662123,flat_30d,-0.08605629818233251,flat_30d,-1.0900000000000003,stop,4.0,True,-1.0500000000000003
2022-08-31 16:00:00+00:00,6567,1549.04,-0.02095550035639382,-0.026923801746340903,-0.046893123446561824,flat_30d,-0.09188557667662123,flat_30d,-1.0899999999999999,stop,4.0,True,-1.0499999999999998
2022-09-02 17:00:00+00:00,6616,1582.78,-0.027785142423289444,-0.028009260680795234,-0.026512177176527207,flat_30d,-0.02734406154714497,flat_30d,-1.0899999999999999,stop,4.0,True,-1.0499999999999998
2022-09-05 19:00:00+00:00,6690,1584.92,-0.026700436081566803,-0.009195876546451376,-0.04315767671686832,flat_30d,-0.0915245260861306,flat_30d,1.4100000000000035,target,4.0,True,1.4500000000000035
2022-09-06 19:00:00+00:00,6714,1575.82,-0.06309308462502217,-0.055654435515284484,-0.08298955421509491,flat_30d,-0.04315767671686832,flat_30d,-1.09,stop,4.0,True,-1.05
2022-09-09 18:00:00+00:00,6785,1708.91,-0.02762339150069948,-0.009275846276037614,-0.0732554876864302,flat_30d,-0.039846302084557306,flat_30d,1.4099999999999968,target,4.0,True,1.4499999999999968
2022-09-11 21:00:00+00:00,6836,1731.25,-0.03239512139332068,-0.02201421292268757,-0.09828854603044856,flat_30d,-0.056562109239896796,flat_30d,1.41,target,4.0,True,1.45
2022-09-13 12:00:00+00:00,6875,1628.43,-0.05607994793774185,-0.04957481454677026,-0.18745961593135352,bear_30d,-0.13499092192858575,bear_30d,-1.0899999999999999,stop,4.0,True,-1.0499999999999998
2022-09-15 09:00:00+00:00,6920,1589.2,-0.0543360139173088,-0.012459220133602567,-0.21529710307178873,bear_30d,-0.13861558233608617,bear_30d,-1.0899999999999996,stop,4.0,True,-1.0499999999999996
2022-09-16 17:00:00+00:00,6952,1420.8,-0.020155603534658506,-0.00656556121913876,-0.21813967440211612,bear_30d,-0.21529710307178873,bear_30d,1.4100000000000037,target,4.0,True,1.4500000000000037
2022-09-18 21:00:00+00:00,7004,1332.71,-0.03165018584533086,-0.03220629456959023,-0.17075278712172548,bear_30d,-0.2047284192734009,bear_30d,-1.09,stop,4.0,True,-1.05
2022-09-20 17:00:00+00:00,7048,1334.69,-0.02194229452757479,-0.006350411697264802,-0.1824730856990917,bear_30d,-0.12691357711136375,bear_30d,1.4100000000000001,target,4.0,True,1.4500000000000002
2022-09-24 21:00:00+00:00,7148,1322.36,-0.024491784826298546,-0.01007620787231811,-0.22310171412381352,bear_30d,-0.19876065252973052,bear_30d,-1.0899999999999999,stop,4.0,True,-1.0499999999999998
2022-09-27 16:00:00+00:00,7215,1331.47,-0.021341466051584934,-0.04296855345911943,-0.06948748510131098,flat_30d,-0.10385906040268456,bear_30d,-1.0899999999999999,stop,4.0,True,-1.0499999999999998
2022-09-29 14:00:00+00:00,7261,1319.75,-0.046856663172197166,-0.012185355119271213,-0.12384803213694962,bear_30d,-0.13815963422262634,bear_30d,1.41,target,4.0,True,1.45
2022-09-30 22:00:00+00:00,7293,1321.73,-0.05421581590647273,-0.018774776914967872,-0.14504455777056613,bear_30d,-0.12384803213694962,bear_30d,-1.0899999999999999,stop,4.0,True,-1.0499999999999998
2022-10-05 11:00:00+00:00,7402,1334.5,-0.02686480815806014,-0.013301392246892751,-0.1640835662865201,bear_30d,-0.13776344304054144,bear_30d,1.4100000000000001,target,4.0,True,1.4500000000000002
2022-10-07 14:00:00+00:00,7453,1338.94,-0.022130722385226176,-0.012559274910211804,-0.1834719366618589,bear_30d,-0.13266975991990915,bear_30d,-1.0899999999999999,stop,4.0,True,-1.0499999999999998
2022-10-08 21:00:00+00:00,7484,1306.43,-0.02328070253773884,-0.015419514805296575,-0.19549387475370517,bear_30d,-0.1834719366618589,bear_30d,-0.08540733142993152,tif,4.0,True,-0.04540733142993152
2022-10-11 19:00:00+00:00,7554,1281.96,-0.030203942111139748,-0.008392571220828926,-0.2749729463289159,bear_30d,-0.2726883054623389,bear_30d,-1.0899999999999999,stop,4.0,True,-1.0499999999999998
2022-10-15 08:00:00+00:00,7639,1279.75,-0.020489908317586902,-0.013877758599432855,-0.13438139041938135,bear_30d,-0.20792593815542482,bear_30d,1.0223266262941981,tif,4.0,True,1.0623266262941982
2022-10-18 17:00:00+00:00,7720,1308.21,-0.024666053018452927,-0.009989329579767059,-0.017800505372393527,flat_30d,-0.09355840758603784,flat_30d,-1.0900000000000003,stop,4.0,True,-1.0500000000000003
2022-10-24 06:00:00+00:00,7853,1338.13,-0.02717672605935062,-0.010141732749437637,0.02015666431138352,flat_30d,0.027754745141788995,flat_30d,1.4100000000000001,target,4.0,True,1.4500000000000002
2022-10-26 18:00:00+00:00,7913,1553.13,-0.026883981187690198,-0.013466045873482546,0.17240217187792561,bull_30d,0.12767486611179368,bull_30d,-1.09,stop,4.0,True,-1.05
2022-10-27 20:00:00+00:00,7939,1526.42,-0.03237022746073792,-0.014335343725381144,0.14052999193785354,bull_30d,0.17240217187792561,bull_30d,-1.0900000000000003,stop,4.0,True,-1.0500000000000003
2022-10-31 14:00:00+00:00,8029,1556.06,-0.020356982704994975,-0.04081318152958513,0.1988088247630233,bull_30d,0.1974046905360829,bull_30d,1.4100000000000001,target,4.0,True,1.4500000000000002
2022-11-01 16:00:00+00:00,8055,1571.67,-0.02205766267851872,-0.015491104986218973,0.23662183767516232,bull_30d,0.1988088247630233,bull_30d,-1.0899999999999996,stop,4.0,True,-1.0499999999999996
2022-11-02 19:00:00+00:00,8082,1535.24,-0.02923564146603197,-0.014387057426251126,0.14718847110593614,bull_30d,0.23662183767516232,bull_30d,-1.09,stop,4.0,True,-1.05
2022-11-03 22:00:00+00:00,8109,1530.6,-0.030449628078030422,-0.00898684346835188,0.12459488656823914,bull_30d,0.14718847110593614,bull_30d,1.4100000000000001,target,4.0,True,1.4500000000000002
2022-11-06 23:00:00+00:00,8182,1567.42,-0.04376700189964122,-0.026175017862135275,0.17814808968663787,bull_30d,0.20318904920458736,bull_30d,-1.0899999999999999,stop,4.0,True,-1.0499999999999998
2022-11-07 23:00:00+00:00,8206,1567.52,-0.03339260316891812,-0.02023876492280774,0.19226615148242243,bull_30d,0.17814808968663787,bull_30d,-1.0899999999999999,stop,4.0,True,-1.0499999999999998
2022-11-09 20:00:00+00:00,8251,1164.29,-0.03797522950408294,-0.00772148122895977,-0.14584044170104526,bear_30d,0.008158111612644792,flat_30d,-1.0899999999999996,stop,4.0,True,-1.0499999999999996
2022-11-11 14:00:00+00:00,8293,1261.49,-0.048912453851701954,-0.011998652892756145,-0.00415758643606734,flat_30d,0.014480182545636433,flat_30d,-1.0899999999999999,stop,4.0,True,-1.0499999999999998
2022-11-14 19:00:00+00:00,8370,1215.6,-0.026553778535417405,-0.023175082768152833,-0.024518691185357877,flat_30d,-0.05756745281198128,flat_30d,1.4099999999999957,target,4.0,True,1.4499999999999957
2022-11-15 19:00:00+00:00,8394,1256.11,-0.032117053427950126,-0.005817358681715401,-0.040367366010218286,flat_30d,-0.024518691185357877,flat_30d,-1.0899999999999999,stop,4.0,True,-1.0499999999999998
2022-11-16 21:00:00+00:00,8420,1206.45,-0.022877307088089216,-0.006513719160710085,-0.08630563196104069,flat_30d,-0.040367366010218286,flat_30d,-1.0899999999999994,stop,4.0,True,-1.0499999999999994
2022-11-20 21:00:00+00:00,8516,1142.29,-0.04635743804546444,-0.025466241233982445,-0.12124734427440953,bear_30d,-0.05092029324598346,flat_30d,-1.0899999999999999,stop,4.0,True,-1.0499999999999998
2022-11-26 22:00:00+00:00,8661,1200.58,-0.02149338219923469,-0.00582141585445628,-0.20404307326418714,bear_30d,-0.23437350282666336,bear_30d,-1.0899999999999999,stop,4.0,True,-1.0499999999999998
2022-11-30 12:00:00+00:00,8747,1258.39,-0.02249341671260452,-0.007531902140479829,-0.1768372974726624,bear_30d,-0.23533074615224958,bear_30d,1.4100000000000041,target,4.0,True,1.4500000000000042
2022-12-03 07:00:00+00:00,8814,1275.29,-0.03785636514374502,-0.007610480362937433,-0.18984231540839203,bear_30d,-0.14648774765036976,bear_30d,-1.0900000000000003,stop,4.0,True,-1.0500000000000003
2022-12-05 15:00:00+00:00,8870,1265.65,-0.051521407385073825,-0.022248831550079173,-0.22596872290312453,bear_30d,-0.22217153562152925,bear_30d,-1.0899999999999996,stop,4.0,True,-1.0499999999999996
2022-12-09 20:00:00+00:00,8971,1261.66,-0.03401454662924641,-0.010299735642733232,0.14600223333847784,bull_30d,-0.04025048747562632,flat_30d,0.03919487025030459,tif,4.0,True,0.07919487025030458
2022-12-12 03:00:00+00:00,9026,1243.11,-0.030760516139187732,-0.015303818825598392,0.014369599465317462,flat_30d,-0.02033927241122424,flat_30d,1.4100000000000001,target,4.0,True,1.4500000000000002
2022-12-13 08:00:00+00:00,9055,1264.39,-0.02296446047773515,-0.005974889739699174,0.08214420288667901,flat_30d,0.014369599465317462,flat_30d,1.4100000000000001,target,4.0,True,1.4500000000000002
2022-12-14 18:00:00+00:00,9089,1332.82,-0.05025359259979767,-0.0063518570981256905,0.05219287306197651,flat_30d,0.08214420288667901,flat_30d,-1.0899999999999999,stop,4.0,True,-1.0499999999999998
2022-12-16 08:00:00+00:00,9127,1243.6,-0.04883204846293132,-0.020015760441292385,-0.040780404349471056,flat_30d,0.010735865773740638,flat_30d,-1.0899999999999996,stop,4.0,True,-1.0499999999999996
2022-12-22 14:00:00+00:00,9277,1192.62,-0.029398487871856616,-0.019654262533599698,0.06872031673850665,flat_30d,0.0959934956411761,flat_30d,1.4100000000000046,target,4.0,True,1.4500000000000046
2023-01-12 14:00:00+00:00,9781,1381.14,-0.02413048566761189,-0.013393909521462355,0.07174541655942956,flat_30d,0.08971824799196781,flat_30d,1.4100000000000004,target,4.0,True,1.4500000000000004
2023-01-14 09:00:00+00:00,9824,1524.49,-0.024496339270930978,-0.015378156687980371,0.22429043008544847,bull_30d,0.10948492078057148,bull_30d,1.4099999999999964,target,4.0,True,1.4499999999999964
2023-01-18 17:00:00+00:00,9928,1542.0,-0.02357377817626105,-0.03270729045127785,0.2951054223318854,bull_30d,0.32423358281534087,bull_30d,-1.0900000000000003,stop,4.0,True,-1.0500000000000003
2023-01-21 10:00:00+00:00,9993,1642.27,-0.031561905895983844,-0.007163930065533286,0.3369832181963053,bull_30d,0.36745493360588855,bull_30d,-1.0900000000000003,stop,4.0,True,-1.0500000000000003
2023-01-23 14:00:00+00:00,10045,1598.95,-0.03237897362955133,-0.023607574453013758,0.3335683137152039,bull_30d,0.3350881508815089,bull_30d,-1.0899999999999999,stop,4.0,True,-1.0499999999999998
2023-01-24 22:00:00+00:00,10077,1561.44,-0.047999100652207694,-0.036219539293385616,0.27753785017570354,bull_30d,0.3335683137152039,bull_30d,-1.0899999999999999,stop,4.0,True,-1.0499999999999998
2023-01-27 01:00:00+00:00,10128,1562.54,-0.020217110436642982,-0.02520368822289054,0.34216298437723225,bull_30d,0.32147545179106585,bull_30d,1.4100000000000037,target,4.0,True,1.4500000000000037
2023-01-30 09:00:00+00:00,10208,1588.12,-0.028460651151510752,-0.02996023626135358,0.30918819496697614,bull_30d,0.3717803377623661,bull_30d,-1.0899999999999999,stop,4.0,True,-1.0499999999999998
2023-01-31 23:00:00+00:00,10246,1585.02,-0.025854128177783542,-0.0076009917603747645,0.32089402980099324,bull_30d,0.30918819496697614,bull_30d,1.4100000000000035,target,4.0,True,1.4500000000000035
2023-02-02 21:00:00+00:00,10292,1637.23,-0.04520423959964759,-0.02562072987835362,0.35378799733164223,bull_30d,0.3532471171995417,bull_30d,1.41,target,4.0,True,1.45
2023-02-04 23:00:00+00:00,10342,1666.44,-0.023606580124641563,-0.005798969072164928,0.3320011510055314,bull_30d,0.32417481832870365,bull_30d,-1.09,stop,4.0,True,-1.05
2023-02-06 23:00:00+00:00,10390,1613.9,-0.027203971663844362,-0.02084622571681649,0.277173267914375,bull_30d,0.28413767007741186,bull_30d,1.4100000000000037,target,4.0,True,1.4500000000000037
2023-02-08 16:00:00+00:00,10431,1653.62,-0.028831259497147488,-0.01093366828159592,0.2498939650993699,bull_30d,0.29532043577714884,bull_30d,-1.0899999999999999,stop,4.0,True,-1.0499999999999998
2023-02-09 19:00:00+00:00,10458,1579.08,-0.06410420164400554,-0.03257466687088384,0.15680371452108144,bull_30d,0.2498939650993699,bull_30d,-1.09,stop,4.0,True,-1.05
2023-02-10 22:00:00+00:00,10485,1508.13,-0.025605520792330583,-0.011956393558615774,0.08853634308912661,flat_30d,0.15680371452108144,bull_30d,0.06151213754782177,tif,4.0,True,0.10151213754782176
2023-02-12 21:00:00+00:00,10532,1510.2,-0.021450943783563603,-0.019471623630850754,0.04379919224778406,flat_30d,0.08603373262515546,flat_30d,-1.09,stop,4.0,True,-1.05
2023-02-15 16:00:00+00:00,10599,1575.16,-0.022490656989955782,-0.0058757818071657475,0.06206922789152314,flat_30d,0.0009462686759320604,flat_30d,1.409999999999993,target,4.0,True,1.449999999999993
2023-02-16 19:00:00+00:00,10626,1711.22,-0.021631226120900182,-0.007936645969934708,0.046722525928575065,flat_30d,0.06206922789152314,flat_30d,-1.0899999999999999,stop,4.0,True,-1.0499999999999998
2023-02-21 21:00:00+00:00,10748,1641.78,-0.03898931040514808,-0.02110102136336811,0.019076983551783,flat_30d,0.0467366661956341,flat_30d,-1.0899999999999996,stop,4.0,True,-1.0499999999999996
2023-02-25 20:00:00+00:00,10843,1571.71,-0.03191889670721004,-0.014947729950612887,-0.004435587153040377,flat_30d,-0.0026622647246822284,flat_30d,1.4100000000000033,target,4.0,True,1.4500000000000033
2023-02-27 17:00:00+00:00,10888,1632.0,-0.03340370548908911,-0.016500138605985426,0.03886682956627974,flat_30d,0.02718085506048551,flat_30d,-1.0899999999999996,stop,4.0,True,-1.0499999999999996
2023-02-28 22:00:00+00:00,10917,1611.77,-0.023349610518034192,-0.018069610035152284,-0.024883482107591504,flat_30d,0.03886682956627974,flat_30d,1.4100000000000001,target,4.0,True,1.4500000000000002
2023-03-03 01:00:00+00:00,10968,1551.76,-0.04950557207353956,-0.05347590321026219,-0.044426848580825906,flat_30d,0.03928657051646045,flat_30d,0.8669778831778117,tif,4.0,True,0.9069778831778117
2023-03-09 20:00:00+00:00,11131,1411.94,-0.06845772223183089,-0.07471411252006943,-0.14013085824089644,bear_30d,-0.05085816965115564,flat_30d,-1.0899999999999999,stop,4.0,True,-1.0499999999999998
2023-03-11 08:00:00+00:00,11167,1433.36,-0.022758146723563688,-0.017721796576253168,-0.04767977833596604,flat_30d,-0.1360209906317793,bear_30d,1.4099999999999964,target,4.0,True,1.4499999999999964
2023-03-12 14:00:00+00:00,11197,1453.29,-0.04424897812619488,-0.006650626785689839,0.044304550804755705,flat_30d,-0.04767977833596604,flat_30d,1.4099999999999961,target,4.0,True,1.4499999999999962
2023-03-14 19:00:00+00:00,11250,1721.45,-0.05774274851359762,-0.027583207176265834,0.12244385898883459,bull_30d,0.08860924137482518,flat_30d,-1.0899999999999999,stop,4.0,True,-1.0499999999999998
2023-03-18 16:00:00+00:00,11343,1793.96,-0.020333022617898044,-0.018213261531052294,0.07292251372788283,flat_30d,0.06818507462686574,flat_30d,-1.0899999999999999,stop,4.0,True,-1.0499999999999998
2023-03-19 20:00:00+00:00,11371,1793.68,-0.02621424116210802,-0.012312504129864954,0.050687082379052395,flat_30d,0.07292251372788283,flat_30d,-1.0899999999999996,stop,4.0,True,-1.0499999999999996
2023-03-20 23:00:00+00:00,11398,1731.71,-0.021200833675792508,-0.011524630401278602,0.02367497014766551,flat_30d,0.050687082379052395,flat_30d,1.41,target,4.0,True,1.45
2023-03-22 17:00:00+00:00,11440,1786.22,-0.02695818125224758,-0.005722237684386289,0.017555907730234077,flat_30d,0.07131422178050495,flat_30d,-1.0899999999999999,stop,4.0,True,-1.0499999999999998
2023-03-23 19:00:00+00:00,11466,1820.01,-0.03784925675252415,-0.009486024033437901,0.0928580038572806,flat_30d,0.017555907730234077,flat_30d,-1.0899999999999999,stop,4.0,True,-1.0499999999999998
2023-03-24 20:00:00+00:00,11491,1747.71,-0.0493447819022228,-0.008003133141485153,0.06501787443438234,flat_30d,0.0928580038572806,flat_30d,-1.0899999999999996,stop,4.0,True,-1.0499999999999996
2023-03-25 21:00:00+00:00,11516,1731.88,-0.030371667584915607,-0.00663056944890561,0.055361916481278195,flat_30d,0.06501787443438234,flat_30d,1.4100000000000001,target,4.0,True,1.4500000000000002
2023-03-29 22:00:00+00:00,11613,1789.56,-0.022553579496333076,-0.007410201229117286,0.09756829596961913,flat_30d,0.08021993428792618,flat_30d,1.409999999999994,target,4.0,True,1.449999999999994
2023-04-02 15:00:00+00:00,11702,1796.62,-0.022232096579237748,-0.010949568127893605,0.1432250168912459,bull_30d,0.10473565674532104,bull_30d,1.4099999999999941,target,4.0,True,1.4499999999999942
2023-04-03 20:00:00+00:00,11731,1779.16,-0.03354493038726902,-0.007552853238132373,0.15556974553813752,bull_30d,0.1432250168912459,bull_30d,1.4100000000000001,target,4.0,True,1.4500000000000002
2023-04-05 14:00:00+00:00,11773,1896.59,-0.033555299673810435,-0.008718058611696278,0.21870467744717814,bull_30d,0.19503727478485477,bull_30d,-1.0899999999999999,stop,4.0,True,-1.0499999999999998
2023-04-11 17:00:00+00:00,11920,1905.04,-0.022882776263873583,-0.007688300864673425,0.19606018008434334,bull_30d,0.29766218228044306,bull_30d,-1.09,stop,4.0,True,-1.05
2023-04-14 15:00:00+00:00,11990,2060.0,-0.0301164845229418,-0.026331586086940084,0.27273443608657977,bull_30d,0.1834604954321648,bull_30d,1.4100000000000028,target,4.0,True,1.4500000000000028
2023-04-15 20:00:00+00:00,12019,2087.32,-0.02116989133621494,-0.009833732596475464,0.250298942937772,bull_30d,0.27273443608657977,bull_30d,-0.35972385642834404,tif,4.0,True,-0.31972385642834406
2023-04-18 17:00:00+00:00,12088,2074.97,-0.022584012261254505,-0.01729584321971689,0.18163023387771848,bull_30d,0.1796795032186156,bull_30d,-1.09,stop,4.0,True,-1.05
2023-04-19 23:00:00+00:00,12118,1932.83,-0.05479448838433987,-0.023625985047484366,0.11613953837536295,bull_30d,0.18163023387771848,bull_30d,-1.0899999999999999,stop,4.0,True,-1.0499999999999998
2023-04-21 18:00:00+00:00,12161,1879.21,-0.02469368288204732,-0.014329698457406836,0.06598369875577559,flat_30d,0.07886608819314045,flat_30d,-1.0899999999999999,stop,4.0,True,-1.0499999999999998
2023-04-24 15:00:00+00:00,12230,1833.74,-0.02728875169070577,-0.011183728053146935,0.05753523796395221,flat_30d,0.06434808465378516,flat_30d,1.410000000000003,target,4.0,True,1.450000000000003
2023-04-26 19:00:00+00:00,12282,1827.39,-0.12802728804818408,-0.06430685414085135,0.08788753755067513,flat_30d,0.052334666568883526,flat_30d,-1.0899999999999999,stop,4.0,True,-1.0499999999999998
2023-04-30 20:00:00+00:00,12379,1890.85,-0.04714188477567538,-0.017291021350019697,0.02614221143337314,flat_30d,0.06372261918706812,flat_30d,-1.0899999999999999,stop,4.0,True,-1.0499999999999998
2023-05-03 12:00:00+00:00,12443,1849.31,-0.02075249405016122,-0.00978801557086939,0.05252862384509971,flat_30d,0.04217310823167342,flat_30d,1.409999999999997,target,4.0,True,1.449999999999997
2023-05-04 13:00:00+00:00,12468,1884.78,-0.02926256744538025,-0.009386957070176227,0.003755798214123418,flat_30d,0.05252862384509971,flat_30d,1.4100000000000001,target,4.0,True,1.4500000000000002
2023-05-06 06:00:00+00:00,12509,1962.79,-0.026206341013890633,-0.00826617487305159,0.012803727829939104,flat_30d,0.044603351018097204,flat_30d,-1.0899999999999996,stop,4.0,True,-1.0499999999999996
2023-05-07 18:00:00+00:00,12545,1908.94,-0.02392508003242,-0.009346376397934564,0.0035590245159351497,flat_30d,0.012803727829939104,flat_30d,-1.0899999999999996,stop,4.0,True,-1.0499999999999996
2023-05-10 17:00:00+00:00,12616,1829.16,-0.030933113881329355,-0.023953469758010604,-0.03616742626643632,flat_30d,-0.006480644188950557,flat_30d,-1.0899999999999999,stop,4.0,True,-1.0499999999999998
2023-05-24 03:00:00+00:00,12938,1820.85,-0.06894519341341432,-0.017541114516337886,-0.02300142842400843,flat_30d,-0.00426583570622685,flat_30d,-1.0899999999999996,stop,4.0,True,-1.0499999999999996
2023-05-25 03:00:00+00:00,12962,1780.19,-0.022377783006036323,-0.010367792577438695,-0.032566741717594105,flat_30d,-0.02300142842400843,flat_30d,1.409999999999997,target,4.0,True,1.449999999999997
2023-05-29 15:00:00+00:00,13070,1889.14,-0.02462388256701087,-0.0072154167126496915,-0.008133150848710802,flat_30d,0.009644839243861503,flat_30d,-1.09,stop,4.0,True,-1.05
2023-05-31 04:00:00+00:00,13107,1873.09,-0.0278733166026075,-0.016353066593846388,0.023426613551041697,flat_30d,0.016805733217013286,flat_30d,0.24127078784255085,tif,4.0,True,0.28127078784255083
2023-06-03 17:00:00+00:00,13192,1889.33,-0.027482759619630426,-0.0061127331071306745,0.007877918907538417,flat_30d,0.0004410050715581981,flat_30d,-1.0899999999999996,stop,4.0,True,-1.0499999999999996
2023-06-05 00:00:00+00:00,13223,1881.32,-0.027906972150878118,-0.011600294210360462,-0.04498520015406615,flat_30d,-0.05220419962259604,flat_30d,-1.0899999999999999,stop,4.0,True,-1.0499999999999998
2023-06-07 10:00:00+00:00,13281,1856.79,-0.036389671002072244,-0.010107956817273056,-0.008247858156335663,flat_30d,0.007360256753142558,flat_30d,-0.45487701894128973,tif,4.0,True,-0.41487701894128975
2023-06-10 18:00:00+00:00,13361,1732.39,-0.027677363724419868,-0.00630384655095273,-0.02375588320581734,flat_30d,-0.00013587990390573346,flat_30d,0.015345793960940213,tif,4.0,True,0.055345793960940214
2023-06-11 23:00:00+00:00,13390,1751.8,-0.042689639391311984,-0.005501024700679591,-0.030295649670916025,flat_30d,-0.02375588320581734,flat_30d,-0.44848841191916655,tif,4.0,True,-0.40848841191916657
2023-06-14 20:00:00+00:00,13459,1637.21,-0.04934008793507705,-0.0577317095630554,-0.09109035228799922,flat_30d,-0.032815237036007194,flat_30d,1.4100000000000001,target,4.0,True,1.4500000000000002
2023-06-16 00:00:00+00:00,13487,1661.02,-0.023496641039905786,-0.005049567222738083,-0.05727774270578878,flat_30d,-0.08658481077909319,flat_30d,1.4100000000000033,target,4.0,True,1.4500000000000033
2023-06-18 23:00:00+00:00,13558,1719.99,-0.02129314072295241,-0.011840744570837614,-0.05045324559175879,flat_30d,-0.04027915918852687,flat_30d,1.4099999999999937,target,4.0,True,1.4499999999999937
2023-06-23 12:00:00+00:00,13667,1872.39,-0.023976496843834516,-0.0058933150693658565,0.05190011340641765,flat_30d,0.009712090473518398,flat_30d,1.4099999999999973,target,4.0,True,1.4499999999999973
2023-06-25 14:00:00+00:00,13717,1889.48,-0.02307539442420148,-0.013120233991434138,0.03911736852765202,flat_30d,0.03869448369489925,flat_30d,-1.0899999999999999,stop,4.0,True,-1.0499999999999998
2023-06-26 16:00:00+00:00,13743,1851.71,-0.03055393471932233,-0.017055588585017767,0.0160155288842716,flat_30d,0.03911736852765202,flat_30d,1.4100000000000001,target,4.0,True,1.4500000000000002
2023-06-28 00:00:00+00:00,13775,1874.46,-0.05652316986128858,-0.00948002536461634,-0.03396246365318534,flat_30d,-0.010118635896790962,flat_30d,-1.09,stop,4.0,True,-1.05
2023-06-29 14:00:00+00:00,13813,1848.61,-0.029849249987579207,-0.01013102868494753,-0.025592032887499228,flat_30d,-0.03396246365318534,flat_30d,1.410000000000003,target,4.0,True,1.450000000000003
2023-06-30 14:00:00+00:00,13837,1844.53,-0.05183818170884136,-0.02484245474538993,0.03234125712821179,flat_30d,-0.025592032887499228,flat_30d,1.410000000000003,target,4.0,True,1.450000000000003
2023-07-02 18:00:00+00:00,13889,1911.86,-0.02962961799395203,-0.006929150218159208,0.01685051270479332,flat_30d,0.03412358445439345,flat_30d,1.4100000000000001,target,4.0,True,1.4500000000000002
2023-07-03 22:00:00+00:00,13917,1954.8,-0.031501218177059864,-0.007952417443554127,0.03389373370493565,flat_30d,0.01685051270479332,flat_30d,-1.09,stop,4.0,True,-1.05
2023-07-06 12:00:00+00:00,13979,1900.01,-0.024701220984328365,-0.025010904425914027,-0.020411414249758453,flat_30d,0.05516483152212959,flat_30d,-1.09,stop,4.0,True,-1.05
2023-07-10 23:00:00+00:00,14086,1879.34,-0.03090878283837295,-0.010587275263892248,0.07351597130192378,flat_30d,0.01206777523496827,flat_30d,-0.3169413730352134,tif,4.0,True,-0.27694137303521343
2023-07-12 19:00:00+00:00,14130,1869.31,-0.020904093966474413,-0.007022464449437771,0.07418423183146627,flat_30d,0.07184610115309975,flat_30d,1.4099999999999973,target,4.0,True,1.4499999999999973
2023-07-14 17:00:00+00:00,14176,1960.23,-0.04531184258545917,-0.019487892596501633,0.17365378322364822,bull_30d,0.15267588141947064,bull_30d,-1.0899999999999999,stop,4.0,True,-1.0499999999999998
2023-07-20 16:00:00+00:00,14319,1883.45,-0.02128415763712954,-0.016891027815910675,0.05537102887733969,flat_30d,0.08716687497480136,flat_30d,0.052026600122113784,tif,4.0,True,0.09202660012211378
2023-07-27 18:00:00+00:00,14489,1858.45,-0.029220772965037,-0.005756442561295927,-0.01522987745162907,flat_30d,0.00691013594239398,flat_30d,0.33535446205170744,tif,4.0,True,0.3753544620517074
2023-07-30 19:00:00+00:00,14562,1861.26,-0.03350774294133685,-0.007470924186917083,-0.03757609612032631,flat_30d,0.015481933242941004,flat_30d,-1.0899999999999999,stop,4.0,True,-1.0499999999999998
2023-08-17 15:00:00+00:00,14990,1738.32,-0.04055070682183126,-0.02743167258790946,-0.11361167649199033,bear_30d,-0.054010479645304255,flat_30d,-1.09,stop,4.0,True,-1.05
2023-08-19 20:00:00+00:00,15043,1670.19,-0.025732590572844716,-0.012055105674417477,-0.11735676201760314,bear_30d,-0.12015045959047443,bear_30d,-0.0546746777312809,tif,4.0,True,-0.014674677731280901
2023-08-21 17:00:00+00:00,15088,1664.36,-0.020235537452131136,-0.007886313103916964,-0.10656625214408233,bear_30d,-0.10930591694696534,bear_30d,-1.09,stop,4.0,True,-1.05
2023-08-22 21:00:00+00:00,15116,1603.41,-0.022284436158655718,-0.013437932625749882,-0.13420486688631572,bear_30d,-0.10656625214408233,bear_30d,1.4100000000000033,target,4.0,True,1.4500000000000033
2023-08-30 02:00:00+00:00,15289,1716.0,-0.022942304293410043,-0.007604892577277922,-0.08138450676138165,flat_30d,-0.07107310991207894,flat_30d,-1.09,stop,4.0,True,-1.05
2023-08-31 16:00:00+00:00,15327,1649.75,-0.03400136482815497,-0.033798741991027614,-0.12160914017244595,bear_30d,-0.08138450676138165,flat_30d,-1.0899999999999996,stop,4.0,True,-1.0499999999999996
2023-09-01 16:00:00+00:00,15351,1624.88,-0.030827075089722267,-0.012861091704383099,-0.11466665216658412,bear_30d,-0.12160914017244595,bear_30d,-0.019225542809316612,tif,4.0,True,0.02077445719068339
2023-09-18 18:00:00+00:00,15761,1636.3,-0.020728629793258735,-0.012283825793016123,-0.019811948294770065,flat_30d,-0.02356752330258438,flat_30d,-0.23850577522458818,tif,4.0,True,-0.19850577522458818
2023-09-27 14:00:00+00:00,15973,1594.0,-0.04230846990851733,-0.013626068984294748,-0.0330527500590011,flat_30d,-0.0387852243317105,flat_30d,1.4099999999999933,target,4.0,True,1.4499999999999933
2023-09-28 21:00:00+00:00,16004,1649.42,-0.028593867496530923,-0.006391450756913941,-0.04418834718919762,flat_30d,-0.0330527500590011,flat_30d,0.6454100229171472,tif,4.0,True,0.6854100229171473
2023-10-02 18:00:00+00:00,16097,1657.52,-0.06855158767060066,-0.03363999953358754,0.015431721507847218,flat_30d,0.06461162395052167,flat_30d,-1.09,stop,4.0,True,-1.05
2023-10-04 00:00:00+00:00,16127,1637.73,-0.025288007360900533,-0.011140093468101298,0.009606831524639814,flat_30d,0.012941737715746582,flat_30d,-1.09,stop,4.0,True,-1.05
2023-10-06 12:00:00+00:00,16187,1614.82,-0.02100708546618979,-0.010896662399470736,0.007351454669092705,flat_30d,-0.013711795204544575,flat_30d,1.4100000000000035,target,4.0,True,1.4500000000000035
2023-10-09 18:00:00+00:00,16265,1576.69,-0.025697397438362413,-0.008601771914711565,-0.03388793736236839,flat_30d,-0.0022985976109256567,flat_30d,-1.0900000000000003,stop,4.0,True,-1.0500000000000003
2023-10-16 16:00:00+00:00,16431,1577.48,-0.0628351845101881,-0.005729340653106929,-0.021466872337299936,flat_30d,-0.05084508158252421,flat_30d,-1.0899999999999999,stop,4.0,True,-1.0499999999999998
2023-10-23 07:00:00+00:00,16590,1675.52,-0.02651729430356986,-0.010687167133123121,0.10884071890870506,bull_30d,0.044307533850830305,flat_30d,1.4099999999999935,target,4.0,True,1.4499999999999935
2023-10-24 15:00:00+00:00,16622,1777.67,-0.04001627703839172,-0.03690560681334276,0.12931727415996308,bull_30d,0.10884071890870506,bull_30d,1.4100000000000033,target,4.0,True,1.4500000000000033
2023-10-26 11:00:00+00:00,16666,1812.89,-0.042891401032609355,-0.020356000345841174,0.1318019205422707,bull_30d,0.1253519263836138,bull_30d,-1.0899999999999999,stop,4.0,True,-1.0499999999999998
2023-10-30 17:00:00+00:00,16768,1797.95,-0.02683057240093889,-0.012375856916857053,0.08360176747416448,flat_30d,0.07733062924139422,flat_30d,0.20561444979003501,tif,4.0,True,0.24561444979003502
2023-11-01 16:00:00+00:00,16815,1797.77,-0.021089996511531095,-0.010795701528015567,0.11237503686450112,bull_30d,0.04746767894126536,flat_30d,1.409999999999997,target,4.0,True,1.449999999999997
2023-11-02 16:00:00+00:00,16839,1801.0,-0.03352444570866464,-0.019276846003049464,0.08724897052252767,flat_30d,0.11237503686450112,bull_30d,0.8111660188784022,tif,4.0,True,0.8511660188784023
2023-11-05 21:00:00+00:00,16916,1867.7,-0.06850635015420603,-0.017579111260730418,0.15091861122767325,bull_30d,0.15196464812596577,bull_30d,0.5899807249558238,tif,4.0,True,0.6299807249558238
2023-11-07 22:00:00+00:00,16965,1880.0,-0.0282755558566975,-0.007700874595558904,0.15549441796056418,bull_30d,0.16442155794217417,bull_30d,1.4099999999999973,target,4.0,True,1.4499999999999973
2023-11-10 10:00:00+00:00,17025,2091.23,-0.020598826464187536,-0.009290140418032666,0.327590720721296,bull_30d,0.35486217922125984,bull_30d,-1.09,stop,4.0,True,-1.05
2023-11-11 20:00:00+00:00,17059,2059.19,-0.021535879638414412,-0.01312201363960952,0.33513559178846,bull_30d,0.327590720721296,bull_30d,-1.0899999999999999,stop,4.0,True,-1.0499999999999998
2023-11-13 21:00:00+00:00,17108,2060.35,-0.03369611481857537,-0.010332106865975743,0.32238200945854634,bull_30d,0.31873288002320255,bull_30d,-1.0899999999999999,stop,4.0,True,-1.0499999999999998
2023-11-14 21:00:00+00:00,17132,1982.42,-0.023082465420621756,-0.02117217202389765,0.27154278375341145,bull_30d,0.32238200945854634,bull_30d,1.4100000000000001,target,4.0,True,1.4500000000000002
2023-11-16 15:00:00+00:00,17174,1996.43,-0.031304302878255696,-0.03555504026511702,0.25456684505655414,bull_30d,0.28817535233734315,bull_30d,-1.09,stop,4.0,True,-1.05
2023-11-24 18:00:00+00:00,17369,2092.13,-0.036054747471414794,-0.010228267297457072,0.16480010746008023,bull_30d,0.15600988617448763,bull_30d,-1.09,stop,4.0,True,-1.05
2023-11-26 16:00:00+00:00,17415,2047.26,-0.03729121851046946,-0.020276316859922594,0.1583970966618351,bull_30d,0.15503244052570286,bull_30d,-1.0899999999999999,stop,4.0,True,-1.0499999999999998
2023-11-28 05:00:00+00:00,17452,1997.32,-0.03583171059505952,-0.014331115892536328,0.1407470941080149,bull_30d,0.1411614399243566,bull_30d,1.4099999999999973,target,4.0,True,1.4499999999999973
2023-12-01 13:00:00+00:00,17532,2080.43,-0.027476884468867646,-0.01129175597260712,0.12920138513147905,bull_30d,0.13002913525034843,bull_30d,1.4100000000000057,target,4.0,True,1.4500000000000057
2023-12-04 14:00:00+00:00,17605,2225.61,-0.028982038971137603,-0.0158656461005795,0.20881643032627895,bull_30d,0.1968632843835436,bull_30d,1.4100000000000001,target,4.0,True,1.4500000000000002
2023-12-05 21:00:00+00:00,17636,2273.55,-0.02436968414130125,-0.008478013423521058,0.21214378939915135,bull_30d,0.20881643032627895,bull_30d,-1.09,stop,4.0,True,-1.05
2023-12-06 22:00:00+00:00,17661,2233.27,-0.02378613377465122,-0.01779022922787321,0.1743588664938398,bull_30d,0.21214378939915135,bull_30d,1.41000000000001,target,4.0,True,1.45000000000001
2023-12-11 02:00:00+00:00,17761,2230.13,-0.03995275409625165,-0.05622936944561996,0.08325058894534965,flat_30d,0.13220624308595053,bull_30d,-1.0899999999999996,stop,4.0,True,-1.0499999999999996
2023-12-14 16:00:00+00:00,17847,2283.0,-0.023635098709712365,-0.008636973541940707,0.16990470226401566,bull_30d,0.10036103893576254,bull_30d,-1.0900000000000003,stop,4.0,True,-1.0500000000000003
2023-12-16 00:00:00+00:00,17879,2229.16,-0.022399205034926317,-0.009803529626026708,0.13633653223792508,bull_30d,0.0788718441793046,flat_30d,-0.8586751960379685,tif,4.0,True,-0.8186751960379685
2023-12-17 22:00:00+00:00,17925,2220.04,-0.022454779114705725,-0.006360076088172795,0.12070099581380878,bull_30d,0.13633653223792508,bull_30d,-1.0900000000000003,stop,4.0,True,-1.0500000000000003
2023-12-22 18:00:00+00:00,18041,2328.65,-0.020283748324445128,-0.005848827032680748,0.1272439205197904,bull_30d,0.1592550066203242,bull_30d,-1.0900000000000003,stop,4.0,True,-1.0500000000000003
2023-12-24 06:00:00+00:00,18077,2292.76,-0.026005452412137364,-0.01245224342822182,0.08854196697995342,flat_30d,0.1198343902107939,bull_30d,-1.09,stop,4.0,True,-1.05
2023-12-26 17:00:00+00:00,18136,2201.02,-0.025063739279821085,-0.021477506635309118,0.08267336576186857,flat_30d,0.09131630874706542,flat_30d,1.4100000000000048,target,4.0,True,1.4500000000000048
2023-12-27 20:00:00+00:00,18163,2353.18,-0.024217715795218475,-0.006623411162284154,0.1739717987541738,bull_30d,0.08267336576186857,flat_30d,1.4100000000000048,target,4.0,True,1.4500000000000048
2023-12-29 07:00:00+00:00,18198,2335.43,-0.026943392229246577,-0.007951914703821061,0.13418884742236514,bull_30d,0.14537642808319506,bull_30d,-1.09,stop,4.0,True,-1.05
2023-12-31 21:00:00+00:00,18260,2284.72,-0.02212854868414016,-0.006850744192516411,0.0943272368339092,flat_30d,0.11770382500877297,bull_30d,1.4100000000000046,target,4.0,True,1.4500000000000046
2024-01-02 12:00:00+00:00,18299,2390.07,-0.021112684970314377,-0.01614058486465131,0.07463387499772023,flat_30d,0.08744365624769057,flat_30d,-1.0900000000000003,stop,4.0,True,-1.0500000000000003
2024-01-03 13:00:00+00:00,18324,2224.29,-0.04135340050423364,-0.06470128166313449,-0.01482844994339605,flat_30d,0.07463387499772023,flat_30d,1.410000000000005,target,4.0,True,1.450000000000005
2024-01-09 00:00:00+00:00,18455,2307.26,-0.02356750426253118,-0.012767960292670244,-0.004048479802206351,flat_30d,-0.004819842896174875,flat_30d,-1.09,stop,4.0,True,-1.05
2024-01-10 13:00:00+00:00,18492,2378.63,-0.032944759383896516,-0.019683562823783363,0.1618738654540881,bull_30d,-0.004048479802206351,flat_30d,1.4100000000000048,target,4.0,True,1.4500000000000048
2024-01-12 16:00:00+00:00,18543,2622.02,-0.02409749351526569,-0.010961570378864471,0.11579347672279616,bull_30d,0.1877307570190958,bull_30d,-1.09,stop,4.0,True,-1.05
2024-01-22 20:00:00+00:00,18787,2340.25,-0.023930466991775146,-0.011004568332706466,0.001935182218835596,flat_30d,0.05608782177749694,flat_30d,-1.0900000000000003,stop,4.0,True,-1.0500000000000003
2024-01-30 23:00:00+00:00,18982,2341.95,-0.025600525524770656,-0.013396524486571915,0.025439499091446383,flat_30d,0.010142766193104835,flat_30d,-1.09,stop,4.0,True,-1.05
2024-02-05 15:00:00+00:00,19118,2297.21,-0.02035581141329701,-0.01346325626138034,0.026991197843203585,flat_30d,0.008695728823718607,flat_30d,1.41,target,4.0,True,1.45
2024-02-13 19:00:00+00:00,19314,2612.16,-0.02137165931666829,-0.007809413838159807,0.06727800320082755,flat_30d,0.031960442117510146,flat_30d,1.4100000000000086,target,4.0,True,1.4500000000000086
2024-02-17 00:00:00+00:00,19381,2797.82,-0.03380715371226961,-0.011140407303470101,0.12792509175369937,bull_30d,0.1079063628675978,bull_30d,-1.0899999999999999,stop,14.0,True,-1.0499999999999998
2024-02-20 01:00:00+00:00,19454,2923.42,-0.029712689686704707,-0.015902190085704815,0.22799570211068687,bull_30d,0.1918398880381189,bull_30d,1.4099999999999964,target,4.0,True,1.4499999999999964
2024-02-22 13:00:00+00:00,19514,2946.15,-0.037528403056337534,-0.026400840702700545,0.3261541618525474,bull_30d,0.2831575445161236,bull_30d,1.4099999999999966,target,4.0,True,1.4499999999999966
2024-02-26 09:00:00+00:00,19606,3043.01,-0.02757498732173136,-0.021131019397175543,0.40212352061544165,bull_30d,0.37433825086468553,bull_30d,1.4100000000000001,target,4.0,True,1.4500000000000002
2024-02-27 16:00:00+00:00,19637,3240.0,-0.024459088841381815,-0.006064845065756219,0.43837765957446817,bull_30d,0.40212352061544165,bull_30d,1.4100000000000001,target,4.0,True,1.4500000000000002
2024-02-28 18:00:00+00:00,19663,3322.06,-0.04165867274380519,-0.010829464958328705,0.46213717127415266,bull_30d,0.43837765957446817,bull_30d,-1.0899999999999996,stop,4.0,True,-1.0499999999999996
2024-02-29 18:00:00+00:00,19687,3375.09,-0.023096415759860656,-0.028124604061323,0.42750699203655085,bull_30d,0.46213717127415266,bull_30d,-1.09,stop,4.0,True,-1.05
2024-03-05 16:00:00+00:00,19805,3695.0,-0.024903206516765475,-0.017968909879046757,0.553498553738869,bull_30d,0.5812879560167636,bull_30d,-1.0899999999999999,stop,4.0,True,-1.0499999999999998
2024-03-08 15:00:00+00:00,19876,3904.01,-0.022791354459845592,-0.012807674996080487,0.6030063278085322,bull_30d,0.6324259826119223,bull_30d,-0.32066026982513185,tif,4.0,True,-0.28066026982513187
2024-03-12 04:00:00+00:00,19961,4040.53,-0.02267663315325852,-0.005403103522971131,0.5897929053110411,bull_30d,0.6287291933418695,bull_30d,-1.0899999999999996,stop,4.0,True,-1.0499999999999996
2024-03-14 19:00:00+00:00,20024,3789.88,-0.022517096154971328,-0.01520631950940654,0.4711246085510994,bull_30d,0.5065372372609371,bull_30d,1.410000000000006,target,4.0,True,1.450000000000006
2024-03-19 09:00:00+00:00,20134,3293.91,-0.033659513922547735,-0.02696451307016745,0.0962067984935393,flat_30d,0.2640425051032671,bull_30d,-1.0899999999999999,stop,4.0,True,-1.0499999999999998
2024-03-26 16:00:00+00:00,20309,3564.54,-0.022904050952706645,-0.022613044658501114,0.15228361217755304,bull_30d,0.19989046183028947,bull_30d,1.4099999999999973,target,4.0,True,1.4499999999999973
2024-04-02 02:00:00+00:00,20463,3367.77,-0.04869869042308039,-0.039437656159085455,-0.06043066983220535,flat_30d,0.023971872691221696,flat_30d,-1.09,stop,4.0,True,-1.05
2024-04-09 07:00:00+00:00,20636,3644.11,-0.020798750734443483,-0.013769996671168183,-0.09604454269533802,flat_30d,-0.05387459539679906,flat_30d,-1.09,stop,4.0,True,-1.05
2024-04-12 18:00:00+00:00,20719,3212.26,-0.0648305818793442,-0.06731241053514858,-0.1921940949320987,bear_30d,-0.120413736327174,bear_30d,-1.0900000000000003,stop,4.0,True,-1.0500000000000003
2024-04-13 19:00:00+00:00,20744,3083.37,-0.06486650124595661,-0.05797221000146646,-0.22639183112440442,bear_30d,-0.1921940949320987,bear_30d,-1.0899999999999996,stop,4.0,True,-1.0499999999999996
2024-04-15 14:00:00+00:00,20787,3128.16,-0.029544667266192426,-0.04023268871441332,-0.12049932209735703,bear_30d,-0.1580347129506008,bear_30d,-1.0899999999999999,stop,4.0,True,-1.0499999999999998
2024-04-18 18:00:00+00:00,20863,3050.38,-0.02140057161698017,-0.00920190599309445,-0.031050300537804554,flat_30d,-0.15331083631574915,bear_30d,-1.09,stop,4.0,True,-1.05
2024-04-20 00:00:00+00:00,20893,3028.87,-0.02088705158942994,-0.015753814158285584,-0.0975205713043179,flat_30d,-0.13158508158508164,bear_30d,1.4100000000000001,target,4.0,True,1.4500000000000002
2024-04-29 02:00:00+00:00,21111,3220.63,-0.020949958942322544,-0.020900595248952714,-0.08361881744027633,flat_30d,-0.07122643389533256,flat_30d,-1.0899999999999999,stop,4.0,True,-1.0499999999999998
2024-05-01 07:00:00+00:00,21164,2868.49,-0.0306488373154874,-0.04476960834917898,-0.15283243785861766,bear_30d,-0.1743619117570483,bear_30d,1.410000000000004,target,4.0,True,1.450000000000004
2024-05-06 13:00:00+00:00,21290,3115.99,-0.027391202777235724,-0.026642468012795018,-0.08697791628766982,flat_30d,-0.05555388202406275,flat_30d,-1.0899999999999996,stop,4.0,True,-1.0499999999999996
2024-05-08 20:00:00+00:00,21345,2950.29,-0.021227748608410146,-0.021475668647845447,-0.1959838814366075,bear_30d,-0.13062537796695006,bear_30d,1.41,target,4.0,True,1.45
2024-05-16 03:00:00+00:00,21520,3012.25,-0.024970611666697562,-0.00607458441395603,-0.04529250531164353,flat_30d,-0.022604208659195435,flat_30d,-1.09,stop,4.0,True,-1.05
2024-05-22 10:00:00+00:00,21671,3742.56,-0.025187200000546972,-0.006867563235715579,0.16931777681904303,bull_30d,0.2055452947328602,bull_30d,-1.0899999999999999,stop,4.0,True,-1.0499999999999998
2024-05-23 19:00:00+00:00,21704,3793.56,-0.03340787948379953,-0.005643379317394892,0.1761196256106201,bull_30d,0.16931777681904303,bull_30d,-1.0899999999999999,stop,4.0,True,-1.0499999999999998
2024-05-27 19:00:00+00:00,21800,3874.91,-0.022734432642916858,-0.0229997503863969,0.19733433313767512,bull_30d,0.22286084895111147,bull_30d,-1.09,stop,4.0,True,-1.05
2024-06-05 05:00:00+00:00,22002,3790.18,-0.031882567055247835,-0.009300112918740444,0.26363220643475427,bull_30d,0.21621311287174194,bull_30d,0.31024484325282825,tif,4.0,True,0.35024484325282823
2024-06-07 17:00:00+00:00,22062,3725.33,-0.027723976324419808,-0.02408783217369448,0.23777552784626632,bull_30d,0.2699938426719475,bull_30d,-1.0899999999999999,stop,4.0,True,-1.0499999999999998
2024-06-12 16:00:00+00:00,22181,3616.2,-0.04017566438221776,-0.006265457543281117,0.20705086262717343,bull_30d,0.19483695559358272,bull_30d,-1.0899999999999999,stop,4.0,True,-1.0499999999999998
2024-06-17 06:00:00+00:00,22291,3550.3,-0.02120370183816256,-0.012299312006365248,0.1242860209060126,bull_30d,0.17229686003468725,bull_30d,-1.09,stop,4.0,True,-1.05
2024-06-19 14:00:00+00:00,22347,3518.84,-0.021466518488043262,-0.011172933175968014,-0.02880151948891907,flat_30d,0.13432009329050998,bull_30d,1.41,target,4.0,True,1.45
2024-06-20 14:00:00+00:00,22371,3519.69,-0.03314057905464507,-0.02321999467163982,-0.07411294405535396,flat_30d,-0.02880151948891907,flat_30d,-1.0899999999999996,stop,4.0,True,-1.0499999999999996
2024-06-23 16:00:00+00:00,22445,3461.51,-0.027176196475276693,-0.010666422775613471,-0.08318027890315605,flat_30d,-0.07676495455506238,flat_30d,-1.09,stop,4.0,True,-1.05
2024-07-05 02:00:00+00:00,22719,2926.66,-0.034386146552584984,-0.0641665574147916,-0.22958633721155663,bear_30d,-0.19768850704934537,bear_30d,-1.0900000000000003,stop,4.0,True,-1.0500000000000003
2024-07-08 01:00:00+00:00,22790,2855.45,-0.0328640656984569,-0.03484488970911337,-0.18049433612792665,bear_30d,-0.20370018098711362,bear_30d,1.410000000000004,target,4.0,True,1.450000000000004
2024-07-11 17:00:00+00:00,22878,3129.18,-1.0,-0.015748997405048426,-0.11432009970956158,bear_30d,-0.15547489413188142,bear_30d,-1.09,stop,4.0,True,-1.05
2024-07-21 17:00:00+00:00,23118,3467.18,-0.025452374382831544,-0.006470358993168723,0.004864692736794796,flat_30d,0.00135848669708305,flat_30d,-1.0899999999999999,stop,4.0,True,-1.0499999999999998
2024-07-25 15:00:00+00:00,23212,3140.81,-0.020268782381699713,-0.009483171863962081,-0.0646584498947852,flat_30d,-0.0052983293556087,flat_30d,1.409999999999993,target,4.0,True,1.449999999999993
2024-07-27 17:00:00+00:00,23262,3259.27,-0.02810943821477152,-0.017081283870792552,-0.05859422549661775,flat_30d,-0.029055761905326993,flat_30d,-1.0900000000000003,stop,4.0,True,-1.0500000000000003
2024-08-03 00:00:00+00:00,23413,2961.07,-0.02123920036192717,-0.019094248867893904,-0.051439703724042274,flat_30d,-0.09306927687988464,flat_30d,-1.09,stop,4.0,True,-1.05
2024-08-04 18:00:00+00:00,23455,2728.18,-0.027265514736630303,-0.047057179782737824,-0.09825092352445786,flat_30d,-0.051439703724042274,flat_30d,-1.09,stop,4.0,True,-1.05
2024-08-05 19:00:00+00:00,23480,2403.94,-0.02172524351355598,-0.0183873220170111,-0.21102593377915513,bear_30d,-0.09825092352445786,flat_30d,1.4099999999999908,target,4.0,True,1.4499999999999909
2024-08-07 16:00:00+00:00,23525,2389.95,-0.020160783858174436,-0.03169541929680986,-0.22405890949822882,bear_30d,-0.1605226875614284,bear_30d,-1.09,stop,4.0,True,-1.05
2024-08-09 13:00:00+00:00,23570,2614.67,-0.020873642870498976,-0.016057410794252935,-0.16172978135728844,bear_30d,-0.12511011203695843,bear_30d,-1.0899999999999999,stop,4.0,True,-1.0499999999999998
2024-08-11 20:00:00+00:00,23625,2555.99,-0.020183321151632905,-0.02610773058589999,-0.1846618835454672,bear_30d,-0.15798918744452506,bear_30d,1.4100000000000044,target,4.0,True,1.4500000000000044
2024-08-13 03:00:00+00:00,23656,2655.04,-0.045919613107920254,-0.024294875328445764,-0.16726991330513374,bear_30d,-0.14267755930195558,bear_30d,1.4100000000000004,target,4.0,True,1.4500000000000004
2024-08-15 17:00:00+00:00,23718,2612.68,-0.030324541107574654,-0.01828402233461346,-0.25388996842713696,bear_30d,-0.2360395448096001,bear_30d,-1.09,stop,4.0,True,-1.05
2024-08-19 09:00:00+00:00,23806,2578.54,-0.025492696078482036,-0.017504419923184855,-0.2505325608712099,bear_30d,-0.2545585892215705,bear_30d,1.4100000000000044,target,4.0,True,1.4500000000000044
2024-08-22 02:00:00+00:00,23871,2601.99,-0.023663585358364214,-0.010488406849789245,-0.24677033389734593,bear_30d,-0.23521849404318684,bear_30d,1.4100000000000046,target,4.0,True,1.4500000000000046
2024-08-23 14:00:00+00:00,23907,2648.58,-0.020803327686792494,-0.005945008669804408,-0.1717512836508469,bear_30d,-0.24677033389734593,bear_30d,1.4100000000000084,target,4.0,True,1.4500000000000084
2024-08-24 21:00:00+00:00,23938,2737.65,-0.029440823285002082,-0.015867481010428452,-0.12832777194856426,bear_30d,-0.1717512836508469,bear_30d,-1.0899999999999999,stop,4.0,True,-1.0499999999999998
2024-08-27 21:00:00+00:00,24010,2489.23,-0.05631618666000937,-0.03705953122400907,-0.24848303106152636,bear_30d,-0.17515093113968794,bear_30d,-1.09,stop,4.0,True,-1.05
2024-08-29 19:00:00+00:00,24056,2527.54,-0.02049153272079407,-0.01824424842008776,-0.2293627237147554,bear_30d,-0.2380436978235505,bear_30d,-1.09,stop,4.0,True,-1.05
2024-09-07 17:00:00+00:00,24270,2271.5,-0.026181394150142534,-0.008312450339221344,-0.15266315879757908,bear_30d,-0.05027312602235412,flat_30d,1.4100000000000048,target,4.0,True,1.4500000000000048
2024-10-01 13:00:00+00:00,24842,2579.72,-0.020852855833179418,-0.02068180092627747,0.009197583056649528,flat_30d,0.03566210572831041,flat_30d,-1.09,stop,4.0,True,-1.05
2024-10-02 21:00:00+00:00,24874,2377.67,-0.02236626228298333,-0.02785591626461692,-0.06848947862216848,flat_30d,0.009197583056649528,flat_30d,-1.0899999999999996,stop,4.0,True,-1.0499999999999996
2024-10-06 22:00:00+00:00,24971,2430.56,-0.023478783039261986,-0.005938456001439607,0.09671718307325627,flat_30d,0.019451965683437766,flat_30d,1.4100000000000044,target,4.0,True,1.4500000000000044
2024-10-13 14:00:00+00:00,25131,2445.59,-0.020541993141419912,-0.006467574781333418,0.012156758197813922,flat_30d,0.04841599634020821,flat_30d,1.410000000000009,target,4.0,True,1.450000000000009
2024-10-15 14:00:00+00:00,25179,2567.08,-0.029499544171135983,-0.017423256526066022,0.12600384474156012,bull_30d,0.08781991599942063,flat_30d,1.409999999999996,target,4.0,True,1.449999999999996
2024-10-23 00:00:00+00:00,25357,2613.32,-0.023637707184179346,-0.007557287275654745,-0.04611012003749282,flat_30d,0.016217431413133587,flat_30d,-1.09,stop,4.0,True,-1.05
2024-11-01 16:00:00+00:00,25588,2518.61,-0.025715341966148997,-0.00717827831694795,0.06287346593313581,flat_30d,0.029229417414226466,flat_30d,-1.0899999999999996,stop,4.0,True,-1.0499999999999996
2024-11-04 21:00:00+00:00,25665,2370.29,-0.02808617782601175,-0.022157590759075974,-0.006650313662769136,flat_30d,0.018194399555809593,flat_30d,1.4100000000000048,target,4.0,True,1.4500000000000048
2024-11-07 06:00:00+00:00,25722,2804.3,-0.022286940718844628,-0.023983628067562046,0.18686471244016012,bull_30d,0.12418292557035193,bull_30d,1.4099999999999921,target,4.0,True,1.4499999999999922
2024-11-08 17:00:00+00:00,25757,2919.66,-0.020487533656364243,-0.009448653270048402,0.250050641458474,bull_30d,0.18686471244016012,bull_30d,1.410000000000004,target,4.0,True,1.450000000000004
2024-11-10 19:00:00+00:00,25807,3164.99,-0.04914085482341968,-0.014687890117895508,0.3062301616594081,bull_30d,0.3109917660277375,bull_30d,-1.0899999999999996,stop,4.0,True,-1.0499999999999996
2024-11-12 13:00:00+00:00,25849,3265.66,-0.026971302679831277,-0.02898770497896319,0.3153388254267988,bull_30d,0.36359485917683787,bull_30d,-1.0899999999999999,stop,4.0,True,-1.0499999999999998
2024-11-13 19:00:00+00:00,25879,3160.21,-0.0234646816192704,-0.04584471852780003,0.21302607954718367,bull_30d,0.3153388254267988,bull_30d,-1.0899999999999999,stop,4.0,True,-1.0499999999999998
2024-11-16 15:00:00+00:00,25947,3143.18,-0.021805334782094787,-0.016951378941508444,0.20334278947105755,bull_30d,0.18440156451717948,bull_30d,-1.0899999999999999,stop,4.0,True,-1.0499999999999998
2024-11-19 03:00:00+00:00,26007,3150.89,-0.046641163510618644,-0.01856108743863849,0.13191213623688558,bull_30d,0.21266879450036846,bull_30d,-1.0899999999999999,stop,4.0,True,-1.0499999999999998
2024-11-23 18:00:00+00:00,26118,3426.82,-0.044792805251516965,-0.013887450073091778,0.3395690603812431,bull_30d,0.3194378407506022,bull_30d,-1.09,stop,4.0,True,-1.05
2024-11-25 19:00:00+00:00,26167,3467.01,-0.027663112681231006,-0.015406417021179952,0.3766579104285186,bull_30d,0.37821400762263857,bull_30d,-1.0899999999999999,stop,4.0,True,-1.0499999999999998
2024-11-28 15:00:00+00:00,26235,3543.41,-0.025684914629313882,-0.021924788287641772,0.35702918977903053,bull_30d,0.42446687888906665,bull_30d,1.4100000000000064,target,4.0,True,1.4500000000000064
2024-12-02 17:00:00+00:00,26333,3569.14,-0.030912078064512905,-0.016492192042414033,0.4622414892465141,bull_30d,0.4776574015456465,bull_30d,1.410000000000003,target,4.0,True,1.450000000000003
2024-12-04 04:00:00+00:00,26368,3671.99,-0.029109172153615637,-0.007183876968333669,0.6020680996258401,bull_30d,0.4718734866458578,bull_30d,1.4100000000000001,target,4.0,True,1.4500000000000002
2024-12-05 21:00:00+00:00,26409,3857.89,-0.02060743266612919,-0.016265988045939483,0.564086362547596,bull_30d,0.6020680996258401,bull_30d,-1.09,stop,4.0,True,-1.05
2024-12-09 20:00:00+00:00,26504,3745.41,-0.047460145353706906,-0.026814876020173628,0.18724476580013616,bull_30d,0.3528486354367819,bull_30d,-1.09,stop,4.0,True,-1.05
2024-12-16 23:00:00+00:00,26675,3984.76,-0.02031620640233145,-0.01780383979255551,0.27116935483870974,bull_30d,0.28034284790167385,bull_30d,-1.0899999999999999,stop,4.0,True,-1.0499999999999998
2024-12-19 14:00:00+00:00,26738,3636.6,-0.026346058432291874,-0.018652245717431404,0.09885055992590064,flat_30d,0.12923924148413946,bull_30d,-1.09,stop,4.0,True,-1.05
2024-12-21 10:00:00+00:00,26782,3464.71,-0.02806393095183668,-0.018492970235043038,-0.006199343739020202,flat_30d,0.13019325637811163,bull_30d,-1.0899999999999996,stop,4.0,True,-1.0499999999999996
2024-12-24 19:00:00+00:00,26863,3463.9,-0.020723304059018233,-0.007924801736754583,0.03835586295487925,flat_30d,0.00718716968021349,flat_30d,-1.0899999999999996,stop,4.0,True,-1.0499999999999996
2025-01-13 14:00:00+00:00,27338,3033.71,-0.026983980447215394,-0.026980303608599487,-0.18933464302331593,bear_30d,-0.16384166325276528,bear_30d,1.4100000000000037,target,4.0,True,1.4500000000000037
2025-01-19 21:00:00+00:00,27489,3232.4,-0.029159108778804455,-0.060990311850915746,-0.07396683261881709,flat_30d,-0.03219480785553308,flat_30d,-1.0899999999999999,stop,4.0,True,-1.0499999999999998
2025-01-24 20:00:00+00:00,27608,3327.84,-0.020386045566400668,-0.015123085938193559,-0.05352259334271625,flat_30d,-0.04412695412618084,flat_30d,-0.08368960046155977,tif,4.0,True,-0.043689600461559765
2025-01-26 23:00:00+00:00,27659,3230.5,-0.02439009716517926,-0.03206282527992432,-0.030488372162816746,flat_30d,-0.004572251473831113,flat_30d,-1.0899999999999999,stop,4.0,True,-1.0499999999999998
2025-01-31 19:00:00+00:00,27775,3337.3,-0.030377742583477696,-0.025949956365780236,-0.01781887026100215,flat_30d,-0.02718660180964283,flat_30d,-1.0899999999999999,stop,4.0,True,-1.0499999999999998
2025-02-03 11:00:00+00:00,27839,2579.43,-0.03453012392082555,-0.015210344867081393,-0.21260999072754572,bear_30d,-0.205061684253123,bear_30d,-1.0899999999999999,stop,4.0,True,-1.0499999999999998
2025-02-04 20:00:00+00:00,27872,2731.33,-0.025947956994201493,-0.02054421183237587,-0.24895184541232906,bear_30d,-0.21260999072754572,bear_30d,-1.0899999999999999,stop,4.0,True,-1.0499999999999998
2025-02-09 22:00:00+00:00,27994,2614.64,-0.021078639234345165,-0.007960176353192017,-0.19581873637276748,bear_30d,-0.1824755145669683,bear_30d,-1.0899999999999996,stop,4.0,True,-1.0499999999999996
2025-02-17 17:00:00+00:00,28181,2731.17,-0.039075372115247586,-0.015830060178011585,-0.17047207185411428,bear_30d,-0.23395480909347477,bear_30d,-1.09,stop,4.0,True,-1.05
2025-02-21 16:00:00+00:00,28276,2735.51,-0.020980063514370983,-0.025016929821434775,-0.17925663170882178,bear_30d,-0.17730677664486338,bear_30d,-1.09,stop,4.0,True,-1.05
2025-02-24 03:00:00+00:00,28335,2716.56,-0.031866710564986134,-0.03618185301610055,-0.2428155073525201,bear_30d,-0.1481221778264049,bear_30d,-1.0899999999999999,stop,4.0,True,-1.0499999999999998
2025-02-25 07:00:00+00:00,28363,2366.83,-0.02186683179270832,-0.05092568458956703,-0.22784398699891661,bear_30d,-0.2428155073525201,bear_30d,1.4099999999999953,target,4.0,True,1.4499999999999953
2025-02-26 20:00:00+00:00,28400,2338.66,-0.0357720574005973,-0.02459105279402074,-0.26584805359337815,bear_30d,-0.22784398699891661,bear_30d,-1.0899999999999999,stop,4.0,True,-1.0499999999999998
2025-02-28 03:00:00+00:00,28431,2146.41,-0.021008046063646812,-0.069472744140879,-0.2814284107885817,bear_30d,-0.25010078154462356,bear_30d,-1.0900000000000003,stop,4.0,True,-1.0500000000000003
2025-03-03 00:00:00+00:00,28500,2464.48,-0.027454124419624026,-0.017861555015343034,-0.3106327537850344,bear_30d,-0.23712077587513258,bear_30d,-1.0899999999999999,stop,4.0,True,-1.0499999999999998
2025-03-04 14:00:00+00:00,28538,2077.07,-0.02423933950619883,-0.01057039147128036,-0.24321054374923723,bear_30d,-0.3106327537850344,bear_30d,-1.0899999999999999,stop,4.0,True,-1.0499999999999998
2025-03-06 17:00:00+00:00,28589,2189.94,-0.023807536952974218,-0.024651604024424456,-0.19365721255810375,bear_30d,-0.22171195925924647,bear_30d,-1.0899999999999999,stop,4.0,True,-1.0499999999999998
2025-03-09 18:00:00+00:00,28662,2019.99,-0.025030814239445642,-0.045517691086414236,-0.22950707073790566,bear_30d,-0.17965180150823945,bear_30d,1.4099999999999948,target,4.0,True,1.4499999999999948
2025-03-13 14:00:00+00:00,28754,1883.67,-0.02376057279960797,-0.008239791083124448,-0.28345309358215787,bear_30d,-0.28298978567588595,bear_30d,-1.0899999999999996,stop,4.0,True,-1.0499999999999996
2025-03-19 19:00:00+00:00,28903,2029.91,-0.026854103360154036,-0.008770087945035532,-0.25074371126503825,bear_30d,-0.27419548872180444,bear_30d,-1.0899999999999996,stop,4.0,True,-1.0499999999999996
2025-03-28 12:00:00+00:00,29112,1883.11,-0.025310926279897505,-0.012139016393442725,-0.18811474181379073,bear_30d,-0.1970975565755978,bear_30d,-1.09,stop,4.0,True,-1.05
2025-03-29 17:00:00+00:00,29141,1816.94,-0.02231782542812666,-0.022246378371397202,-0.20780695897965018,bear_30d,-0.18811474181379073,bear_30d,-1.09,stop,4.0,True,-1.05
2025-04-04 01:00:00+00:00,29269,1781.76,-0.03466131325577393,-0.016417333701352455,-0.18946193844986492,bear_30d,-0.16310913103372027,bear_30d,0.695459321120691,tif,4.0,True,0.735459321120691
2025-04-06 19:00:00+00:00,29335,1625.22,-0.026335666576892902,-0.07594951103024783,-0.26193990806831335,bear_30d,-0.1799767414393052,bear_30d,-1.0899999999999999,stop,4.0,True,-1.0499999999999998
2025-04-10 17:00:00+00:00,29429,1510.73,-0.024093352661561207,-0.03667168290567768,-0.20859144600308954,bear_30d,-0.10502491271165071,bear_30d,1.410000000000004,target,4.0,True,1.450000000000004
2025-04-13 21:00:00+00:00,29505,1593.09,-0.023446037846440615,-0.02621670191567138,-0.164261902145186,bear_30d,-0.11812679744173071,bear_30d,1.4099999999999933,target,4.0,True,1.4499999999999933
2025-04-15 22:00:00+00:00,29554,1590.23,-0.022847186323152302,-0.012138380017021055,-0.15799296913524608,bear_30d,-0.16178012363978167,bear_30d,-1.09,stop,4.0,True,-1.05
2025-04-17 20:00:00+00:00,29600,1583.7,-0.05642512740172412,-0.013129607358063677,-0.18014751584966648,bear_30d,-0.18115479102717913,bear_30d,1.41,target,4.0,True,1.45
2025-04-21 16:00:00+00:00,29692,1588.88,-0.03644013961850179,-0.021004701257570924,-0.20252985511931942,bear_30d,-0.19251225309317443,bear_30d,-1.0899999999999996,stop,4.0,True,-1.0499999999999996
2025-04-24 08:00:00+00:00,29756,1733.8,-0.020861805956933432,-0.02124825001129027,-0.14352950291010158,bear_30d,-0.13744886825193103,bear_30d,1.4100000000000066,target,4.0,True,1.4500000000000066
2025-04-27 04:00:00+00:00,29824,1797.22,-0.03155068416756346,-0.023939607885732905,-0.0558063733504921,flat_30d,-0.09127221889354897,flat_30d,-1.0899999999999999,stop,4.0,True,-1.0499999999999998
2025-04-29 13:00:00+00:00,29881,1813.42,-0.02031540917956265,-0.009628355315256187,-0.005766495664060178,flat_30d,-0.015377711621390788,flat_30d,-1.09,stop,4.0,True,-1.05
2025-05-02 07:00:00+00:00,29947,1815.3,-0.021349609382213086,-0.01698201076538186,0.026263864890474498,flat_30d,-0.035195697953481986,flat_30d,1.4100000000000001,target,4.0,True,1.4500000000000002
2025-05-07 13:00:00+00:00,30073,1827.97,-0.023537974744890056,-0.008262803819444442,0.1659967534977198,bull_30d,0.1495208800111394,bull_30d,-1.0899999999999999,stop,4.0,True,-1.0499999999999998
2025-05-09 11:00:00+00:00,30119,2350.76,-0.05045915596336403,-0.005520748283491361,0.40487448237839274,bull_30d,0.4983261694744918,bull_30d,-1.0900000000000003,stop,4.0,True,-1.0500000000000003
2025-05-11 03:00:00+00:00,30159,2536.31,-0.03136963318666064,-0.01766134373390238,0.6050729265115329,bull_30d,0.6968723095224012,bull_30d,-1.0899999999999999,stop,4.0,True,-1.0499999999999998
2025-05-14 16:00:00+00:00,30244,2588.9,-0.028192136421009262,-0.008767899532889256,0.6073369397789306,bull_30d,0.6773476442151141,bull_30d,-1.0899999999999996,stop,4.0,True,-1.0499999999999996
2025-05-15 20:00:00+00:00,30272,2535.83,-0.023995521326168667,-0.024031374722411458,0.6043765743073048,bull_30d,0.6073369397789306,bull_30d,1.409999999999996,target,4.0,True,1.449999999999996
2025-05-16 23:00:00+00:00,30299,2535.72,-0.03193825961429364,-0.021335391740640808,0.6083674789734741,bull_30d,0.6043765743073048,bull_30d,-1.0900000000000003,stop,4.0,True,-1.0500000000000003
2025-05-18 17:00:00+00:00,30341,2488.59,-0.05811645001600507,-0.020698963871257137,0.5724946627957503,bull_30d,0.5630701776553539,bull_30d,-1.09,stop,4.0,True,-1.05
2025-05-20 12:00:00+00:00,30384,2483.39,-0.0334534849804895,-0.01972479237060676,0.5902896833400566,bull_30d,0.5671094738408871,bull_30d,1.4100000000000004,target,4.0,True,1.4500000000000004
2025-05-23 07:00:00+00:00,30451,2654.69,-0.03703961011078094,-0.02434461746535188,0.4073258807663587,bull_30d,0.5172963766753818,bull_30d,-1.0899999999999999,stop,4.0,True,-1.0499999999999998
2025-05-29 06:00:00+00:00,30594,2726.82,-0.028868568630518454,-0.01566307247464993,0.46406764000289447,bull_30d,0.48975667233579,bull_30d,-1.09,stop,4.0,True,-1.05
2025-05-30 17:00:00+00:00,30629,2548.06,-0.024596009642216865,-0.01066960715034515,0.4110648124905869,bull_30d,0.46406764000289447,bull_30d,-1.0899999999999996,stop,4.0,True,-1.0499999999999996
2025-06-03 23:00:00+00:00,30731,2592.16,-0.022843760314529615,-0.012194378391561456,0.43381990961739514,bull_30d,0.4223240839267688,bull_30d,1.4099999999999915,target,4.0,True,1.4499999999999915
2025-06-04 23:00:00+00:00,30755,2606.62,-0.021521409514427714,-0.006002227001632221,0.4326574806395409,bull_30d,0.43381990961739514,bull_30d,-1.09,stop,4.0,True,-1.05
2025-06-05 23:00:00+00:00,30779,2412.9,-0.05214128850833932,-0.04556026708015559,0.32852848223232867,bull_30d,0.4326574806395409,bull_30d,1.409999999999996,target,4.0,True,1.449999999999996
2025-06-08 22:00:00+00:00,30850,2506.64,-0.03240575182622152,-0.009640305961185924,0.06996544810817729,flat_30d,0.14360038793767615,bull_30d,1.4100000000000041,target,4.0,True,1.4500000000000042
2025-06-11 19:00:00+00:00,30919,2811.94,-0.035138395876233464,-0.018180802441332355,0.11073066683773303,bull_30d,0.12025558190238228,bull_30d,-1.0899999999999999,stop,4.0,True,-1.0499999999999998
2025-06-12 19:00:00+00:00,30943,2693.13,-0.025811969874443008,-0.009241239768233211,-0.01389163701798335,flat_30d,0.11073066683773303,bull_30d,-1.09,stop,4.0,True,-1.05
2025-06-16 22:00:00+00:00,31042,2568.65,-0.027430887812163962,-0.031739450025444316,0.02790116770206419,flat_30d,0.004180272269809215,flat_30d,-1.0899999999999999,stop,4.0,True,-1.0499999999999998
2025-06-21 22:00:00+00:00,31162,2285.26,-0.02703245411825883,-0.04251022323523479,-0.138561860856246,bear_30d,-0.056794209217883695,flat_30d,-1.0900000000000003,stop,4.0,True,-1.0500000000000003
2025-06-23 17:00:00+00:00,31205,2273.71,-0.0423018860083173,-0.008853453762390884,-0.0470017040489944,flat_30d,-0.1184213131437124,bear_30d,1.409999999999995,target,4.0,True,1.449999999999995
2025-06-24 21:00:00+00:00,31233,2443.72,-0.02448063897196051,-0.005198474245773466,-0.04017599792943627,flat_30d,-0.0470017040489944,flat_30d,-1.0899999999999996,stop,4.0,True,-1.0499999999999996
2025-06-26 12:00:00+00:00,31272,2438.77,-0.02113234638820105,-0.018978660069591036,-0.09222359239653521,flat_30d,-0.05664544982692199,flat_30d,-1.09,stop,4.0,True,-1.05
2025-06-29 16:00:00+00:00,31348,2437.92,-0.02575246858098512,-0.006337962151564791,-0.012009661491996892,flat_30d,-0.07432612249553283,flat_30d,1.4099999999999957,target,4.0,True,1.4499999999999957
2025-07-03 17:00:00+00:00,31445,2576.02,-0.0224241305351347,-0.018195261761746573,-0.0007676995247206664,flat_30d,-0.01423759246186429,flat_30d,-1.0900000000000003,stop,4.0,True,-1.0500000000000003
2025-07-07 14:00:00+00:00,31538,2530.2,-0.038183440727941886,-0.010693828077652623,0.007121344218118386,flat_30d,0.037877012822273626,flat_30d,1.4100000000000041,target,4.0,True,1.4500000000000042
2025-07-11 12:00:00+00:00,31632,2985.39,-0.03118164432607884,-0.005857514868563896,0.06735274370654865,flat_30d,0.04790215005646825,flat_30d,-1.0899999999999999,stop,4.0,True,-1.0499999999999998
2025-07-12 14:00:00+00:00,31658,2926.98,-0.025208876662306867,-0.016032030443713152,0.11376250293407231,bull_30d,0.06735274370654865,flat_30d,1.4100000000000001,target,4.0,True,1.4500000000000002
2025-07-13 21:00:00+00:00,31689,2963.66,-0.020157584744594725,-0.009028107508041727,0.15215915658491364,bull_30d,0.11376250293407231,bull_30d,1.4099999999999964,target,4.0,True,1.4499999999999964
2025-07-15 03:00:00+00:00,31719,2950.9,-0.026093988568833937,-0.020370087575441786,0.23221747463005427,bull_30d,0.1907766261078565,bull_30d,1.4100000000000001,target,4.0,True,1.4500000000000002
2025-07-18 20:00:00+00:00,31808,3516.36,-0.020198206561895637,-0.015987172204203648,0.40533943070905787,bull_30d,0.3856771051299528,bull_30d,1.4099999999999968,target,4.0,True,1.4499999999999968
2025-07-21 16:00:00+00:00,31876,3766.53,-1.0,-0.01132641061716455,0.6390267712005857,bull_30d,0.5613364817786499,bull_30d,-1.0899999999999996,stop,4.0,True,-1.0499999999999996
2025-07-23 08:00:00+00:00,31916,3691.07,-0.020621167786796457,-0.011573819922930384,0.5049390347620095,bull_30d,0.6825942245758716,bull_30d,-1.0899999999999996,stop,4.0,True,-1.0499999999999996
2025-07-25 15:00:00+00:00,31971,3631.91,-0.02578978121408837,-0.023680107526881766,0.5406448570293882,bull_30d,0.5142303826636923,bull_30d,1.410000000000003,target,4.0,True,1.450000000000003
2025-07-28 14:00:00+00:00,32042,3783.47,-0.03617010501259432,-0.026649961667687183,0.5590602924264825,bull_30d,0.5984203529227186,bull_30d,0.36302328285938723,tif,4.0,True,0.4030232828593872
2025-07-31 14:00:00+00:00,32114,3766.59,-0.02476648533751935,-0.022614395366578832,0.5379027728662658,bull_30d,0.5330958418870506,bull_30d,-1.09,stop,4.0,True,-1.05
2025-08-01 22:00:00+00:00,32146,3461.64,-0.02555037850083053,-0.02447245017584998,0.35691628687187915,bull_30d,0.5379027728662658,bull_30d,-1.0899999999999996,stop,4.0,True,-1.0499999999999996
2025-08-10 06:00:00+00:00,32346,4223.97,-0.024450413691646466,-0.0050243799024803915,0.43688555359781955,bull_30d,0.4434593407487242,bull_30d,1.4100000000000001,target,4.0,True,1.4500000000000002
2025-08-11 12:00:00+00:00,32376,4182.22,-0.02132009334047602,-0.022973629618554647,0.43490704891786525,bull_30d,0.43688555359781955,bull_30d,1.4099999999999948,target,4.0,True,1.4499999999999948
2025-08-14 12:00:00+00:00,32448,4568.49,-0.023348833689426418,-0.03349200304645861,0.4486330403299317,bull_30d,0.576347991209258,bull_30d,-1.0899999999999996,stop,4.0,True,-1.0499999999999996
2025-08-15 15:00:00+00:00,32475,4428.72,-0.02987665192547162,-0.043968569208185704,0.31644983756360223,bull_30d,0.4486330403299317,bull_30d,1.4099999999999953,target,4.0,True,1.4499999999999953
2025-08-18 03:00:00+00:00,32535,4318.43,-0.030133030665466576,-0.03405090076185613,0.20060089493805866,bull_30d,0.2606334382296214,bull_30d,-1.0900000000000003,stop,4.0,True,-1.0500000000000003
2025-08-20 01:00:00+00:00,32581,4108.79,-0.02343818014277732,-0.01046423135464225,0.15249829830681527,bull_30d,0.08474386727268368,flat_30d,1.4100000000000055,target,4.0,True,1.4500000000000055
2025-08-24 20:00:00+00:00,32696,4784.63,-0.03415587469126902,-0.0072908043329869,0.28305635886653935,bull_30d,0.2889914197830663,bull_30d,-1.0899999999999996,stop,4.0,True,-1.0499999999999996
2025-08-25 22:00:00+00:00,32722,4390.31,-0.024807790744797442,-0.03993500884553225,0.1695855614973263,bull_30d,0.28305635886653935,bull_30d,1.410000000000005,target,4.0,True,1.450000000000005
2025-08-27 21:00:00+00:00,32769,4525.65,-0.024440844159551167,-0.022449120654573496,0.18673340358271862,bull_30d,0.1877891343598168,bull_30d,-1.09,stop,4.0,True,-1.05
2025-09-10 18:00:00+00:00,33102,4339.59,-0.022100305375982288,-0.013599519936718929,0.02997173863089886,flat_30d,0.01403465002812565,flat_30d,1.4100000000000052,target,4.0,True,1.4500000000000053
2025-09-13 16:00:00+00:00,33172,4621.38,-0.027136523353434305,-0.02064715468518552,0.02628672507183305,flat_30d,-0.007905870856736108,flat_30d,-1.09,stop,4.0,True,-1.05
2025-09-22 07:00:00+00:00,33379,4191.45,-0.03519190428274743,-0.026064104172766167,-0.12149223613535798,bear_30d,-0.08019261464442673,flat_30d,-1.0900000000000003,stop,4.0,True,-1.0500000000000003
2025-09-26 06:00:00+00:00,33474,3919.0,-0.02175083093635055,-0.00972085701218195,-0.10536889212491451,bear_30d,-0.15774525985704002,bear_30d,1.4100000000000001,target,4.0,True,1.4500000000000002
2025-10-07 15:00:00+00:00,33747,4510.3,-0.02882599814582676,-0.04167481153483299,0.032975203539165054,flat_30d,0.09615398121118357,flat_30d,-1.0899999999999999,stop,4.0,True,-1.0499999999999998
2025-10-10 20:00:00+00:00,33824,3864.76,-0.026200138321522126,-0.05883556239589305,-0.12140309073721833,bear_30d,0.013329774394206684,flat_30d,-1.0899999999999999,stop,4.0,True,-1.0499999999999998
2025-10-15 12:00:00+00:00,33936,4092.93,-0.023199118212199332,-0.020860595244645563,-0.11892629502337704,bear_30d,-0.10407431551499347,bear_30d,-1.0899999999999999,stop,4.0,True,-1.0499999999999998
2025-10-20 16:00:00+00:00,34060,3947.76,-0.036843793063509156,-0.021836571363441415,-0.11181326717683404,bear_30d,-0.10878788489395463,bear_30d,-1.09,stop,4.0,True,-1.05
2025-10-21 23:00:00+00:00,34091,3871.11,-0.022810960886012643,-0.03077835975603649,-0.12871904407147405,bear_30d,-0.11181326717683404,bear_30d,-1.09,stop,4.0,True,-1.05
2025-10-28 20:00:00+00:00,34256,3977.01,-0.023752764750422872,-0.03772393368369087,-0.039132272831588044,flat_30d,0.025257592089638736,flat_30d,-1.09,stop,4.0,True,-1.05
2025-10-31 17:00:00+00:00,34325,3826.68,-0.034391468297423344,-0.008053917438921698,-0.11492113165433693,bear_30d,-0.0820590187677267,flat_30d,0.31531217661262395,tif,4.0,True,0.35531217661262393
2025-11-04 15:00:00+00:00,34419,3506.0,-0.02293787419606752,-0.006173854378674459,-0.2719342957312614,bear_30d,-0.19680743134015188,bear_30d,-1.09,stop,4.0,True,-1.05
2025-11-11 14:00:00+00:00,34586,3528.26,-0.020572568251793433,-0.0085759726647896,-0.1767883778033199,bear_30d,-0.04769305124980294,flat_30d,-1.09,stop,4.0,True,-1.05
2025-11-13 14:00:00+00:00,34634,3441.72,-0.02647584308846862,-0.01781041228493241,-0.21657025745503944,bear_30d,-0.19488171332877324,bear_30d,-1.0899999999999999,stop,4.0,True,-1.0499999999999998
2025-11-16 18:00:00+00:00,34710,3059.34,-0.020501851350958278,-0.03505462895208289,-0.1921519377335188,bear_30d,-0.1863993504658249,bear_30d,1.4100000000000037,target,4.0,True,1.4500000000000037
2025-11-18 04:00:00+00:00,34744,3005.0,-0.024563525022500143,-0.008718657531264107,-0.21564391208338474,bear_30d,-0.2204650875608759,bear_30d,1.4100000000000037,target,4.0,True,1.4500000000000037
2025-11-21 07:00:00+00:00,34819,2718.66,-0.04132981604538244,-0.0317334814941449,-0.2732016624911604,bear_30d,-0.2681763111872306,bear_30d,-1.09,stop,4.0,True,-1.05
2025-11-29 17:00:00+00:00,35021,2968.63,-0.028429291012102342,-0.00942316483531147,-0.2142736930682655,bear_30d,-0.22320389295401988,bear_30d,-1.0899999999999999,stop,4.0,True,-1.0499999999999998
2025-12-01 00:00:00+00:00,35052,2834.82,-0.024514566075846345,-0.06374841471147752,-0.27753903526215484,bear_30d,-0.22264859271738402,bear_30d,-1.0899999999999996,stop,4.0,True,-1.0499999999999996
2025-12-02 20:00:00+00:00,35096,2978.68,-0.024023804980764618,-0.0051434831400630765,-0.23309004302397052,bear_30d,-0.27753903526215484,bear_30d,1.4099999999999966,target,4.0,True,1.4499999999999966
2025-12-04 19:00:00+00:00,35143,3117.66,-0.032059744253742806,-0.02772441494935385,-0.0466535576876248,flat_30d,-0.1152311813777882,bear_30d,-1.0899999999999999,stop,4.0,True,-1.0499999999999998
2025-12-08 14:00:00+00:00,35234,3126.82,-0.026458134271142075,-0.010196167811005297,-0.08144832312275929,flat_30d,-0.10954588336691562,bear_30d,1.41,target,4.0,True,1.45
2025-12-12 00:00:00+00:00,35316,3187.61,-0.020606067067272082,-0.0100159634269813,-0.09671125485577681,flat_30d,-0.05284926470588236,flat_30d,-1.09,stop,4.0,True,-1.05
2025-12-15 14:00:00+00:00,35402,3046.75,-0.038199266293858836,-0.035450956555324487,-0.06420236535030244,flat_30d,-0.01580740550269988,flat_30d,-1.09,stop,4.0,True,-1.05
2025-12-17 15:00:00+00:00,35451,2903.23,-0.037856383664677695,-0.008242921950153081,-0.0653650422763905,flat_30d,-0.04305360288295279,flat_30d,-1.0899999999999999,stop,4.0,True,-1.0499999999999998
2025-12-22 20:00:00+00:00,35576,2974.63,-0.024447143877372346,-0.022153043043766973,0.08646616541353369,flat_30d,0.0853368732118247,flat_30d,-1.0899999999999999,stop,4.0,True,-1.0499999999999998
2025-12-29 09:00:00+00:00,35733,2975.35,-0.028440053621878514,-0.019980171343309205,-0.01723918660223034,flat_30d,-0.026470394085418292,flat_30d,-1.0899999999999999,stop,4.0,True,-1.0499999999999998
2026-01-06 17:00:00+00:00,35933,3194.48,-0.043886400261013314,-0.012922164199857922,0.0776027258398897,flat_30d,0.061642730353396846,flat_30d,1.4100000000000035,target,4.0,True,1.4500000000000035
2026-01-08 14:00:00+00:00,35978,3075.75,-0.029800403034260237,-0.016216475555342225,-0.0636335402790299,flat_30d,0.014210057826418376,flat_30d,0.14994147768837254,tif,4.0,True,0.18994147768837255
2026-01-14 13:00:00+00:00,36121,3301.3,-0.02162868857196054,-0.007864834243434093,0.1316189994094321,bull_30d,0.08578324112840541,flat_30d,1.4100000000000066,target,4.0,True,1.4500000000000066
2026-01-15 17:00:00+00:00,36149,3299.56,-0.03448253411918423,-0.020785849952516644,0.1202901879196443,bull_30d,0.1316189994094321,bull_30d,0.18715816654341755,tif,4.0,True,0.22715816654341756
2026-01-21 00:00:00+00:00,36276,2958.32,-0.024430483743900333,-0.01574046040264432,-0.00925048778623161,flat_30d,-0.020789036932367333,flat_30d,-1.0899999999999999,stop,4.0,True,-1.0499999999999998
2026-01-23 20:00:00+00:00,36344,2938.87,-0.022828579037662,-0.00926391019266104,0.0030038388041666586,flat_30d,-0.004076550050788108,flat_30d,-1.09,stop,4.0,True,-1.05
2026-01-25 20:00:00+00:00,36392,2807.76,-0.034481463440157234,-0.030288796944181517,-0.03803787045325657,flat_30d,0.017148350285288938,flat_30d,1.4100000000000001,target,4.0,True,1.4500000000000002
2026-01-30 02:00:00+00:00,36494,2735.22,-0.02075920146942689,-0.02964058791600599,-0.0891260436304876,flat_30d,-0.05087779504881862,flat_30d,-1.0899999999999999,stop,4.0,True,-1.0499999999999998
2026-01-31 16:00:00+00:00,36532,2480.8,-0.02791061179887766,-0.057457551775625615,-0.18388404291105043,bear_30d,-0.0891260436304876,flat_30d,-1.09,stop,4.0,True,-1.05
2026-02-01 18:00:00+00:00,36558,2349.95,-0.022779684402851275,-0.009166459360203216,-0.27364920019590955,bear_30d,-0.18388404291105043,bear_30d,-1.0899999999999994,stop,4.0,True,-1.0499999999999994
2026-02-02 21:00:00+00:00,36585,2340.93,-0.021099576807990794,-0.006004067819640357,-0.24953686965480382,bear_30d,-0.27364920019590955,bear_30d,-1.0899999999999999,stop,4.0,True,-1.0499999999999998
2026-02-04 00:00:00+00:00,36612,2239.74,-0.03825695300639653,-0.025746760449426476,-0.33399406274137555,bear_30d,-0.2898495857882748,bear_30d,-1.0899999999999999,stop,4.0,True,-1.0499999999999998
2026-02-05 15:00:00+00:00,36651,1959.21,-0.044767600812187225,-0.057501178598574065,-0.44622298556195494,bear_30d,-0.33399406274137555,bear_30d,-1.0899999999999996,stop,4.0,True,-1.0499999999999996
2026-02-07 07:00:00+00:00,36691,2026.09,-0.029473010451613435,-0.02574027947413471,-0.32830024634111,bear_30d,-0.34884704753245444,bear_30d,1.41,target,4.0,True,1.45
2026-02-08 16:00:00+00:00,36724,2079.82,-0.02855571637298715,-0.023563269656011077,-0.32345367086147425,bear_30d,-0.32830024634111,bear_30d,1.4099999999999977,target,4.0,True,1.4499999999999977
2026-02-10 04:00:00+00:00,36760,2069.54,-0.02340681995873717,-0.012492126810833448,-0.3524951953875721,bear_30d,-0.3181071279254052,bear_30d,-1.0899999999999996,stop,4.0,True,-1.0499999999999996
2026-02-11 15:00:00+00:00,36795,1928.05,-0.024560194202165486,-0.012436422121260171,-0.3729249088511365,bear_30d,-0.3524951953875721,bear_30d,1.4100000000000028,target,4.0,True,1.4500000000000028
2026-02-16 13:00:00+00:00,36913,1966.77,-0.02676160913246517,-0.00993702523521156,-0.39636492216375985,bear_30d,-0.40345760098580474,bear_30d,1.4100000000000057,target,4.0,True,1.4500000000000057
2026-02-18 11:00:00+00:00,36959,1980.19,-0.026814618634101617,-0.018342347523039426,-0.3868369296206725,bear_30d,-0.39359748017680185,bear_30d,-1.0899999999999999,stop,4.0,True,-1.0499999999999998
2026-02-20 04:00:00+00:00,37000,1938.12,-0.02015066114356312,-0.009465205658680254,-0.33979387115605264,bear_30d,-0.3369670278806359,bear_30d,1.4100000000000001,target,4.0,True,1.4500000000000002
2026-02-26 00:00:00+00:00,37140,2061.25,-0.022478930999153768,-0.0060325206388397445,-0.32999550401332933,bear_30d,-0.29785926457031653,bear_30d,-1.0899999999999996,stop,4.0,True,-1.0499999999999996
2026-03-03 08:00:00+00:00,37268,1952.11,-0.03223744651557392,-0.023329697709557062,-0.12656894545710962,bear_30d,-0.17290787551318576,bear_30d,1.4099999999999973,target,4.0,True,1.4499999999999973
2026-03-05 15:00:00+00:00,37323,2086.09,-0.033914264504056324,-0.02371347273442037,-0.07169960084758298,flat_30d,-0.09361130651659533,flat_30d,-1.0899999999999999,stop,4.0,True,-1.0499999999999998
2026-03-10 22:00:00+00:00,37450,2026.3,-0.027722389049670504,-0.006170054147375148,-0.02547639567174176,flat_30d,-0.04489604157378235,flat_30d,1.4099999999999973,target,4.0,True,1.4499999999999973
2026-03-12 03:00:00+00:00,37479,2022.07,-0.022300623006863973,-0.014100507559763775,0.02527318687515767,flat_30d,-0.02517633415083953,flat_30d,1.4100000000000084,target,4.0,True,1.4500000000000084
2026-03-13 16:00:00+00:00,37516,2132.9,-0.03711105918873814,-0.005747635451676447,0.07780131644734478,flat_30d,0.02527318687515767,flat_30d,-1.0900000000000003,stop,4.0,True,-1.0500000000000003
2026-03-18 12:00:00+00:00,37632,2236.48,-0.027851730707095235,-0.03666851882960531,0.10243572733872375,bull_30d,0.1785730639490808,bull_30d,-1.0899999999999999,stop,4.0,True,-1.0499999999999998
2026-03-21 23:00:00+00:00,37715,2083.37,-0.03672514606787658,-0.031526736364523855,0.06940943972486702,flat_30d,0.09735672227423176,flat_30d,-1.0899999999999999,stop,4.0,True,-1.0499999999999998
2026-03-23 18:00:00+00:00,37758,2167.68,-0.042377054558731864,-0.0058201131000702455,0.09047725267928675,flat_30d,0.04319434916279197,flat_30d,-1.09,stop,4.0,True,-1.05
2026-03-25 17:00:00+00:00,37805,2163.09,-0.020368565144799455,-0.009256629872211763,0.1684371075792117,bull_30d,0.10131782668458511,bull_30d,-1.0899999999999996,stop,4.0,True,-1.0499999999999996
2026-03-29 22:00:00+00:00,37906,1972.83,-0.024281120795331512,-0.011845848693700978,0.028488462535649406,flat_30d,-0.016396031005916023,flat_30d,1.41,target,4.0,True,1.45
2026-04-02 03:00:00+00:00,37983,2054.73,-0.02719950871211041,-0.03930708808677774,0.037394353760375365,flat_30d,0.05531679733950434,flat_30d,-0.22432421778043715,tif,4.0,True,-0.18432421778043714
2026-04-06 22:00:00+00:00,38098,2103.9,-0.023873384799012798,-0.018566030694593283,0.06998105050320302,flat_30d,0.06658879686093666,flat_30d,-1.09,stop,4.0,True,-1.05
2026-04-08 15:00:00+00:00,38139,2214.56,-0.0230666775432693,-0.014230836000409641,0.09867588893127466,flat_30d,0.15659850100982964,bull_30d,-1.0899999999999999,stop,4.0,True,-1.0499999999999998
2026-04-12 01:00:00+00:00,38221,2217.93,-0.023992969479514903,-0.03503230437903804,0.04763726620150055,flat_30d,0.10192511820901284,bull_30d,-1.0899999999999999,stop,4.0,True,-1.0499999999999998
2026-04-14 14:00:00+00:00,38282,2352.08,-0.033272966010490235,-0.009245881475802853,0.0658667511583162,flat_30d,0.13054642122494964,bull_30d,-1.0899999999999999,stop,4.0,True,-1.0499999999999998
2026-04-16 16:00:00+00:00,38332,2315.33,-0.055317458166510236,-0.010238192948257674,0.013153748192276993,flat_30d,0.0030659193931095174,flat_30d,1.4099999999999997,target,4.0,True,1.4499999999999997
2026-04-18 05:00:00+00:00,38369,2407.6,-0.021572943531950495,-0.00512807798314896,0.09942618040214168,flat_30d,0.09796316900928725,flat_30d,-1.0899999999999999,stop,4.0,True,-1.0499999999999998
2026-04-23 01:00:00+00:00,38485,2365.94,-0.02029092243299868,-0.014893555008722914,0.08056920414422186,flat_30d,0.10322127744640874,bull_30d,-1.09,stop,4.0,True,-1.05
2026-04-27 06:00:00+00:00,38586,2319.41,-0.02167113212809213,-0.029945504201153605,0.15490499026827464,bull_30d,0.18916639050402195,bull_30d,-1.0900000000000003,stop,4.0,True,-1.0500000000000003
2026-05-04 10:00:00+00:00,38758,2337.17,-0.027205990332583863,-0.012731750383346396,0.13644444229157693,bull_30d,0.13091109249264465,bull_30d,1.4100000000000046,target,4.0,True,1.4500000000000046
2026-05-05 17:00:00+00:00,38789,2361.74,-0.02085208136971306,-0.010619624731367683,0.11857681276222531,bull_30d,0.13644444229157693,bull_30d,-1.0899999999999996,stop,4.0,True,-1.0499999999999996
2026-05-10 20:00:00+00:00,38912,2327.17,-0.056370313845133246,-0.009268010251432535,0.05629038727216007,flat_30d,0.062268150503444586,flat_30d,-1.0899999999999999,stop,4.0,True,-1.0499999999999998
2026-05-14 20:00:00+00:00,39008,2297.22,-0.026647853830193857,-0.007740352635261849,-0.016849261363881207,flat_30d,-0.04696892941573805,flat_30d,-1.0900000000000003,stop,4.0,True,-1.0500000000000003
2026-05-17 23:00:00+00:00,39083,2129.88,-0.031245762193728543,-0.0280733777493839,-0.11903245286764874,bear_30d,-0.07126787449082206,flat_30d,-1.0899999999999999,stop,4.0,True,-1.0499999999999998
2026-05-29 19:00:00+00:00,39367,2016.03,-0.025519439693444168,-0.007287660710152966,-0.10578187180216037,bear_30d,-0.12211748974160641,bear_30d,-0.5183170389329518,tif,4.0,True,-0.4783170389329518
2026-06-02 23:00:00+00:00,39467,1858.96,-0.044079601746130015,-0.027435387673956257,-0.199300503516865,bear_30d,-0.1338140679649381,bear_30d,-1.0899999999999999,stop,4.0,True,-1.0499999999999998
2026-06-04 01:00:00+00:00,39493,1759.18,-0.031832556723640715,-0.04890681429899879,-0.24989086532144933,bear_30d,-0.227461627971408,bear_30d,-1.0899999999999999,stop,4.0,True,-1.0499999999999998
2026-06-06 10:00:00+00:00,39550,1547.23,-0.029569988496241373,-0.007861544479284888,-0.3149949124638086,bear_30d,-0.3265736051410818,bear_30d,1.4099999999999964,target,4.0,True,1.4499999999999964
2026-06-16 04:00:00+00:00,39784,1759.71,-0.02193194594691883,-0.016152297886615208,-0.15848780212969749,bear_30d,-0.17640365928631063,bear_30d,1.409999999999997,target,4.0,True,1.449999999999997
2026-07-07 21:00:00+00:00,40305,1772.84,-0.023140542075827164,-0.020351776843291924,0.04794455689310273,flat_30d,0.14678056865995148,bull_30d,-1.09,stop,4.0,True,-1.05
2026-07-16 08:00:00+00:00,40508,1885.3,-0.0293048107783892,-0.016859352429822283,0.039842215675772286,flat_30d,0.06782125270170902,flat_30d,-1.0899999999999996,stop,4.0,True,-1.0499999999999996
2026-08-01 18:00:00+00:00,40902,1835.75,-0.02900664934978492,-0.0205781296683597,0.08486969821754209,flat_30d,0.15713513211135788,bull_30d,1.4099999999999941,target,4.0,True,1.4499999999999942
2026-08-27 12:00:00+00:00,41520,2493.92,-0.021711292634130186,-0.014221906004189933,0.3063873865901836,bull_30d,0.3247367085395254,bull_30d,-1.0899999999999999,stop,4.0,True,-1.0499999999999998
2026-08-28 17:00:00+00:00,41549,2442.45,-0.021826380370498,-0.026334357845892775,0.2786959071676931,bull_30d,0.3063873865901836,bull_30d,1.4100000000000004,target,4.0,True,1.4500000000000004
2026-08-30 23:00:00+00:00,41603,2415.55,-0.02481347018808966,-0.03484553053429018,0.2975108504146793,bull_30d,0.2812221289202059,bull_30d,1.4099999999999957,target,4.0,True,1.4499999999999957
2026-09-04 12:00:00+00:00,41712,2450.12,-0.024451195357580557,-0.030204676163598454,0.2864959773578972,bull_30d,0.3411204451816576,bull_30d,0.916685386838197,tif,4.0,True,0.956685386838197
2026-09-11 18:00:00+00:00,41886,2536.23,-0.03570342375929836,-0.02696699047005202,0.3388705556738343,bull_30d,0.29505792326495905,bull_30d,-1.09,stop,4.0,True,-1.05
