ts,direction,entry,stop,target,target_R,risk,r_outcome,exit_kind,dist_resist_OB_R,okx_delta_z
2021-01-11 12:15:00+00:00,short,1099.03,1257.839820543669,146.1710767379857,6.0,158.80982054366905,-0.039218317725429164,tif,2.047417463774485,0.2176139354927877
2021-02-02 17:15:00+00:00,long,1483.68,1388.5974656742785,2054.1752059543296,6.0,95.0825343257216,1.4759742890239262,tif,,-1.4809776710538851
2021-02-03 18:15:00+00:00,long,1643.52,1553.5291034108627,2183.4653795348236,6.0,89.99089658913725,0.016909088115293847,tif,,0.16502946686973596
2021-02-04 00:30:00+00:00,long,1674.2,1599.9507771740816,2119.6953369555104,6.0,74.24922282591835,-1.0405870914913888,stop,,-0.6099239567507666
2021-02-07 16:30:00+00:00,short,1530.45,1629.0853199796834,938.6380801219002,6.0,98.63531997968332,-1.0279292448239379,stop,2.1134417168509025,0.8814049126128207
2021-02-08 06:00:00+00:00,short,1626.0,1697.719772963536,1195.6813622187842,6.0,71.71977296353595,-1.040808829686173,stop,4.238858928827981,0.4902841931032423
2021-02-15 15:30:00+00:00,short,1803.5,1863.2643965002842,1444.913620998295,6.0,59.76439650028414,0.1981731715460995,tif,2.769207248653689,1.4082370591425093
2021-02-15 23:00:00+00:00,short,1808.39,1879.3445554632622,1382.6626672204272,6.0,70.95455546326214,0.3814398923831388,tif,2.4013962019425557,-0.49854887170297374
2021-02-21 08:00:00+00:00,short,1946.63,2035.6686635036654,1412.398018978008,6.0,89.03866350366536,0.7335697036525191,tif,2.197472337305979,0.5952256236289835
2021-02-21 14:00:00+00:00,short,1949.99,2012.7020747562885,1573.717551462269,6.0,62.71207475628849,4.645038760590355,tif,3.1735515173661697,1.290279645035002
2021-02-22 16:30:00+00:00,short,1747.01,1931.5790354043547,639.5957875738711,6.0,184.5690354043548,1.0794084802119481,tif,2.3027697959674764,-0.23046370017098167
2021-03-25 09:15:00+00:00,short,1602.5,1665.0687734628862,1227.0873592226835,6.0,62.56877346288606,-0.486416758961286,tif,2.707740468981624,1.679445275290344
2021-03-25 15:15:00+00:00,short,1592.21,1668.7980393718087,1132.6817637691481,6.0,76.58803937180866,-0.6535743493444903,tif,2.077739570110661,0.6872513446543627
2021-03-25 22:00:00+00:00,short,1614.23,1665.5446154725494,1306.3423071647035,6.0,51.31461547254944,-1.0566235169696294,stop,3.530183327533763,-0.7918503095267966
2021-04-06 22:30:00+00:00,short,2117.31,2187.930010237641,1693.589938574155,6.0,70.62001023764083,1.4151632329661161,tif,2.104644271501101,-0.6089156476719115
2021-04-07 05:00:00+00:00,short,2097.29,2155.594682999663,1747.4619020020218,6.0,58.304682999663,1.3222759139338,tif,2.2058262455649276,0.022173052522488874
2021-04-07 12:30:00+00:00,short,1976.86,2092.8772103678316,1280.7567377930104,6.0,116.0172103678316,-0.45276341185466656,tif,2.4160208568307335,-0.00014691322721138093
2021-04-07 18:30:00+00:00,short,1980.55,2081.4734679729117,1375.009192162528,6.0,100.92346797291201,-0.9544359893167143,tif,2.8139144017150035,0.8327096279660993
2021-04-08 03:30:00+00:00,short,1997.93,2064.198736614664,1600.3175803120153,6.0,66.26873661466414,-1.0542680332192134,stop,4.547694967423177,-0.36732704963899754
2021-04-15 13:00:00+00:00,short,2446.03,2517.3064212713257,2018.371472372047,6.0,71.27642127132552,-1.0617715356841468,stop,3.787788376359082,-0.820462506354917
2021-04-17 22:45:00+00:00,short,2379.23,2454.7125833031323,1926.3345001812065,6.0,75.48258330313226,5.943263547528555,target,2.6917467726832367,0.41373166090073626
2021-04-19 17:00:00+00:00,short,2129.9,2278.84665993324,1236.2200404005605,6.0,148.94665993323994,-0.9117614323199261,tif,2.909363662093728,1.8825363473373908
2021-04-23 11:30:00+00:00,short,2304.75,2501.7938318894835,1122.4870086630983,6.0,197.0438318894836,0.5421202428701903,tif,3.0865721305151883,0.45580237886002
2021-04-23 18:00:00+00:00,short,2307.47,2486.4003153979843,1233.8881076120938,6.0,178.93031539798432,0.2653354401930177,tif,3.4142341874331814,0.6459473166514405
2021-04-24 12:00:00+00:00,short,2205.2,2348.7950876472823,1343.6294741163035,6.0,143.59508764728272,-0.7846324121947241,tif,3.542182454384434,1.4505796165420657
2021-04-25 07:30:00+00:00,short,2191.57,2282.9695592938024,1643.1726442371878,6.0,91.39955929380204,-1.0431602299888514,stop,5.415890446569885,-0.26626584952723237
2021-05-07 05:00:00+00:00,short,3422.49,3590.351623186745,2415.3202608795264,6.0,167.86162318674553,-1.0366997642644404,stop,2.780981091078,0.8125857527029088
2021-05-07 17:00:00+00:00,short,3556.22,3691.2337998325625,2746.1372010046234,6.0,135.01379983256277,-1.0474114202247349,stop,4.44806383306574,-0.41573427968547383
2021-05-07 23:00:00+00:00,short,3472.38,3605.5238688033355,2673.516787179987,6.0,133.1438688033355,-1.0469438364393038,stop,3.8808396108965666,0.0017849362203024393
2021-05-11 19:30:00+00:00,short,4052.43,4231.438201190413,2978.3807928575234,6.0,179.0082011904127,-1.0407488257604522,stop,2.806742912664433,1.0863145709577062
2021-05-12 03:30:00+00:00,short,4294.2,4461.099133065373,3292.80520160776,6.0,166.89913306537332,2.535006816567932,tif,4.458980620998801,0.7039593571398431
2021-05-13 13:30:00+00:00,short,3837.39,4171.851840540102,1830.61895675939,6.0,334.46184054010166,-0.5276754493576952,tif,2.636234969514504,1.0981521118432733
2021-05-13 20:00:00+00:00,short,3688.62,4048.5044680862757,1529.3131914823466,6.0,359.88446808627555,-1.018449020696299,stop,2.036625820218195,0.29516504888389755
2021-05-20 09:30:00+00:00,short,2647.06,3002.4264418129133,514.8613491225201,6.0,355.3664418129133,-0.3774827676908843,tif,3.629943202906914,0.21582173472634125
2021-06-24 10:15:00+00:00,long,1940.86,1871.029299288644,2359.8442042681345,6.0,69.83070071135575,-0.7644710343185592,tif,2.565347306773748,0.23777662510622793
2021-07-06 07:45:00+00:00,short,2336.18,2414.2115400509497,1867.9907596943003,6.0,78.03154005094994,-0.5721420334758157,tif,2.4138957129003455,-1.4760163812366462
2021-07-13 06:00:00+00:00,short,1987.96,2047.0950204138205,1633.1498775170767,6.0,59.135020413820556,-1.0605111484693701,stop,3.3163089930069067,1.0863062398458019
2021-07-13 12:00:00+00:00,short,1990.85,2062.3804608616847,1561.6672348298916,6.0,71.5304608616847,0.6139548029044486,tif,2.7820315653326704,0.09103590110333912
2021-07-20 04:30:00+00:00,short,1741.8,1816.280377053965,1294.9177376762107,6.0,74.48037705396489,-1.0420948459716903,stop,5.1651188570281406,1.569421073156685
2021-07-20 11:30:00+00:00,short,1753.93,1820.8920775698411,1352.157534580953,6.0,66.96207756984117,-1.047147193076665,stop,5.926190082530042,0.1034862154088956
2021-07-20 17:45:00+00:00,short,1781.84,1856.3716443496512,1334.6501339020917,6.0,74.53164434965137,-1.0430328892913379,stop,5.698787457410857,1.5419137857545915
2021-07-21 18:45:00+00:00,long,1956.28,1837.1936550564635,2670.798069661219,6.0,119.08634494353652,0.538673817140122,tif,5.209077499978044,1.176744524409522
2021-07-22 00:45:00+00:00,long,1987.09,1897.4482917883124,2524.9402492701256,6.0,89.64170821168757,0.4248383789169554,tif,6.576403013292177,0.17312498380861616
2021-07-22 20:15:00+00:00,long,2019.22,1957.6882711495787,2388.410373102528,6.0,61.53172885042131,0.15903021388831123,tif,9.058578564482893,-0.47051118730968106
2021-07-23 03:00:00+00:00,long,2061.05,1994.6735592013251,2459.30864479205,6.0,66.37644079867498,0.7480080191493305,tif,7.767213695047832,-1.2112637831923354
2021-07-23 09:45:00+00:00,long,2048.79,1983.6731587672432,2439.4910473965406,6.0,65.11684123275677,1.3400861643163202,tif,8.105737164266538,-1.0254486399348373
2021-07-23 15:45:00+00:00,long,2047.17,1994.8535622669037,2361.068626398578,6.0,52.31643773309638,1.8853556983984263,tif,10.119955083735874,-0.5463959559876612
2021-07-24 04:15:00+00:00,long,2128.51,2063.1268513873,2520.8088916762017,6.0,65.38314861270025,0.330187249437635,tif,6.853447860921145,-0.5589479933826471
2021-07-26 02:00:00+00:00,long,2297.7,2159.1343028617243,3129.0941828296536,6.0,138.5656971382756,-1.0298476468954123,stop,2.0128358299361366,0.4003687089822645
2021-07-28 14:00:00+00:00,short,2288.42,2382.4158183497884,1724.4450899012688,6.0,93.99581834978854,-0.2927700027845122,tif,4.03890307744583,-0.4156432476045148
2021-08-10 01:30:00+00:00,short,3126.91,3288.717894635082,2156.062632189507,6.0,161.8078946350822,-0.3212354880287202,tif,2.33183925203977,-0.5243396282688795
2021-08-10 07:45:00+00:00,short,3144.57,3251.2895148556295,2504.252910866224,6.0,106.7195148556294,-1.053038340810086,stop,3.701010078000423,-0.8906983761240909
2021-08-10 21:15:00+00:00,short,3173.99,3297.980757915975,2430.0454525041464,6.0,123.99075791597556,-0.41602441074645713,tif,3.422755107986314,-0.5372685908858098
2021-08-11 03:15:00+00:00,short,3148.25,3255.396967853017,2505.3681928818974,6.0,107.14696785301713,-1.0528885708438676,stop,3.7205905868177545,-1.867034092362401
2021-08-12 00:00:00+00:00,short,3186.21,3296.4318839833622,2524.8786960998277,6.0,110.221883983362,1.1230512265484893,tif,3.9611915911898805,0.7585014695612599
2021-08-12 06:15:00+00:00,short,3121.47,3234.68122060452,2442.2026763728777,6.0,113.21122060452034,-0.2673643640477763,tif,3.2847450810467786,-0.15394384438724695
2021-08-12 12:45:00+00:00,short,3102.92,3229.1566317640486,2345.5002094157094,6.0,126.23663176404845,-1.0442443363859677,stop,2.798870621488048,-0.8868147762514803
2021-08-12 20:00:00+00:00,short,3074.19,3180.082232571376,2438.836604571744,6.0,105.89223257137601,-1.052256354084047,stop,3.0652862076660083,1.3494169679474382
2021-08-14 15:45:00+00:00,short,3272.92,3367.0037073277467,2708.4177560335206,6.0,94.08370732774658,1.1740475278595246,tif,5.5622808120962075,-1.4411667972980735
2021-08-15 04:15:00+00:00,short,3254.09,3336.5623974615078,2759.2556152309544,6.0,82.47239746150761,-1.0710220895752889,stop,6.117076931532894,-1.5681448582776403
2021-08-16 20:45:00+00:00,short,3163.72,3279.645123269754,2468.1692603814745,6.0,115.92512326975421,-1.0491239158465133,stop,3.572305884345323,2.126605480532631
2021-08-17 03:30:00+00:00,short,3202.18,3299.8582608194442,2616.110435083333,6.0,97.67826081944449,1.7811135716430255,tif,4.633374879970286,1.024925128006208
2021-08-18 05:15:00+00:00,short,3063.28,3193.587352664322,2281.4358840140685,6.0,130.3073526643219,0.4161399559677135,tif,2.407231776153532,0.4873941332744553
2021-08-18 12:15:00+00:00,short,3030.14,3146.0051111344715,2334.9493331931703,6.0,115.86511113447159,0.33034748446042284,tif,2.4212638062756335,0.44949534005345926
2021-09-01 14:45:00+00:00,long,3531.18,3441.339956712731,4070.2202597236155,6.0,89.84004328726924,2.5518005959430177,tif,3.4810757937860095,-0.5007291868310749
2021-09-07 20:45:00+00:00,short,3415.0,3745.8076957607495,1430.1538254355032,6.0,330.8076957607495,-0.19118962711720627,tif,2.0114405091749687,1.0848005966919638
2021-09-08 10:45:00+00:00,short,3395.11,3628.975024876742,1991.9198507395495,6.0,233.86502487674178,-0.34811189934410836,tif,2.7601818627655645,0.22032858236099748
2021-10-12 03:15:00+00:00,short,3475.1,3594.291374692802,2759.9517518431876,6.0,119.19137469280209,-0.31642541330868335,tif,7.191543869757584,-0.4783280630685864
2021-10-12 10:30:00+00:00,short,3444.05,3556.6057418687283,2768.7155487876307,6.0,112.55574186872828,-0.1356598050573733,tif,7.339652213953591,0.6977644456131671
2021-10-19 16:45:00+00:00,short,3808.49,3937.0557093982898,3037.095743610261,6.0,128.56570939828984,-1.0533212318594443,stop,9.260323033039139,-0.07266380297505137
2021-10-23 04:00:00+00:00,short,4044.74,4134.552887663711,3505.8626740177306,6.0,89.8128876637115,-1.0810633327731343,stop,2.466683855322828,0.0867027343184713
2021-11-16 06:45:00+00:00,short,4338.37,4533.227760720604,3169.223435676372,6.0,194.8577607206047,0.8417469922338895,tif,2.64382592766563,0.15666893161610798
2021-11-16 13:15:00+00:00,short,4254.92,4450.766259105758,3079.8424453654525,6.0,195.84625910575795,0.08573635297742663,tif,2.2043821616570645,1.737265017704165
2021-11-16 20:00:00+00:00,short,4242.23,4399.444723688009,3298.9416578719465,6.0,157.21472368800886,0.039271041892054,tif,2.6653356007008657,1.1188166043867502
2021-11-30 15:30:00+00:00,long,4683.49,4479.71555383904,5906.136676965759,6.0,203.77444616095983,0.15433592676855187,tif,,-2.096404383383074
2021-12-04 13:00:00+00:00,short,3924.61,4171.884523633708,2440.962858197751,6.0,247.2745236337082,-1.0285686446633882,stop,5.284329258017728,1.6879768567311755
2022-01-05 22:30:00+00:00,short,3533.63,3761.3065333295376,2167.5708000227755,6.0,227.67653332953742,0.4673712500971001,tif,4.021934042164207,0.9655792451464977
2022-01-06 04:45:00+00:00,short,3449.73,3608.1560062490785,2499.1739625055284,6.0,158.4260062490786,1.4313337271374829,tif,5.250400610946651,0.10697884965506893
2022-01-07 07:15:00+00:00,short,3178.97,3351.505809056128,2143.755145663232,6.0,172.53580905612802,-0.26656580017565035,tif,3.2517307744358552,1.6682832585180973
2022-01-07 14:00:00+00:00,short,3199.81,3384.9143179008997,2089.184092594602,6.0,185.10431790089962,-0.043865308449191315,tif,3.1435247248609546,-0.6307839354005047
2022-01-07 20:45:00+00:00,short,3214.54,3363.6216363430294,2320.050181941824,6.0,149.08163634302932,1.192459597042196,tif,4.0019013383193,-0.2981006830451852
2022-01-08 02:45:00+00:00,short,3208.4,3303.4021062487413,2638.387362507552,6.0,95.00210624874136,0.7118250602038207,tif,6.215335883753873,0.7678060716748761
2022-01-08 09:30:00+00:00,short,3234.25,3315.023986268654,2749.6060823880766,6.0,80.77398626865387,1.507024174777413,tif,7.630179324691528,-0.9193246944119263
2022-01-13 01:15:00+00:00,long,3343.97,3274.9734919044427,3757.949048573344,6.0,68.99650809555733,-1.0872384149015708,stop,7.991273982103204,-0.5235625624988929
2022-01-13 07:30:00+00:00,long,3333.12,3277.676961510426,3665.778230937444,6.0,55.44303848957401,-1.108212251049846,stop,10.140497622721831,1.254143360898165
2022-01-22 11:45:00+00:00,short,2430.11,2675.149217742156,959.8746935470645,6.0,245.03921774215593,-0.293235501900798,tif,2.127536991032076,-3.2372177890800917
2022-01-22 19:30:00+00:00,short,2345.42,2539.572231555001,1180.506610669995,6.0,194.1522315550008,-1.021744565932554,stop,2.2489568958485324,0.7136261832400979
2022-01-23 08:00:00+00:00,short,2490.76,2605.4472889960466,1802.6362660237223,6.0,114.6872889960463,0.8354599087550438,tif,5.074494349762364,2.9062310941183105
2022-01-25 06:15:00+00:00,long,2371.32,2276.761548609047,2938.6707083457172,6.0,94.55845139095285,0.9260052667103813,tif,5.190228824400529,0.8712332213551429
2022-01-25 12:45:00+00:00,long,2436.71,2328.2756673514673,3087.3159958911956,6.0,108.4343326485326,0.823114965711994,tif,3.923019486630801,-0.6922376660137998
2022-02-04 22:15:00+00:00,long,2938.45,2835.5389943201976,3555.9160340788135,6.0,102.9110056798023,0.8089590559344721,tif,2.376325043026924,-1.3998764033553317
2022-02-05 11:15:00+00:00,long,3010.14,2928.697770506727,3498.793376959637,6.0,81.44222949327285,-0.12436118292705424,tif,2.122486099355598,-0.12587543907868914
2022-02-24 04:30:00+00:00,short,2391.36,2548.5402205938735,1448.2786764367584,6.0,157.18022059387363,-1.027385430455157,stop,3.070233634847116,1.3644493131468378
2022-02-24 10:30:00+00:00,short,2359.54,2516.753177143266,1416.2609371404055,6.0,157.21317714326574,-1.027015369049694,stop,2.867189685946172,0.9260363483816489
2022-02-24 18:00:00+00:00,short,2452.3,2597.074518351291,1583.6528898922566,6.0,144.7745183512906,-1.0304897577990164,stop,3.7542518268385243,-0.12026503888747618
2022-02-25 07:00:00+00:00,long,2622.85,2511.491054586117,3291.0036724832976,6.0,111.35894541388294,1.1870520999341339,tif,3.9431048701836757,0.6632445066444782
2022-02-25 13:45:00+00:00,long,2710.58,2591.7985305704074,3423.268816577556,6.0,118.78146942959275,0.46750521160133995,tif,2.9581213440727225,-1.2360402557585648
2022-02-26 08:30:00+00:00,long,2775.33,2678.420567233451,3356.786596599292,6.0,96.90943276654866,-1.0515490995807852,stop,2.957606827505194,-0.25342018208322087
2022-02-26 21:30:00+00:00,long,2830.01,2745.6148543456725,3336.380873925968,6.0,84.39514565432795,-1.0603591351197408,stop,2.7482623343053056,0.041449800273675765
2022-03-05 03:15:00+00:00,short,2621.54,2694.044837106081,2186.5109773635145,6.0,72.50483710608091,-0.5353956170290356,tif,2.283158015482477,-1.1419208218759964
2022-03-08 16:45:00+00:00,short,2539.83,2660.665818948906,1814.8150863065657,6.0,120.83581894890571,-1.0378339306984234,stop,5.2223753311659475,1.4551167325005
2022-03-19 05:45:00+00:00,long,2933.53,2881.6986115717755,3244.518330569349,6.0,51.83138842822477,-0.18773091547556559,tif,2.477649237157393,-1.3385005824948104
2022-03-31 17:15:00+00:00,short,3281.71,3401.8412389658856,2560.9225662046856,6.0,120.13123896588579,-1.0491718727855397,stop,2.081806548844629,-1.500999340192949
2022-04-01 00:00:00+00:00,short,3292.42,3383.007528012359,2748.8948319258457,6.0,90.58752801235904,-1.0654213237741905,stop,2.8789835170733293,-0.04389690450895066
2022-04-01 06:15:00+00:00,short,3258.3,3335.8639104130116,2792.916537521932,6.0,77.56391041301141,-1.07561428980012,stop,2.9224931903636273,-0.6826401661733906
2022-04-01 12:30:00+00:00,short,3295.44,3373.3550547804875,2827.949671317076,6.0,77.91505478048732,-1.0761315257585584,stop,3.3859951808192785,0.649249362639114
2022-04-06 04:15:00+00:00,short,3345.17,3439.737473129566,2777.765161222605,6.0,94.56747312956583,1.521545297111403,tif,3.315622059293145,-0.13452293747830543
2022-04-06 10:15:00+00:00,short,3353.05,3434.8553703019174,2862.2177781884966,6.0,81.8053703019173,1.5037461421663785,tif,3.929204144100877,3.2887205341217642
2022-04-07 05:45:00+00:00,short,3216.73,3307.1852850830023,2673.9982895019866,6.0,90.45528508300225,-0.6314734838056859,tif,2.04642547784955,-0.8572442411250696
2022-04-11 16:45:00+00:00,short,3018.14,3131.3909618272255,2338.6342290366447,6.0,113.25096182722586,-0.23957988137348873,tif,2.962358946777148,-0.5149872891542586
2022-04-12 00:15:00+00:00,short,2984.78,3093.737451681913,2331.0352899085233,6.0,108.9574516819128,-0.4558899206362909,tif,2.7729172749196596,1.2201517044545684
2022-04-12 15:00:00+00:00,short,3037.76,3125.7841188651664,2509.6152868090035,6.0,88.02411886516612,-0.6269641629078482,tif,4.034235213918492,0.1671952576275214
2022-05-26 12:00:00+00:00,short,1829.36,1912.7100852483954,1329.2594885096264,6.0,83.3500852483956,0.6101631671813894,tif,5.665981007608993,-0.11400086997634751
2022-05-27 00:00:00+00:00,short,1794.36,1874.270396237828,1314.8976225730312,6.0,79.91039623782814,0.660491681744594,tif,5.471878761539778,-1.7593457690309324
2022-05-27 06:00:00+00:00,short,1744.66,1842.8211855872455,1155.6928864765275,6.0,98.16118558724543,-0.27363552955589127,tif,3.948200071967731,-2.4641105356672837
2022-05-31 12:15:00+00:00,long,1969.0,1922.3836579204274,2248.6980524774362,6.0,46.61634207957269,-1.0760291314567347,stop,9.2566250535794,-0.23997252994998322
2022-05-31 18:15:00+00:00,long,1961.0,1887.0377279036481,2404.773632578111,6.0,73.96227209635187,-1.0477243316078995,stop,5.9423539534783805,0.2626876848587968
2022-06-10 14:30:00+00:00,short,1744.75,1810.1205313328562,1352.5268120028625,6.0,65.37053133285625,2.9522392745643877,tif,5.9300420555884505,0.21727465062582563
2022-06-11 02:45:00+00:00,short,1672.75,1713.0208108843215,1431.1251346940717,6.0,40.2708108843214,5.406621948225242,tif,7.838183365780991,1.5498631027793737
2022-06-11 10:00:00+00:00,short,1598.36,1681.8999466219568,1097.1203202682582,6.0,83.53994662195696,1.6131558308247695,tif,2.887959709763439,-0.6690110435316967
2022-06-20 09:15:00+00:00,long,1127.13,1052.7265418236125,1573.5507490583254,6.0,74.40345817638755,0.40792681877832443,tif,5.153255095899304,-1.6573882109219416
2022-06-20 15:15:00+00:00,long,1126.0,1049.6140454505467,1584.3157272967205,6.0,76.3859545494534,0.6339280602777588,tif,5.034302474429858,-0.3172930944471006
2022-06-20 21:30:00+00:00,long,1113.37,1051.6415601011045,1483.740639393373,6.0,61.728439898895495,0.1143060477724211,tif,6.434311326360069,-0.7196770413000535
2022-06-25 04:15:00+00:00,long,1214.77,1169.6651720650932,1485.3989676094407,6.0,45.1048279349068,0.3736498900809916,tif,6.557612866340072,0.5672454054677103
2022-06-25 10:15:00+00:00,long,1221.21,1179.5684698990683,1471.0591806055909,6.0,41.64153010093181,-1.0527881178878855,stop,6.948351784833319,-0.391915181726648
2022-07-15 07:30:00+00:00,long,1209.75,1165.4734137018113,1475.409517789132,6.0,44.276586298188676,-0.31862325394713625,tif,6.793658345162564,-1.555265084848866
2022-07-15 13:30:00+00:00,long,1219.65,1169.5731739546268,1520.1109562722395,6.0,50.07682604537324,0.2379270201590728,tif,5.809074235983394,-0.3106296489280101
2022-07-17 07:30:00+00:00,long,1361.4,1306.1590340847545,1692.8457954914738,6.0,55.240965915245624,1.6862391606786178,tif,2.699988994197454,-0.41544606059517963
2022-07-17 13:30:00+00:00,long,1351.44,1284.824160015189,1751.135039908867,6.0,66.61583998481113,1.8849482049409003,tif,2.3884709708123184,0.7636739139126982
2022-07-18 01:30:00+00:00,long,1355.37,1299.9043649860973,1688.1638100834157,6.0,55.46563501390264,3.1498843194747232,tif,2.797768383271979,-0.6959625228371081
2022-07-18 13:30:00+00:00,long,1479.44,1400.7128884774118,1951.8026691355303,6.0,78.72711152258836,0.9451255934704412,tif,3.085976295857024,0.31895599657332296
2022-07-18 19:30:00+00:00,long,1467.4,1386.409221395507,1953.3446716269582,6.0,80.990778604493,1.3058113753475245,tif,3.1483831171102525,-0.9746495329767358
2022-07-19 09:00:00+00:00,long,1525.32,1441.9975038440652,2025.2549769356078,6.0,83.32249615593463,0.15343304137305788,tif,2.365147578286562,-0.9284352915825836
2022-07-19 15:00:00+00:00,long,1536.51,1446.8544426193953,2074.443344283628,6.0,89.65555738060462,0.6594603137539646,tif,2.0732680207530776,-0.5277847662169265
2022-07-19 22:15:00+00:00,long,1561.98,1483.3162282671697,2033.9626303969821,6.0,78.66377173283036,-1.0357415356277226,stop,2.0391852115203486,0.18673990596212006
2022-07-28 23:00:00+00:00,long,1735.57,1652.5456769360378,2233.715938383773,6.0,83.02432306396214,0.30371791144353805,tif,2.6205573495899954,0.8645474589128552
2022-07-29 05:00:00+00:00,long,1724.09,1658.6521649942915,2116.71701003425,6.0,65.43783500570835,-1.0474245824258905,stop,3.5002686134102605,0.4467854737714008
2022-07-29 11:00:00+00:00,long,1711.02,1651.0566130924346,2070.8003214453925,6.0,59.963386907565436,-0.4304265874738915,tif,4.037797270745099,-0.12239657002528125
2022-08-02 06:00:00+00:00,short,1585.51,1642.068965979465,1246.1562041232091,6.0,56.55896597946513,-1.050459161524206,stop,7.028240228867055,0.4361955027513345
2022-08-02 18:00:00+00:00,short,1662.97,1745.766810367451,1166.1891377952952,6.0,82.7968103674508,0.03643442285532659,tif,5.736573642053256,0.99215305222838
2022-08-03 01:15:00+00:00,short,1602.9,1670.460410837663,1197.5375349740234,6.0,67.5604108376628,-1.042705779379181,stop,6.14117047033566,0.10221961238898336
2022-08-10 04:30:00+00:00,short,1682.31,1729.5703122584703,1398.748126449178,6.0,47.26031225847031,-1.0640740159192936,stop,10.45930457032489,0.9745900615807143
2022-08-16 06:00:00+00:00,short,1872.63,1933.7183935933242,1506.099638440055,6.0,61.0883935933242,-1.0551779773820775,stop,11.207202542559855,1.288626876129212
2022-08-19 19:15:00+00:00,short,1707.54,1769.387230229045,1336.4566186257307,6.0,61.84723022904489,2.186782294035297,tif,8.400376186224294,0.20043282739484883
2022-08-20 02:30:00+00:00,short,1630.53,1697.3911445467932,1229.3631327192406,6.0,66.86114454679321,0.5048529490304546,tif,6.618642307121926,-0.43706712356816496
2022-08-30 06:30:00+00:00,long,1577.69,1532.042768933484,1851.5733863990965,6.0,45.64723106651609,-1.0622127987535936,stop,2.0612422221819795,0.8832338608162655
2022-09-03 07:30:00+00:00,long,1557.89,1524.9974459710818,1755.2453241735097,6.0,32.892554028918276,-0.4166353876914427,tif,3.462485761971258,-0.7283074510752537
2022-09-06 22:15:00+00:00,long,1578.13,1518.9141014417366,1933.4253913495809,6.0,59.21589855826345,-1.0479707995514933,stop,2.6508083778472864,-0.2795842269942762
2022-09-08 06:15:00+00:00,long,1629.5,1588.7121420939964,1874.2271474360223,6.0,40.787857906003715,1.8769531897562906,tif,2.589005783126852,0.1572958695900137
2022-09-08 12:15:00+00:00,long,1627.13,1576.5581912509524,1930.5608524942868,6.0,50.571808749047776,1.5287403775419734,tif,2.134983949966646,0.6650426150628057
2022-09-09 15:45:00+00:00,long,1718.22,1661.443535742998,2058.878785542013,6.0,56.77646425700215,-0.11999331217881919,tif,4.586055215086551,0.7072254826236359
2022-09-16 00:45:00+00:00,short,1481.99,1550.8969203105037,1068.5484781369773,6.0,68.90692031050376,0.5416352643801264,tif,4.266480038220282,0.3205130123590129
2022-09-16 14:00:00+00:00,short,1451.62,1512.8233584449852,1084.3998493300878,6.0,61.20335844498533,0.3595731436826574,tif,4.307279971195755,-0.8073374266216289
2022-09-16 20:45:00+00:00,short,1437.21,1492.8724591229768,1103.2352452621392,6.0,55.6624591229768,-0.4812395719136078,tif,4.477164752089243,-0.0679721042159435
2022-09-19 09:45:00+00:00,short,1296.39,1342.9196716292313,1017.2119702246133,6.0,46.52967162923113,-1.0501508374826805,stop,2.3294813009577897,-0.07078223162565703
2022-09-27 04:00:00+00:00,long,1379.57,1334.445115632989,1650.3193062020653,6.0,45.12488436701088,-1.0550300800729693,stop,2.44720848704781,-0.7887897032463423
2022-09-28 00:30:00+00:00,long,1331.29,1293.1164795685318,1560.3311225888092,6.0,38.1735204314682,-1.0627744565582327,stop,4.157594012973664,0.07398325510404931
2022-10-13 13:30:00+00:00,short,1216.37,1286.3321870676193,796.5968775942836,6.0,69.96218706761938,-1.0312949907910096,stop,2.2180553025024263,0.8205906135236032
2022-10-21 12:45:00+00:00,short,1269.1,1300.2235262000845,1082.3588427994925,6.0,31.123526200084555,-1.073397210371164,stop,6.6801556694895,-0.13055896726477792
2022-10-24 05:30:00+00:00,long,1340.84,1315.5134416298797,1492.7993502207205,6.0,25.326558370120104,0.16016736031476786,tif,5.889469773989379,1.7079110233929724
2022-10-25 14:30:00+00:00,long,1379.22,1349.2564402221358,1559.0013586671857,6.0,29.963559777864297,5.917146159588351,target,3.697157508028774,-3.6216819206739514
2022-10-25 21:00:00+00:00,long,1472.87,1387.1435310501925,1987.228813698845,6.0,85.7264689498075,0.8666965397058604,tif,5.899344813748282,-0.4945888034411987
2022-10-26 03:30:00+00:00,long,1487.62,1431.4790714157593,1824.4655715054428,6.0,56.1409285842405,1.0425955800173712,tif,8.745491255337457,-1.2803453433436407
2022-10-26 23:15:00+00:00,long,1574.83,1514.321787220628,1937.8792766762317,6.0,60.50821277937195,-1.046848086727267,stop,6.672978451243407,0.05459117388258305
2022-10-27 05:45:00+00:00,long,1562.16,1513.674936630292,1853.0703802182484,6.0,48.48506336970804,-1.0579949329664449,stop,8.589036933386348,-0.353762495101375
2022-10-27 12:00:00+00:00,long,1546.44,1502.314244629024,1811.194532225857,6.0,44.12575537097617,-1.0630831580467592,stop,9.793826674846096,-0.09350929830088665
2022-11-08 12:00:00+00:00,short,1485.81,1535.8840540283486,1185.3656758299085,6.0,50.074054028348584,-1.0534100554048602,stop,2.7523235870212437,1.5496990829634913
2022-11-09 05:15:00+00:00,short,1304.39,1393.622343465782,768.9959392053086,6.0,89.23234346578192,1.3215174388557889,tif,2.7254691578649433,1.6758707840476634
2022-11-30 02:45:00+00:00,long,1270.58,1226.444192466453,1535.3948452012817,6.0,44.13580753354695,0.30344875846715347,tif,6.013711198061991,0.42719997949707006
2022-12-01 05:15:00+00:00,long,1283.93,1260.691118226763,1423.3632906394232,6.0,23.238881773237203,-0.5667688371808168,tif,10.846907457065921,0.5652111722522265
2022-12-09 00:15:00+00:00,long,1273.54,1250.6276738691727,1411.013956784963,6.0,22.91232613082719,-0.4592450343067867,tif,11.454969630816992,-0.3301991010169633
2022-12-14 02:15:00+00:00,long,1319.09,1298.9732556488218,1439.7904661070684,6.0,20.11674435117809,-1.1180291382417937,stop,10.782559852300217,-2.3219353431585246
2023-01-05 06:30:00+00:00,long,1250.41,1239.1112196146496,1318.2026823121028,6.0,11.298780385350447,-0.37532705790957605,tif,2.1816513959294297,-0.024987215736117133
2023-01-05 13:15:00+00:00,long,1251.36,1240.6887341662339,1315.3875950025963,6.0,10.671265833766066,-1.2110759899610746,stop,2.220917402789124,1.536381509924878
2023-01-07 05:00:00+00:00,long,1263.81,1255.3530498612527,1314.5517008324844,6.0,8.456950138747402,-0.4782880274376413,tif,2.8840184226996772,0.78162310567784
2023-01-07 13:45:00+00:00,long,1262.31,1255.6917139529799,1302.0197162821205,6.0,6.618286047020101,-0.254168222414208,tif,3.9118889416478355,-0.49748566765460794
2023-01-09 10:45:00+00:00,long,1322.23,1297.2406207992549,1472.1662752044713,6.0,24.98937920074523,0.36215329429753007,tif,8.554434197133835,-0.9802844072456871
2023-01-09 22:45:00+00:00,long,1321.27,1295.693335704543,1474.7299857727419,6.0,25.576664295456997,0.40121393006760525,tif,8.395543590809103,-1.20627397591436
2023-01-10 11:15:00+00:00,long,1330.94,1314.8269569594136,1427.6182582435194,6.0,16.113043040586568,0.09087718541503967,tif,12.7263360175655,-1.4477201572995846
2023-01-12 02:45:00+00:00,long,1399.59,1356.6113334659149,1657.4619992045098,6.0,42.97866653408498,0.15614114027195214,tif,3.1739002393621907,0.34773813306106954
2023-01-12 16:00:00+00:00,long,1386.37,1337.969193874196,1676.7748367548231,6.0,48.40080612580388,0.4577306820554971,tif,3.0914774355427106,-0.8064017714422302
2023-01-12 22:00:00+00:00,long,1422.0,1374.7745709129026,1705.352574522584,6.0,47.225429087097346,0.6985727951599151,tif,2.413953715269607,-0.3022938976140748
2023-01-13 05:00:00+00:00,long,1410.82,1388.3549632099387,1545.610220740367,6.0,22.465036790061177,5.886958742879799,target,5.57221433331377,0.7777643645684573
2023-01-13 11:15:00+00:00,long,1411.49,1389.425995026094,1543.8740298434366,6.0,22.064004973906105,5.884849463957029,target,5.64312780690773,0.20028544710113672
2023-01-13 17:30:00+00:00,long,1415.63,1383.6951203124363,1607.2392781253827,6.0,31.934879687563765,5.920208435887978,target,3.769232925805415,0.11915713030256762
2023-01-14 03:00:00+00:00,long,1553.55,1464.5016473209398,2087.840116074361,6.0,89.0483526790602,-0.3516784876736306,tif,4.773249444960825,-1.9055268212747667
2023-01-14 23:45:00+00:00,long,1550.27,1512.6848890164838,1775.7806659010969,6.0,37.58511098351615,0.010895644293285378,tif,11.39626806444324,-1.471202115087024
2023-01-21 00:00:00+00:00,long,1658.55,1598.7478322966822,2017.3630062199068,6.0,59.8021677033178,-0.4940521578845841,tif,5.351812689931033,-0.9402958299185885
2023-01-21 13:00:00+00:00,long,1654.8,1603.756364163961,1961.0618150162336,6.0,51.04363583603896,-1.0583547772648456,stop,6.343592001167431,-0.47379796434516874
2023-01-30 14:00:00+00:00,short,1586.14,1624.3481739755441,1356.8909561467358,6.0,38.208173975544035,0.019758808690605006,tif,3.5146929577413304,-1.053742952767236
2023-01-30 22:45:00+00:00,short,1564.07,1608.6435378395818,1296.6287729625087,6.0,44.573537839581846,-0.6496079827499672,tif,2.517637267292418,-0.5817416429068906
2023-02-06 05:45:00+00:00,short,1621.48,1650.1239351776621,1449.6163889340266,6.0,28.64393517766222,-1.1018946587435372,stop,5.922021501161786,1.1512472920527752
2023-02-06 11:45:00+00:00,short,1634.94,1662.2261954951973,1471.2228270288172,6.0,27.286195495197155,-0.3075874759263284,tif,6.709986375060135,-0.5516863109173628
2023-02-09 20:30:00+00:00,short,1579.85,1636.7729465429886,1238.3123207420676,6.0,56.922946542988704,0.8358012522080147,tif,2.248653799102499,1.1317758370748912
2023-02-16 18:15:00+00:00,long,1713.28,1650.5060940429369,2089.923435742379,6.0,62.773905957063135,-1.0491271644321343,stop,4.2265969586387815,-2.745231371659839
2023-02-17 14:45:00+00:00,long,1658.89,1616.9481121808924,1910.5413269146466,6.0,41.94188781910776,0.8226620162834153,tif,7.622689788759276,-0.8365609092561145
2023-02-23 08:00:00+00:00,short,1670.52,1695.1851591076934,1522.5290453538391,6.0,24.665159107693455,0.8859891762540295,tif,2.179187239997755,1.5704212147595773
2023-03-10 17:45:00+00:00,short,1406.82,1472.566782077844,1012.3393075329363,6.0,65.74678207784393,-1.0385155884435822,stop,2.4796650854633935,0.29349301459260607
2023-03-11 07:00:00+00:00,short,1454.98,1493.1455561443,1225.9866631342013,6.0,38.165556144299785,-0.15482452234309957,tif,5.5335234524426635,3.2123090869506474
2023-03-14 00:00:00+00:00,long,1667.54,1616.606214173672,1973.1427149579677,6.0,50.93378582632796,0.5283021390114488,tif,6.107144696854858,-0.9362001193649668
2023-03-14 07:15:00+00:00,long,1667.5,1627.184059111311,1909.3956453321346,6.0,40.315940888689084,0.7869963915167281,tif,7.71655065322514,-0.5235766687875678
2023-03-14 13:45:00+00:00,long,1733.42,1649.7898888902962,2235.200666658224,6.0,83.63011110970393,-0.8278137513076564,tif,2.93171917084241,-0.522435115237968
2023-03-15 03:15:00+00:00,long,1700.79,1645.6218590563883,2031.7988456616695,6.0,55.1681409436116,-1.0554925713942256,stop,5.035696241494794,-1.7308511939083224
2023-03-23 09:45:00+00:00,short,1754.09,1777.93507324686,1611.01956051884,6.0,23.845073246859954,-1.1324115035132398,stop,12.343430315893825,-0.04575465486884705
2023-03-23 16:00:00+00:00,long,1828.86,1764.2136105908587,2216.7383364548473,6.0,64.64638940914121,-1.0509223798898581,stop,2.3162933207655105,-0.7023143827313919
2023-03-23 22:00:00+00:00,long,1810.76,1759.9106122898859,2115.8563262606845,6.0,50.84938771011407,-1.0640984709310817,stop,3.3007280433116426,-0.06810618676517588
2023-04-04 12:45:00+00:00,long,1868.62,1820.1874675968465,2159.2151944189204,6.0,48.432532403153424,1.0124699570078095,tif,2.27078772351865,-1.6294670083062406
2023-04-05 08:00:00+00:00,long,1904.16,1876.51584497391,2070.0249301565404,6.0,27.64415502609009,-1.1239859925819864,stop,2.6927934650107628,-0.3951430657103439
2023-05-23 07:00:00+00:00,long,1852.47,1824.9003604524153,2017.8878372855079,6.0,27.569639547584647,-1.120946303786269,stop,3.9967878364827483,-0.2622955172456714
2023-05-29 07:00:00+00:00,long,1901.62,1877.4640124478265,2046.5559253130398,6.0,24.15598755217333,-1.141700520113579,stop,2.5269097306894572,0.6692050693741393
2023-05-29 19:45:00+00:00,long,1890.56,1863.3020723647035,2054.1075658117793,6.0,27.25792763529659,0.4507676505857875,tif,2.645102040209288,1.562736408117915
2023-06-06 10:15:00+00:00,short,1818.05,1832.44920350552,1731.654778966879,6.0,14.399203505520173,-1.227268820719516,stop,6.772596828888076,-0.22019791389246327
2023-06-07 06:00:00+00:00,short,1880.52,1899.8915835887885,1764.290498467269,6.0,19.371583588788504,2.2721458882419014,tif,3.778214603082811,-1.6806143728905285
2023-06-15 04:30:00+00:00,short,1649.89,1675.3374149588776,1497.2055102467345,6.0,25.447414958877598,-1.116703484609303,stop,7.471485819178316,-0.1204625871042592
2023-06-15 12:30:00+00:00,short,1637.99,1663.9085462690339,1482.4787223857968,6.0,25.91854626903386,-1.1137556855772648,stop,6.876543080386418,0.17424331232734058
2023-06-29 07:00:00+00:00,short,1846.06,1865.7003944271362,1728.217633437182,6.0,19.64039442713632,-1.169187437264946,stop,3.2560445889845764,-1.3601856843756175
2023-06-29 13:15:00+00:00,short,1869.04,1897.2183531270348,1699.9698812377908,6.0,28.178353127034853,-1.1193920732284466,stop,3.084992213991305,0.6515382091949263
2023-07-14 14:00:00+00:00,long,1996.77,1968.1056615160755,2168.7560309035466,6.0,28.664338483924418,-1.1253887649287884,stop,3.8898508005873436,-1.6807707780443926
2023-08-08 18:45:00+00:00,long,1857.84,1829.4685469387025,2028.0687183677837,6.0,28.371453061297313,-0.3103158650696628,tif,2.0975309185407944,-1.7586631004886333
2023-08-09 00:45:00+00:00,long,1853.97,1834.539017169122,1970.555896985268,6.0,19.430982830877994,-0.027643789543494474,tif,3.2618010396922386,0.1365819123916224
2023-08-09 07:45:00+00:00,long,1860.22,1848.3266711700157,1931.5799729799062,6.0,11.893328829984352,-1.281535644718598,stop,4.803533208967455,3.0921995181976754
2023-08-09 16:00:00+00:00,long,1851.98,1833.7039291911774,1961.6364248529353,6.0,18.276070808822567,-0.28855020617748434,tif,3.576808203678181,0.31945138554128016
2023-08-16 11:45:00+00:00,short,1824.59,1833.2956384901322,1772.3561690592057,6.0,8.705638490132348,3.9004305127634353,tif,4.879596143137597,-0.5703999320349332
2023-08-17 18:00:00+00:00,short,1739.76,1780.4244843950712,1495.7730936295725,6.0,40.664484395071256,5.922990096970722,target,6.885615400399309,-0.9158061987346785
2023-08-18 15:00:00+00:00,short,1671.54,1714.410161252628,1414.3190324842308,6.0,42.87016125262818,0.043648727817303584,tif,4.940032736336318,-0.40845580921000385
2023-09-22 09:30:00+00:00,short,1594.37,1610.614172745227,1496.904963528637,6.0,16.24417274522716,0.033250939181163036,tif,2.525213234515277,-2.216840967473603
2023-09-27 13:45:00+00:00,long,1618.0,1594.7148713030385,1757.7107721817683,6.0,23.285128696961372,-1.1250755380355768,stop,3.7912609867395837,1.6016632097378034
2023-09-28 02:15:00+00:00,long,1606.2,1584.2343850624677,1737.9936896251938,6.0,21.9656149375323,2.0058095402882348,tif,4.556212074399738,-0.3569816783377104
2023-09-28 08:15:00+00:00,long,1615.42,1597.3939286985444,1723.576427808734,6.0,18.026071301455673,3.257628521377137,tif,5.0404771223035505,1.2537684171940502
2023-09-30 06:45:00+00:00,long,1671.5,1661.5414908022913,1731.2510551862529,6.0,9.958509197708795,0.34154710634626284,tif,3.492490623797585,0.9227104810883214
2023-10-05 23:30:00+00:00,short,1613.61,1632.5385503694963,1500.0386977830212,6.0,18.92855036949645,-1.153445348074863,stop,2.029738107251682,0.03690517265430397
2023-10-06 07:00:00+00:00,short,1623.05,1635.3758800017067,1549.09471998976,6.0,12.325880001706665,-1.2370208049725928,stop,3.8828870631040635,-2.1398994588197318
2023-10-09 19:15:00+00:00,short,1580.56,1618.5993275513106,1352.3240346921357,6.0,38.039327551310706,0.42784646963190365,tif,3.175660764167152,-1.2246384080089514
2023-10-10 12:15:00+00:00,short,1581.67,1598.1256485120632,1482.9361089276217,6.0,16.45564851206307,0.26939041610850506,tif,7.40839839345329,1.342107890336869
2023-10-12 22:00:00+00:00,short,1539.18,1562.2524756415257,1400.7451461508467,6.0,23.072475641525564,-1.1200791819241864,stop,3.4421967210601756,1.2722035648642482
2023-10-13 05:00:00+00:00,short,1542.75,1555.7724186932169,1464.6154878406985,6.0,13.022418693216904,-1.2132437963652962,stop,6.372856068836713,-0.908358550091616
2023-10-13 11:00:00+00:00,short,1546.43,1560.031426047899,1464.8214437126064,6.0,13.601426047898954,-1.2046530996233276,stop,6.372125959056198,-0.03397269802736597
2023-10-21 00:30:00+00:00,long,1602.06,1584.479807013698,1707.5411579178108,6.0,17.580192986301807,1.5606365653311125,tif,2.3446841585935925,0.7792288460229329
2023-11-03 15:45:00+00:00,short,1812.79,1845.4546832883625,1616.8019002698247,6.0,32.664683288362525,-1.0998944937317832,stop,5.392368217534607,0.15311046102829204
2023-11-15 09:15:00+00:00,short,1995.75,2024.3625664684644,1824.0746011892138,6.0,28.61256646846438,-1.125551477668364,stop,4.759097725472518,-0.09758762836535474
2023-11-18 06:00:00+00:00,short,1936.6,1965.3542366050171,1764.074580369896,6.0,28.754236605017304,-1.1212301355060732,stop,2.6785618084035945,1.5239556270915837
2023-12-03 17:00:00+00:00,long,2154.93,2125.2003788921256,2333.3077266472446,6.0,29.72962110787414,2.146718445163659,tif,8.26044836255772,1.6760787669128274
2023-12-12 02:15:00+00:00,short,2242.09,2287.4647380154365,1969.841571907381,6.0,45.374738015436535,1.5599922136392124,tif,4.267793236274337,-0.6175984563112694
2023-12-27 09:15:00+00:00,short,2251.54,2285.4883746259206,2047.8497522444754,6.0,33.948374625920735,-1.119380442941899,stop,5.982613372156149,-1.4729138948632363
2023-12-28 21:00:00+00:00,short,2362.21,2424.728827838413,1987.0970329695228,6.0,62.518827838412854,0.7312680608498254,tif,5.018808107070959,0.5848449665750344
2024-01-03 23:15:00+00:00,short,2206.45,2266.41608191559,1846.6535085064586,6.0,59.9660819155902,-1.066230940443808,stop,2.6349895633071156,3.4703060464107756
2024-01-18 20:00:00+00:00,short,2448.65,2525.32059190765,1988.626448554102,6.0,76.67059190764971,-0.7723635428734912,tif,5.21986318407527,0.16342848703688748
2024-01-19 03:45:00+00:00,short,2460.77,2505.772264871465,2190.7564107712124,6.0,45.002264871464625,-0.5661800816642084,tif,9.162427739530354,0.6253998561104274
2024-01-19 17:15:00+00:00,short,2444.69,2511.388666613529,2044.4980003188266,6.0,66.69866661352893,-0.32789923862681347,tif,5.940898373516001,0.7578556346204262
2024-01-22 10:45:00+00:00,short,2381.87,2440.3595529219706,2030.932682468176,6.0,58.48955292197065,2.6458166675756836,tif,5.700676160832002,-0.6250553169347414
2024-01-22 17:30:00+00:00,short,2379.21,2447.445773085378,1969.795361487734,6.0,68.23577308537767,2.242480960954929,tif,4.84745735328792,-0.27196881168463516
2024-01-23 00:00:00+00:00,short,2322.87,2392.2102374641695,1906.8285752149811,6.0,69.34023746416979,1.2015942985925507,tif,3.9577308938667275,1.5796074410343601
2024-01-23 12:45:00+00:00,short,2224.8,2299.9540305069995,1773.8758169580044,6.0,75.15403050699929,-0.17556796236990574,tif,2.346647263097556,1.1168679281368092
2024-01-24 06:15:00+00:00,short,2226.66,2269.3204077379337,1970.6975535723966,6.0,42.660407737933866,0.21945434880771522,tif,4.177644083826363,1.2765873241566859
2024-02-12 16:30:00+00:00,long,2540.7,2485.5175796591616,2871.7945220450283,6.0,55.18242034083812,1.2400097635688576,tif,3.409600355292108,0.6189324100231063
2024-02-17 07:30:00+00:00,short,2797.55,2828.057359702798,2614.505841783215,6.0,30.507359702797523,-0.39943115755383507,tif,5.515390438215169,-1.5051473410145317
2024-02-21 07:45:00+00:00,short,2941.89,3012.67369712114,2517.187817273161,6.0,70.78369712113982,-0.8384049493548769,tif,4.416271157255514,-0.17518052656525618
2024-02-22 03:00:00+00:00,short,2927.96,2994.578092260258,2528.2514464384526,6.0,66.61809226025791,-1.0791125626865807,stop,4.483316616650946,-0.005620583477660251
2024-02-22 15:00:00+00:00,short,2967.23,3048.2820669224498,2480.917598465303,6.0,81.05206692244955,0.3723407328880974,tif,4.169418656816492,-0.9576071455838164
2024-02-23 04:15:00+00:00,short,2961.72,3027.1335003064123,2569.2389981615247,6.0,65.41350030641252,0.2720983270521425,tif,5.081978466873322,-1.568514395802924
2024-02-23 10:15:00+00:00,short,2943.83,3002.4111563998204,2592.343061601077,6.0,58.58115639982052,-0.3951593895143871,tif,5.369303361873608,0.06804416741419195
2024-02-25 16:30:00+00:00,long,3040.01,2974.7573906572347,3431.525656056592,6.0,65.2526093427653,1.6408229966342462,tif,3.825747391781169,-0.21604785473815144
2024-02-25 22:30:00+00:00,long,3109.39,3043.2097232972947,3506.4716602162307,6.0,66.18027670270516,-1.0845705439574156,stop,2.723772232167654,-0.8649625992716492
2024-02-27 04:45:00+00:00,long,3215.95,3111.248014697822,3844.1619118130666,6.0,104.70198530217783,0.46466444604263013,tif,2.9360474790692064,-1.2882483810776086
2024-02-27 11:00:00+00:00,long,3265.13,3197.698214495169,3669.720713028986,6.0,67.431785504831,1.0743118465224342,tif,3.8294996649836555,-1.6594777797675204
2024-02-27 17:30:00+00:00,long,3224.03,3119.871029358023,3848.983823851864,6.0,104.1589706419773,1.3577010710492483,tif,2.873780320169239,-1.311192112992478
2024-02-28 01:30:00+00:00,long,3238.09,3178.8457621854222,3593.555426887467,6.0,59.244237814577794,-1.0983819222764297,stop,4.815151827808741,-0.7482510280115922
2024-02-28 09:15:00+00:00,long,3316.85,3228.717666988358,3845.6439980698506,6.0,88.1323330116418,-1.0677427885542476,stop,2.343180906974531,-2.203096118347071
2024-03-01 06:00:00+00:00,short,3387.36,3462.565739934704,2936.1255603917753,6.0,75.20573993470418,-1.0810742372230324,stop,3.2095954405817064,-0.30428678490725913
2024-03-12 17:30:00+00:00,short,3925.9,4109.546729757789,2824.0196214532675,6.0,183.64672975778876,-0.33894760926098033,tif,2.0199107301787804,1.4433557016487595
2024-03-12 23:30:00+00:00,short,3977.13,4090.530344524214,3296.7279328547183,6.0,113.40034452421366,-1.0631288558252268,stop,3.722916378881502,0.16975238752699182
2024-03-13 06:00:00+00:00,short,4045.91,4110.243045326672,3659.9117280399723,6.0,64.3330453266713,0.8698074483472475,tif,7.631536755441873,-0.1066873281771228
2024-03-20 22:00:00+00:00,short,3512.19,3706.022058277326,2349.197650336046,6.0,193.83205827732567,-0.07533295642513367,tif,3.024731848852186,-0.08923628910716028
2024-03-22 17:00:00+00:00,short,3328.27,3490.4583912247413,2355.139652651553,6.0,162.1883912247411,-0.5290198968747858,tif,2.480880394469442,-0.09380407156908417
2024-03-22 23:15:00+00:00,short,3311.52,3444.5613019678663,2513.272188192803,6.0,133.0413019678662,-0.42363337675102614,tif,2.8984983933270563,1.11839736969208
2024-03-23 06:15:00+00:00,short,3344.22,3435.618139867561,2795.8311607946343,6.0,91.39813986756094,-1.0658612528517828,stop,4.576898398656251,0.3185494761223515
2024-03-25 21:00:00+00:00,long,3613.71,3521.773316922101,4165.330098467393,6.0,91.9366830778989,-0.42936808984671493,tif,3.0757037401534926,-0.16281060661302085
2024-03-26 10:15:00+00:00,long,3650.82,3570.3366951013245,4133.719829392054,6.0,80.48330489867566,-1.0816501758752721,stop,3.052310045036957,1.5713873920199177
2024-04-02 04:30:00+00:00,short,3376.31,3492.6178093088124,2678.4631441471247,6.0,116.30780930881258,0.4763449877462544,tif,3.872568855665589,0.8398444831153865
2024-04-02 17:00:00+00:00,short,3262.54,3392.429219236447,2483.2046845813193,6.0,129.88921923644676,-0.6982301728591185,tif,2.591747043972831,-0.40010940882520296
2024-04-03 11:45:00+00:00,short,3320.03,3409.644436912301,2782.343378526194,6.0,89.614436912301,-0.3160880654499957,tif,4.398063677906116,0.6505263759809141
2024-04-09 04:45:00+00:00,long,3698.82,3616.1921020580216,4194.587387651871,6.0,82.62789794197845,-1.080576611118381,stop,2.3921702587520413,0.45850937257819346
2024-04-13 03:30:00+00:00,short,3222.35,3329.709463743673,2578.193217537962,6.0,107.35946374367299,2.376313751055179,tif,2.7612842842415044,-0.8421100040891533
2024-05-02 05:45:00+00:00,short,2914.98,2984.8580300411995,2495.7118197528025,6.0,69.87803004119955,-1.0750874630682403,stop,4.088409473357498,-1.362027757564069
2024-06-07 22:45:00+00:00,short,3696.61,3781.6029843026936,3186.6520941838385,6.0,84.99298430269363,0.13667130405293748,tif,7.180122041916107,1.175885911426939
2024-06-11 12:00:00+00:00,short,3543.8,3629.77255635531,3027.9646618681413,6.0,85.97255635530982,0.03990994505060434,tif,5.32088400523346,0.11565694034006578
2024-06-12 07:15:00+00:00,short,3523.99,3572.288982293274,3234.1961062403543,6.0,48.29898229327428,-1.1313315871022631,stop,9.061060486587976,2.038192073203852
2024-06-18 12:30:00+00:00,short,3396.46,3479.9822489049434,2895.326506570341,6.0,83.52224890494321,-1.0731975980071857,stop,3.71290289792049,0.9635427302457282
2024-06-24 23:30:00+00:00,short,3354.8,3449.3163763599755,2787.701741840148,6.0,94.51637635997541,-0.43768753726278264,tif,2.8402485403966464,-3.2905745189238824
2024-07-12 00:45:00+00:00,long,3092.19,3021.952864770401,3513.612811377595,6.0,70.23713522959916,0.48185419136709573,tif,2.4754711226708466,0.8747228323737516
2024-07-12 07:15:00+00:00,long,3078.19,3019.534000191844,3430.1259988489364,6.0,58.65599980815604,0.944477260317654,tif,3.2029119035471085,-1.3076233304896943
2024-08-02 23:00:00+00:00,short,2996.41,3113.029268247984,2296.6943905120957,6.0,116.61926824798405,0.7756562303893858,tif,3.1480218107640727,1.4921365739424948
2024-08-03 05:45:00+00:00,short,2974.28,3043.8553277230294,2556.8280336618236,6.0,69.5753277230294,0.7929002680319386,tif,4.9585105998115,-0.7153259217250011
2024-08-04 22:00:00+00:00,short,2740.35,2865.71269928495,1988.173804290299,6.0,125.36269928495017,2.4562120292265073,tif,2.010645921296462,1.0185639585794022
2024-08-06 13:15:00+00:00,short,2455.97,2563.8054304136267,1808.9574175182388,6.0,107.83543041362684,-0.11620249441149033,tif,2.1278720650518532,-2.1120682818073444
2024-08-09 00:00:00+00:00,long,2672.48,2552.1585402765454,3394.408758340728,6.0,120.32145972345468,-1.0399801000674047,stop,2.0017210608445617,1.3459833779822217
2024-08-09 06:45:00+00:00,long,2686.69,2602.53992958733,3191.590422476021,6.0,84.1500704126702,-1.0574692567253257,stop,2.6932835455580966,-0.8880609332349375
2024-08-28 05:30:00+00:00,short,2474.05,2545.302763441296,2046.5334193522253,6.0,71.25276344129583,-1.062499891722362,stop,3.474110870155159,0.1947737071582946
2024-09-07 04:30:00+00:00,short,2242.25,2287.0349403496875,1973.540357901874,6.0,44.784940349687695,-1.0901206961198504,stop,4.3275707969398125,0.2994567229939602
2024-09-07 15:00:00+00:00,short,2296.71,2338.179037625234,2047.8957742485982,6.0,41.469037625233625,0.5904627500952753,tif,5.986876335151057,1.1031763186573005
2024-09-07 21:15:00+00:00,short,2268.78,2312.779423076831,2004.7834615390152,6.0,43.99942307683084,-0.28327198695845696,tif,5.007792934358417,0.7384985351127078
2024-10-02 06:30:00+00:00,short,2486.97,2539.2142242600767,2173.5046544395373,6.0,52.24422426007709,1.7240844375754316,tif,2.7252773300110165,0.018719731295962376
2024-10-02 12:30:00+00:00,short,2453.11,2507.2266339303033,2128.4101964181805,6.0,54.11663393030327,1.8520073168090827,tif,2.0052984104621645,0.9010269462065142
2024-10-07 07:15:00+00:00,long,2483.43,2447.894851577616,2696.6408905343033,6.0,35.53514842238386,-1.125795844352916,stop,3.7889246556569764,-0.6366313125334423
2024-10-10 05:30:00+00:00,short,2398.66,2431.5625796519093,2201.244522088542,6.0,32.90257965190967,-0.3798361141350487,tif,10.644150206613753,1.1660586784277347
2024-10-10 12:15:00+00:00,short,2404.76,2442.501508906746,2178.3109465595253,6.0,37.74150890674579,-0.4705314788520744,tif,9.441063972307496,-0.26456603842491694
2024-10-14 23:30:00+00:00,long,2626.9,2576.753230060188,2927.780619638873,6.0,50.14676993981216,-1.094291616502424,stop,2.4793222005968674,0.15534911420760303
2024-10-15 20:15:00+00:00,long,2571.86,2493.4911755630833,3042.072946621502,6.0,78.36882443691701,0.5744714473322166,tif,2.288792785763729,-1.4096098646922293
2024-10-16 02:15:00+00:00,long,2621.4,2560.241611950569,2988.350328296585,6.0,61.15838804943082,0.02128048239185229,tif,2.1228486253605277,0.03435635103015516
2024-10-16 10:30:00+00:00,long,2613.4,2571.1338505010535,2866.99689699368,6.0,42.266149498946675,-0.26768750250793694,tif,3.261002046174914,-1.8310476203933304
2024-10-21 02:15:00+00:00,long,2744.61,2689.8098615947256,3073.410830431648,6.0,54.800138405274616,-1.0901511956678636,stop,3.078824340775026,-3.1026670199749873
2024-10-21 08:15:00+00:00,long,2723.71,2681.521231033336,2976.842613799985,6.0,42.18876896666414,-1.1162081312179057,stop,4.494561103449829,-2.6828102967138525
2024-10-21 14:30:00+00:00,long,2672.25,2614.8082013412395,3016.9007919525634,6.0,57.44179865876057,-1.0837378026508981,stop,4.196943787087216,-2.240604367655481
2024-10-23 13:45:00+00:00,short,2581.15,2626.4186381416644,2309.5381711500154,6.0,45.26863814166411,0.9018148474501366,tif,2.886987666627335,-0.3437202667566342
2024-10-24 04:45:00+00:00,short,2552.68,2598.8506700905277,2275.655979456834,6.0,46.17067009052767,1.2216668263511306,tif,10.921219012228484,0.2524661479693868
2024-10-24 11:15:00+00:00,short,2528.21,2572.369137060156,2263.255177639064,6.0,44.15913706015598,-0.4046903809659056,tif,10.864569190888654,-0.05211285851417011
2024-10-29 17:45:00+00:00,long,2655.55,2593.9854566360777,3024.937260183535,6.0,61.56454336392243,0.23292644136467855,tif,4.187150361470267,-0.9284863771799986
2024-10-31 21:45:00+00:00,short,2525.1,2588.2409879069264,2146.2540725584413,6.0,63.140987906926455,0.23019627157916994,tif,7.549137506410651,-0.42670696474646286
2024-11-01 04:00:00+00:00,short,2506.25,2572.419416538858,2109.233500766852,6.0,66.169416538858,-1.0681772673233536,stop,6.918755279202907,-0.9228497768923619
2024-11-01 18:15:00+00:00,short,2516.6,2597.8553363402016,2029.0679819587908,6.0,81.25533634020151,0.3415175082632724,tif,5.76159082081573,-0.7774140198076492
2024-11-06 10:45:00+00:00,long,2624.39,2528.2371973700933,3201.306815779438,6.0,96.15280262990635,1.9782688886578255,tif,3.0050086123036337,-1.3068319701816846
2024-11-16 02:30:00+00:00,short,3121.0,3196.115154249291,2670.3090745042527,6.0,75.11515424929121,-1.0747891694578129,stop,2.0102468204866244,-0.7574467961015625
2024-11-22 09:30:00+00:00,long,3364.77,3277.4158872171492,3888.8946766971053,6.0,87.35411278285086,-1.0693337246187324,stop,2.498909244749998,-1.2947542427419994
2024-11-22 15:30:00+00:00,short,3320.11,3443.052268632717,2582.4563882036987,6.0,122.94226863271692,-1.0486097911358192,stop,2.2214491650215176,-0.8717750949422236
2024-11-22 21:45:00+00:00,short,3319.0,3413.1779066267195,2753.932560239684,6.0,94.17790662671935,-1.063435260073037,stop,2.888150838583521,-0.2914597416710741
2024-11-23 04:00:00+00:00,short,3350.5,3432.70545321491,2857.2672807105396,6.0,82.2054532149101,-1.0733637461280494,stop,3.6919691836812647,-0.07354600682615467
2024-11-24 18:30:00+00:00,short,3331.09,3423.944874777552,2773.960751334689,6.0,92.85487477755184,-1.064573475699193,stop,3.0595054990982598,0.10759068997305991
2024-11-26 22:00:00+00:00,short,3336.67,3451.1548747621423,2649.760751427147,6.0,114.48487476214217,-1.0524611308915552,stop,2.5302032307920914,-1.0024197256417005
2024-11-27 04:00:00+00:00,short,3386.03,3476.2517393632643,2844.6995638204144,6.0,90.22173936326428,-1.0675541620347153,stop,3.7577417858787543,-0.9973753124321569
2024-11-27 10:00:00+00:00,short,3423.24,3501.860020387079,2951.5198776775246,6.0,78.62002038707922,-1.0783748461226914,stop,4.785549509496602,-0.7230125555472888
2024-12-03 04:15:00+00:00,short,3653.0,3736.080716534981,3154.515700790115,6.0,83.08071653498088,-0.3529748083919405,tif,2.2556377438210453,-0.4741112080621963
2024-12-10 07:45:00+00:00,short,3734.5,3865.677254754473,2947.4364714731637,6.0,131.17725475447276,0.5763796486023194,tif,2.0498980597155043,1.6194541443583594
2024-12-20 21:30:00+00:00,short,3426.05,3575.4496237380813,2529.6522575715126,6.0,149.39962373808123,0.573248498604956,tif,2.537154984168693,0.2014894089515997
2024-12-21 05:00:00+00:00,short,3491.54,3575.828333679364,2985.809997923818,6.0,84.28833367936363,2.14270730142833,tif,5.274039485595347,-1.854664189941265
2025-01-14 09:00:00+00:00,short,3197.28,3263.4684957049562,2800.1490257702635,6.0,66.1884957049561,-0.6320600514398362,tif,2.5456085412647314,-0.5961610472362237
2025-01-27 19:15:00+00:00,short,3073.75,3186.67434818939,2396.2039108636595,6.0,112.92434818939009,-1.0489951909283612,stop,2.41179164960271,0.0060880431867508175
2025-02-03 17:45:00+00:00,short,2705.14,2888.354373730767,1605.8537576153983,6.0,183.21437373076694,-1.0265768012675436,stop,3.5843257634633994,0.7418395895878513
2025-02-04 06:00:00+00:00,short,2717.5,2886.938288562897,1700.870268622618,6.0,169.43828856289701,-0.30395432128601974,tif,3.9486942749167278,1.2455279175182006
2025-02-05 01:00:00+00:00,short,2740.2,2897.157889944784,1798.4526603312943,6.0,156.95788994478426,-0.3144942889928332,tif,4.407296761209977,-0.45522627730885445
2025-02-05 16:45:00+00:00,short,2770.46,2887.0469176359943,2070.938494184034,6.0,116.58691763599435,0.500597950296794,tif,6.19297614724045,-0.11878543267706243
2025-02-25 09:00:00+00:00,short,2396.55,2550.624805407438,1472.101167555372,6.0,154.07480540743802,-0.47193822382390205,tif,2.259357064118641,0.20882900049969394
2025-02-25 15:30:00+00:00,short,2397.76,2534.0855388750774,1579.806766749537,6.0,136.3255388750772,-0.299767514856094,tif,2.562395886218369,-0.16955509597642276
2025-02-25 21:45:00+00:00,short,2512.92,2622.3627581351197,1856.263451189282,6.0,109.44275813511966,1.5188464438622242,tif,4.244045087264213,-1.8359732567430316
2025-03-20 05:15:00+00:00,long,2012.01,1970.8679637854375,2258.8622172873743,6.0,41.14203621456238,-1.0880271939170143,stop,2.539008994480098,1.1156150446765276
2025-03-28 17:45:00+00:00,short,1883.18,1939.369408351895,1546.0435498886307,6.0,56.18940835189491,1.1185431177062835,tif,4.387481684378442,-0.7146942228278831
2025-04-01 09:15:00+00:00,long,1880.23,1838.5196693577539,2130.4919838534774,6.0,41.71033064224627,-0.1204597020123146,tif,2.832391836288679,0.18040635453337545
2025-04-03 05:45:00+00:00,long,1820.97,1766.8828476776227,2145.492913934264,6.0,54.08715232237733,-1.0606011938003965,stop,3.2798916634145785,0.17125315508937083
2025-04-07 19:45:00+00:00,short,1544.56,1651.3002372794663,904.118576323202,6.0,106.74023727946633,0.709664826785728,tif,2.8177752613808296,0.26698664676187894
2025-04-09 04:00:00+00:00,short,1431.28,1521.9506891054466,887.2558653673199,6.0,90.67068910544668,-1.0284138570624934,stop,2.067812672979203,0.07757324014381313
2025-04-09 19:30:00+00:00,short,1639.01,1762.6802736838508,896.9883578968947,6.0,123.67027368385088,1.0075160205315405,tif,3.195755845178571,-0.02792328267339563
2025-04-12 23:45:00+00:00,long,1643.6,1606.610821452458,1865.5350712852526,6.0,36.98917854754211,-1.0799823114805687,stop,3.8846496635581027,-0.7694898314938752
2025-04-23 05:15:00+00:00,long,1798.82,1719.7710188734602,2273.1138867592385,6.0,79.04898112653979,-0.4310982319360807,tif,2.52438421287891,0.30305817521218026
2025-04-23 11:30:00+00:00,long,1796.46,1740.1127968308897,2134.543219014662,6.0,56.347203169110315,-1.057387551078537,stop,3.583318934109714,-1.9917129534177271
2025-04-23 17:30:00+00:00,long,1794.23,1723.8961509899286,2216.233094060429,6.0,70.33384901007148,-1.0459183457958834,stop,2.9024431745626202,0.6997278324121294
2025-05-05 02:30:00+00:00,short,1797.31,1836.3701989640676,1562.948806215594,6.0,39.060198964067645,-0.09460161745205894,tif,7.017629384124741,-1.0993113712562532
2025-05-05 16:15:00+00:00,short,1807.72,1845.0545373362177,1583.712775982694,6.0,37.334537336217664,0.9874530831332112,tif,7.620825656355234,0.09506392704208899
2025-05-06 20:00:00+00:00,short,1785.44,1825.4030677817832,1545.6615933093008,6.0,39.96306778178323,-1.0804190513488277,stop,6.562058784674672,-0.2745161195474085
2025-05-10 00:30:00+00:00,long,2343.08,2266.1653947968953,2804.567631218629,6.0,76.91460520310484,2.44677139670741,tif,4.881647627372122,-0.3923459511054546
2025-05-11 08:00:00+00:00,short,2494.24,2612.5100567351383,1784.6196595891695,6.0,118.27005673513838,-1.0379608509874523,stop,2.3239187296199306,1.1079866950778974
2025-05-11 14:45:00+00:00,long,2484.77,2397.9286230547614,3005.8182616714303,6.0,86.84137694523841,0.18064446410024376,tif,2.6920346984758234,1.1645602368788424
2025-05-11 22:15:00+00:00,long,2501.53,2420.4647300677093,2987.921619593747,6.0,81.0652699322911,-1.055544797467037,stop,2.6771020460582395,-0.4754457815423413
2025-05-17 06:00:00+00:00,short,2494.57,2569.032709068763,2047.7937455874232,6.0,74.46270906876282,-0.2457636342924422,tif,3.695541076082586,-0.18085159724416577
2025-05-17 20:15:00+00:00,short,2472.95,2531.0128859164993,2124.572684501004,6.0,58.062885916499326,-1.076663602398296,stop,4.366989273744445,0.81537741214544
2025-05-19 11:45:00+00:00,short,2416.34,2488.2401589436527,1984.9390463380857,6.0,71.9001589436524,-1.060492383659523,stop,2.7392150851063968,-0.13441537656585337
2025-05-23 13:15:00+00:00,short,2558.55,2670.35522395385,1887.7186562769011,6.0,111.80522395384986,-0.01793646065077788,tif,3.0334897423039577,0.6898588064562745
2025-05-23 20:15:00+00:00,short,2561.13,2632.0523884957493,2135.5956690255057,6.0,70.92238849574906,0.06612814513827729,tif,4.818506641530882,-0.2998898808505295
2025-05-24 02:15:00+00:00,short,2536.79,2614.5235028658462,2070.3889828049214,6.0,77.73350286584642,0.43924146913752043,tif,4.083181489296495,-0.21741930809799012
2025-05-28 00:00:00+00:00,long,2649.39,2586.1261153276123,3028.973308034325,6.0,63.26388467238749,0.39313264003302195,tif,6.651978489453679,-0.3297922747546985
2025-05-28 06:00:00+00:00,long,2623.4,2570.047535565774,2943.514786605357,6.0,53.35246443422618,1.7745736959671392,tif,8.374870865634463,0.04783396878553284
2025-05-29 15:30:00+00:00,long,2648.86,2560.6751021503164,3177.969387098101,6.0,88.1848978496835,-1.054067625140616,stop,4.778142406177454,0.15432739814016078
2025-06-06 17:45:00+00:00,short,2498.4,2565.3108794138184,2096.934723517089,6.0,66.9108794138185,-0.19559031527684456,tif,4.169874950744987,1.066876237164407
2025-06-10 12:15:00+00:00,long,2754.12,2660.6813577847984,3314.751853291208,6.0,93.43864221520141,0.14279514003714294,tif,3.382968678761195,1.1706968865603624
2025-06-13 05:15:00+00:00,short,2511.65,2626.6324318195216,1821.7554090828721,6.0,114.98243181952131,-0.3587588933998922,tif,2.5417796038505887,0.03708787000649249
2025-06-13 11:30:00+00:00,short,2534.5,2610.6302846120293,2077.7182923278247,6.0,76.13028461202924,-0.00515038137579709,tif,4.139088689945736,-1.0611138528863908
2025-06-14 12:30:00+00:00,short,2529.39,2567.873655698998,2298.4880658060124,6.0,38.48365569899792,0.15245687795073082,tif,8.055367775470252,0.2156155243390052
2025-06-16 10:45:00+00:00,long,2616.31,2569.057159261046,2899.827044433724,6.0,47.25284073895399,-1.0996629604983268,stop,2.4387951750168413,-0.8721314125769779
2025-06-20 19:45:00+00:00,short,2413.62,2503.4149439485277,1874.850336308833,6.0,89.7949439485278,0.28125730569503826,tif,2.163039381274478,-0.593060808460076
2025-06-21 08:45:00+00:00,short,2440.39,2473.084128645138,2244.2252281291694,6.0,32.69412864513843,5.86564248132506,target,6.759623490772016,0.525692003887581
2025-06-21 23:45:00+00:00,short,2294.63,2443.047085450083,1404.1274872995014,6.0,148.4170854500831,0.4323603701379937,tif,3.500405619909101,-1.0672635266624972
2025-06-22 10:15:00+00:00,short,2253.46,2327.04969069427,1811.9218558343798,6.0,73.58969069427003,0.07750775884758998,tif,6.500231153128712,0.2212606928497375
2025-06-22 16:15:00+00:00,short,2179.93,2285.2659723554507,1547.9141658672934,6.0,105.33597235545108,-1.0372510350667183,stop,3.843131562254485,0.3906376085396127
2025-06-23 05:45:00+00:00,short,2245.32,2300.245186819881,1915.768879080716,6.0,54.925186819880665,-1.07358329090903,stop,8.560917626770884,-1.5061311171822835
2025-06-23 12:30:00+00:00,short,2258.9,2308.244086312912,1962.835482122531,6.0,49.344086312911514,-1.082401363644994,stop,9.804417026431196,-0.2727147259699038
2025-07-03 07:00:00+00:00,long,2591.76,2544.0530354007747,2878.001787595355,6.0,47.70696459922576,-0.9402226357685312,tif,2.9301801356330395,-1.3168326990479595
2025-07-03 13:15:00+00:00,long,2590.07,2525.7821537403565,2975.797077557863,6.0,64.28784625964379,-1.0725195549586557,stop,2.2007270150036593,-0.8881531584588068
2025-07-10 09:30:00+00:00,long,2776.99,2723.193821032913,3099.7670738025204,6.0,53.796178967086746,4.486590360770203,tif,5.450758876004971,0.5035475397797904
2025-07-10 15:30:00+00:00,long,2764.23,2700.7074659709333,3145.3652041744,6.0,63.522534029066684,3.39020458317135,tif,4.817030754157016,0.6747353916151665
2025-07-17 16:00:00+00:00,long,3406.65,3293.064120746669,4088.1652755199893,6.0,113.58587925333154,1.2655448982298028,tif,2.4166736376427598,-0.3828375401195307
2025-07-23 02:00:00+00:00,short,3745.04,3835.660936482756,3201.3143811034643,6.0,90.62093648275591,1.0267928318938313,tif,3.660743453728554,0.4691902971660965
2025-07-23 08:15:00+00:00,short,3682.18,3762.877592513471,3197.9944449191744,6.0,80.69759251347094,0.6615076650655798,tif,3.331945744913211,-0.23808205340720592
2025-07-24 17:00:00+00:00,short,3710.0,3856.4667150348405,2831.199709790956,6.0,146.46671503484066,0.42768761479425027,tif,2.0257162177046335,-0.8424880956707151
2025-07-24 23:30:00+00:00,short,3713.06,3814.549903807171,3104.120577156973,6.0,101.48990380717117,-0.13591014950814734,tif,2.953594286280317,-0.719944599097565
2025-07-25 18:15:00+00:00,short,3648.28,3758.0302991579583,2989.778205052251,6.0,109.75029915795815,-1.0598349530742377,stop,2.1410419999111343,-1.4012936398967097
2025-07-28 09:30:00+00:00,long,3876.83,3798.959836294179,4344.050982234927,6.0,77.87016370582108,-1.0896144770718954,stop,2.1733612971375957,-0.8342732843508125
2025-08-13 05:00:00+00:00,long,4662.99,4538.793818864223,5408.167086814658,6.0,124.1961811357765,0.5356575169350044,tif,,0.40070935105355787
2025-08-13 11:15:00+00:00,long,4676.81,4563.877178692747,5354.406927843516,6.0,112.93282130725274,0.20093133012468511,tif,,0.10477474702471393
2025-08-13 17:30:00+00:00,long,4711.02,4546.528646278151,5697.968122331095,6.0,164.49135372184912,-1.051551864630764,stop,,0.06558318215955282
2025-08-13 23:30:00+00:00,long,4765.99,4604.153637059975,5737.0081776401485,6.0,161.8363629400248,-1.0530089891057368,stop,,0.5235059486771609
2025-08-14 07:00:00+00:00,long,4734.11,4607.977945553245,5490.902326680523,6.0,126.13205444675404,-1.0675593372150902,stop,,0.6550586540058873
2025-08-25 14:15:00+00:00,long,4646.7,4480.850075326691,5641.799548039852,6.0,165.84992467330878,-1.0504314971289603,stop,,-1.523833881033529
2025-09-12 06:00:00+00:00,long,4545.93,4468.864606999536,5008.322358002786,6.0,77.06539300046435,2.2409192930341577,tif,,0.5516098887837624
2025-09-12 20:00:00+00:00,long,4640.51,4548.9470621624605,5189.887627025237,6.0,91.56293783753941,0.06942854991480767,tif,,2.597542854672369
2025-09-13 04:00:00+00:00,long,4736.88,4639.954105888423,5318.4353646694635,6.0,96.92589411157718,-1.0879680716711715,stop,,1.4676505589126507
2025-09-29 02:30:00+00:00,long,4107.29,4030.019412399235,4570.913525604588,6.0,77.27058760076469,1.1258731258714978,tif,6.206630684341451,0.3366846963286682
2025-09-29 15:00:00+00:00,long,4181.31,4084.372890743938,4762.932655536373,6.0,96.93710925606206,-0.7514806100476439,tif,4.183846651839755,1.6929379924872845
2025-10-01 10:00:00+00:00,long,4287.76,4178.512584874374,4943.244490753761,6.0,109.24741512562679,0.7965591854043468,tif,2.7380052851230676,0.3913620282200785
2025-10-02 00:30:00+00:00,long,4336.06,4244.804359288418,4883.593844269498,6.0,91.25564071158291,1.3482464321176215,tif,2.7485424248209083,1.1657679017360718
2025-10-10 05:15:00+00:00,short,4353.72,4445.002467838028,3806.0251929718374,6.0,91.28246783802716,5.9141489468283694,target,2.3845761968906958,-0.9108358235596749
2025-10-10 13:00:00+00:00,short,4352.09,4420.873861078551,3939.386833528693,6.0,68.78386107855123,5.886110464327468,target,3.140853052044899,-0.8228800235483973
2025-10-11 21:15:00+00:00,short,3721.97,3895.0668363493714,2683.38898190377,6.0,173.09683634937164,-1.038704034928044,stop,2.7474216746522653,0.11057721679190773
2025-11-04 03:00:00+00:00,short,3645.29,3761.552906808478,2947.7125591491326,6.0,116.26290680847788,2.779033200436371,tif,3.430930904360572,-1.941153562241627
2025-11-04 11:00:00+00:00,short,3510.54,3633.6890211080267,2771.645873351839,6.0,123.14902110802684,1.716708960394816,tif,2.1448810361902524,-0.6393899347603522
2025-11-04 21:45:00+00:00,short,3213.77,3476.486516737091,1637.4708995774536,6.0,262.71651673709107,-1.022019118066295,stop,2.5122516398940125,-1.5919963345311234
2025-11-14 10:15:00+00:00,short,3183.01,3326.1044618900455,2324.4432286597275,6.0,143.0944618900454,0.13704640795301376,tif,4.397444818538954,0.24486010736298366
2025-11-15 00:00:00+00:00,short,3142.18,3306.798316006293,2154.47010396224,6.0,164.6183160062933,-0.13550086370186987,tif,3.574450366613546,-0.6497152288461802
2025-11-20 01:30:00+00:00,short,3039.66,3154.722402425518,2349.2855854468926,6.0,115.0624024255179,1.4415535266384658,tif,4.222925905919025,0.3279084736727697
2025-11-21 00:30:00+00:00,short,2860.24,2987.3173967997936,2097.7756192012357,6.0,127.07739679979397,0.678103031460111,tif,2.4117585638211345,-1.0384951406275054
2025-11-21 06:45:00+00:00,short,2788.85,2901.366046469646,2113.7537211821254,6.0,112.51604646964579,0.16948755842700491,tif,2.089390868025402,1.468621709960987
2025-11-22 04:45:00+00:00,short,2746.4,2833.534363262706,2223.5938204237655,6.0,87.13436326270576,-1.0567344479823144,stop,2.2108384429137318,-1.083102600726672
2025-12-01 23:15:00+00:00,short,2811.52,2897.8374747836747,2293.6151512979513,6.0,86.31747478367474,-1.0586293333149859,stop,2.9861855973658535,0.06963428468863198
2025-12-02 06:30:00+00:00,short,2810.51,2863.643078446046,2491.7115293237257,6.0,53.13307844604574,-1.0952122133321707,stop,4.832206367653215,-0.15554659903819917
2025-12-02 13:00:00+00:00,short,2827.08,2877.9979585554347,2521.572248667392,6.0,50.91795855543464,-1.0999400632776746,stop,5.367850710323252,-0.7299710406439488
2025-12-02 20:00:00+00:00,long,3003.09,2915.8501665956433,3526.529000426141,6.0,87.23983340435682,1.3198608193840193,tif,2.6186432399650923,1.1512352003769901
2025-12-03 02:30:00+00:00,long,3028.85,2954.528174870386,3474.780950777683,6.0,74.32182512961384,2.5066401380093226,tif,2.7271935215062064,-0.05624991022561017
2025-12-04 04:30:00+00:00,long,3196.8,3112.0438402303052,3705.33695861817,6.0,84.75615976969492,-1.0678917026872834,stop,6.047230093868196,-0.5146341412745359
2025-12-04 11:30:00+00:00,long,3180.72,3117.735963387372,3558.6242196757676,6.0,62.98403661262796,-1.0909007473625767,stop,8.392920308540766,1.5207617732417622
2025-12-04 18:30:00+00:00,long,3137.33,3022.853824688799,3824.1870518672067,6.0,114.47617531120116,-1.0493307361522883,stop,4.99676022932285,-0.08756765722893513
2025-12-16 13:15:00+00:00,short,2963.99,3030.4529155867704,2565.2125064793763,6.0,66.4629155867706,0.4988468788540361,tif,2.088382653312726,-0.2809216156606362
2026-01-02 19:30:00+00:00,long,3123.66,3038.4751425496756,3634.7691447019442,6.0,85.18485745032406,-0.19337460310485316,tif,2.376361316540892,-0.43060524285463875
2026-01-03 02:00:00+00:00,long,3120.2,3074.0027992257124,3397.3832046457246,6.0,46.197200774287495,0.32239269372116897,tif,4.456763538681653,-0.280746685921356
2026-01-05 09:00:00+00:00,long,3153.51,3104.4683487699676,3447.759907380197,6.0,49.041651230032784,1.2692003723129535,tif,3.5190495358833487,-0.7435255945868355
2026-01-05 15:00:00+00:00,long,3161.08,3091.8336419419006,3576.5581483485953,6.0,69.2463580580992,1.6299782279567614,tif,2.3829412062588653,-0.5082932883418172
2026-01-14 01:30:00+00:00,long,3328.44,3232.196979221725,3905.8981246696494,6.0,96.24302077827487,-0.07856353571257571,tif,3.9576895749928647,-1.835915245838467
2026-01-14 08:30:00+00:00,long,3326.68,3274.3037790730714,3640.9373255615706,6.0,52.37622092692844,-0.12158234953384411,tif,7.3059872061762565,1.3840740229451391
2026-01-14 15:30:00+00:00,long,3334.32,3254.3411772526388,3814.192936484168,6.0,79.9788227473613,-0.19082271376023402,tif,4.688991249403865,0.01271952883964217
2026-01-14 21:45:00+00:00,long,3371.22,3264.8631010911054,4009.3613934533655,6.0,106.35689890889431,-0.7472782378516052,tif,3.1791073589841607,-0.08080373812000474
2026-01-19 07:45:00+00:00,short,3205.74,3255.0505325404242,2909.876804757452,6.0,49.31053254042459,1.5913368596388744,tif,2.05716699402586,-1.4118698140459565
2026-01-27 06:30:00+00:00,long,2923.82,2880.1724687332917,3185.7051876002515,6.0,43.647531266708526,1.7384058570541414,tif,4.170224402561638,-0.5094888353100728
2026-01-30 14:00:00+00:00,short,2735.4,2811.498371818618,2278.809769088293,6.0,76.09837181861789,1.5878957343268276,tif,2.386910464167916,0.050478582131645855
2026-01-31 19:00:00+00:00,short,2413.75,2648.947257727874,1002.5664536327579,6.0,235.19725772787368,0.2966669368259845,tif,2.7153377814418014,-0.06451805424261596
2026-02-01 07:30:00+00:00,short,2430.0,2516.313852840383,1912.1168829577018,6.0,86.31385284038303,2.209332496750517,tif,7.58731047739305,1.8279739138419266
2026-02-01 20:30:00+00:00,short,2333.03,2467.9115775035884,1523.7405349784713,6.0,134.88157750358818,0.08926753543996718,tif,4.136369178994502,1.7775172690098606
2026-02-02 18:30:00+00:00,short,2344.47,2460.659147797328,1647.3351132160315,6.0,116.18914779732806,1.8476764660884837,tif,4.9002855326312424,-0.6559118149295147
2026-02-03 03:15:00+00:00,short,2313.56,2396.4188925027966,1816.4066449832194,6.0,82.85889250279675,0.5184186114791481,tif,6.498397259917826,-2.8249744339427725
2026-02-03 19:00:00+00:00,short,2178.03,2332.211219481434,1252.9426831113972,6.0,154.18121948143383,-1.0254275716146612,stop,2.613288449495751,-0.6915054849162111
2026-02-06 09:00:00+00:00,short,1885.33,2002.19893135545,1184.1164118672993,6.0,116.86893135545009,-1.029037606151104,stop,3.0985993950659347,0.0671858414315451
2026-02-06 15:30:00+00:00,short,1986.59,2090.781101377755,1361.44339173347,6.0,104.19110137775499,-1.0343202245941856,stop,4.4475007354028655,-0.7390331586389282
2026-02-06 22:15:00+00:00,short,2063.72,2167.772847629269,1439.4029142243835,6.0,104.0528476292694,-0.36831953063454304,tif,5.19466802029121,-0.9090812232401264
2026-03-16 07:30:00+00:00,long,2252.59,2181.3226688953464,2680.1939866279226,6.0,71.2673311046537,1.0291579165816445,tif,5.172075259261821,-2.225915781021486
2026-03-16 19:30:00+00:00,long,2333.46,2247.113072978181,2851.541562130914,6.0,86.346927021819,-0.15183201594061396,tif,3.33225523969479,-0.9575346262436444
2026-03-17 01:45:00+00:00,long,2359.83,2264.250822378631,2933.305065728214,6.0,95.57917762136896,-0.42130195092824485,tif,2.7344868045984003,-0.8463627284921103
2026-03-17 15:15:00+00:00,long,2322.29,2249.3454005267777,2759.957596839333,6.0,72.94459947322218,-1.0573054349490894,stop,4.097630285977863,1.3119109934748725
2026-03-22 01:45:00+00:00,short,2089.99,2144.87326518258,1760.6904089045204,6.0,54.883265182579905,0.72167750712783,tif,2.637415968573674,-0.4127556917476298
2026-03-23 15:15:00+00:00,long,2163.57,2067.4076741776894,2740.5439549338644,6.0,96.16232582231072,-0.30671498164988575,tif,4.758828325820578,0.7340633801142951
2026-03-24 00:15:00+00:00,long,2141.38,2089.780801771741,2450.9751893695548,6.0,51.599198228259134,0.16852037044322693,tif,9.298787897390705,0.1214188518830652
2026-04-08 00:45:00+00:00,long,2235.33,2143.799088683089,2784.5154679014654,6.0,91.5309113169109,-0.6264942976636256,tif,4.2156250216281865,-0.4202703636761176
2026-04-11 19:45:00+00:00,long,2315.24,2260.8520329421412,2641.567802347151,6.0,54.387967057858575,-1.0766241546694804,stop,5.625325169343561,-0.5149934081185474
2026-04-19 12:00:00+00:00,short,2331.68,2367.1250713633967,2119.0095718196176,6.0,35.44507136339707,0.45769342184912454,tif,2.7120836918181483,-0.3702247754297958
2026-04-27 23:30:00+00:00,short,2298.0,2324.7785672032924,2137.3285967802462,6.0,26.778567203292276,0.29402618669725555,tif,2.3320889249191024,1.4565196142506873
2026-05-06 14:30:00+00:00,long,2368.68,2311.6255315391686,2711.006810764987,6.0,57.05446846083126,-1.0747290109788161,stop,4.425770790825124,1.335368964568366
2026-05-08 07:45:00+00:00,short,2279.88,2309.794511771643,2100.3929293701412,6.0,29.91451177164315,-1.1371837197720853,stop,6.157546591638139,0.9094073074167899
2026-05-10 23:45:00+00:00,long,2370.21,2313.731753285246,2709.0794802885234,6.0,56.47824671475392,-1.075540199070758,stop,4.443834831976751,0.7052301437580495
2026-05-11 13:30:00+00:00,long,2324.72,2291.584529097019,2523.5328254178844,6.0,33.135470902980785,-1.126284488675349,stop,8.94720949848733,-0.9798108514105455
2026-05-16 18:45:00+00:00,short,2180.59,2204.1861092479116,2039.0133445125314,6.0,23.596109247911464,-0.46300268765567776,tif,3.5984746090085107,-1.2957983416445151
2026-05-23 08:45:00+00:00,short,2029.33,2067.0991137203278,1802.7153176780337,6.0,37.7691137203277,-1.0967137864830052,stop,5.628673248045583,0.892236391585489
2026-05-23 23:30:00+00:00,short,2118.35,2168.9239752490134,1814.9061485059174,6.0,50.57397524901375,0.18462005318006267,tif,5.963739225855726,-0.6977436397572335
2026-05-24 06:30:00+00:00,short,2120.11,2144.3935400494643,1974.4087597032153,6.0,24.28354004946414,0.44201965521238096,tif,12.492824332121812,-0.6800852112953368
2026-06-03 14:45:00+00:00,short,1857.96,1903.307169392871,1585.8769836427746,6.0,45.3471693928709,1.7850214927136236,tif,7.382158676758071,-1.0285447862189891
2026-06-04 06:00:00+00:00,short,1789.87,1867.0878672874746,1326.5627962751516,6.0,77.21786728747472,1.5017021069527658,tif,3.4534753337231265,-0.0785981285761011
2026-06-04 19:15:00+00:00,short,1784.04,1846.3345323369654,1410.272805978207,6.0,62.2945323369655,3.5495687936770706,tif,4.187205364815265,-0.622439296420568
2026-06-05 13:00:00+00:00,short,1666.05,1735.8485404117373,1247.2587575295756,6.0,69.79854041173739,1.3709614762074385,tif,2.0466044011427225,-4.619774749998907
2026-06-15 17:00:00+00:00,long,1831.41,1779.6331481451346,2142.0711111291926,6.0,51.77685185486542,-1.0636681814730753,stop,2.72496289259699,0.22424480622406312
2026-06-16 13:00:00+00:00,long,1802.02,1749.3012572945213,2118.3324562328726,6.0,52.718742705478796,-1.061527188122087,stop,3.233764525690839,-0.03463611413501306
2026-06-16 19:45:00+00:00,long,1794.63,1746.707754583466,2082.1634724992045,6.0,47.92224541653404,-1.0674078180586553,stop,3.711637433805043,-1.0064811650956582
2026-06-17 07:45:00+00:00,long,1784.4,1751.6179103470993,1981.0925379174055,6.0,32.782089652900915,-1.0979778907936604,stop,5.737889255737387,-0.9884076839794318
2026-06-24 18:15:00+00:00,short,1577.3,1649.8726373636348,1141.8641758181907,6.0,72.57263736363487,-1.0391213562457993,stop,4.595533690320551,1.2849090750049852
2026-07-14 22:00:00+00:00,long,1871.93,1844.1972402363754,2038.3265585817487,6.0,27.732759763624774,1.5909172536759209,tif,3.6263971150794356,0.7006035626746685
2026-07-15 05:00:00+00:00,long,1871.69,1842.7924296356737,2045.075422185958,6.0,28.897570364326313,1.5769823353819679,tif,3.488528576244895,1.6552662587360647
2026-07-16 06:30:00+00:00,long,1918.53,1891.7744101123546,2079.0635393258717,6.0,26.755589887645307,-1.1290703742470896,stop,2.0171485744338336,-0.35768174154943233
2026-08-02 00:00:00+00:00,short,1846.82,1866.9421069376392,1726.0873583741645,6.0,20.122106937639217,-1.1652051651600095,stop,2.418732797257957,-1.1490121651275877
2026-08-02 14:15:00+00:00,short,1856.4,1877.021262294242,1732.6724262345488,6.0,20.621262294241873,-1.1620424565829355,stop,2.824754332147033,0.3396362046691908
2026-08-10 18:00:00+00:00,short,1870.8,1899.9562071415405,1695.8627571507568,6.0,29.15620714154054,0.14173860063273122,tif,2.4917507152873526,0.4185130907035878
2026-08-20 11:45:00+00:00,long,2295.6,2222.7641464603435,2732.615121237939,6.0,72.83585353965654,0.9705099420783626,tif,4.470188570286033,-0.29914746246404367
2026-08-20 18:00:00+00:00,long,2330.36,2244.033673299723,2848.317960201664,6.0,86.32632670027732,1.0071707591807049,tif,3.368960676500853,-0.16613912222309418
2026-08-21 13:15:00+00:00,long,2386.01,2296.3877032387104,2923.743780567738,6.0,89.62229676128965,0.3961646072803548,tif,2.624123778331695,-0.09487721484202406
2026-08-21 19:45:00+00:00,long,2412.41,2340.3463443252413,2844.791934048552,6.0,72.06365567475865,0.2973435332882417,tif,2.8971608232349007,-0.4744853653730376
2026-08-22 08:30:00+00:00,long,2424.01,2327.1368885973766,3005.248668415743,6.0,96.87311140262382,-0.09293825572073526,tif,2.035446133039753,0.7097769354478102
2026-08-22 16:45:00+00:00,long,2421.89,2371.6204163198868,2723.507502080679,6.0,50.26958368011321,-1.086720471522912,stop,3.964624041214088,1.6753915500509406
2026-08-23 06:15:00+00:00,short,2389.86,2453.3746261790443,2008.7722429257342,6.0,63.51462617904434,-1.0677284628563102,stop,7.551174097254467,0.681329604526829
2026-08-23 13:00:00+00:00,short,2431.53,2476.736059642193,2160.293642146844,6.0,45.20605964219275,-1.0968178610266484,stop,11.531197457286618,11.510280276548357
2026-08-28 23:45:00+00:00,short,2441.9,2481.5460866242847,2204.0234802542927,6.0,39.64608662428455,-0.47912471614196045,tif,13.409898561699322,-0.4294965393382224
2026-08-29 14:30:00+00:00,short,2443.5,2460.9869631494903,2338.578221103058,6.0,17.48696314949038,-1.251518800743175,stop,30.494145578132613,-0.3018625780233282
2026-08-31 00:15:00+00:00,short,2429.42,2509.956393669305,1946.2016379841718,6.0,80.5363936693047,-0.6110648088127264,tif,6.446402382155266,0.21091613441266224
