asset,threshold,entry_ts,entry_iso,entry_date,bar_day_str,exit_ts,exit_iso,hold_hours_scheduled,hold_hours_actual,pdo,today_open,gap_pct,btc_30d_pct,entry_price,exit_price,gross_bp,net_bp,in_band,config
BTC,-10.0,1580468400,2020-01-31T11:00:00Z,2020-01-31,2020-01-31,1580518800,2020-02-01T01:00:00Z,24,14.0,9301.57,9511.52,2.2571458366705914,29.749652874201605,9344.57,9383.07,41.200397664098446,23.200397664098446,False,m10
BTC,-10.0,1581314400,2020-02-10T06:00:00Z,2020-02-10,2020-02-10,1581382800,2020-02-11T01:00:00Z,24,19.0,9895.04,10151.72,2.59402690640966,21.677732541093416,9835.71,9779.69,-56.955725616146815,-74.95572561614682,False,m10
BTC,-10.0,1582149600,2020-02-19T22:00:00Z,2020-02-19,2020-02-19,1582160400,2020-02-20T01:00:00Z,24,3.0,9706.0,10164.78,4.726766948279422,10.617571404249043,9615.72,9626.38,11.08601331985426,-6.91398668014574,False,m10
BTC,-10.0,1582513200,2020-02-24T03:00:00Z,2020-02-24,2020-02-24,1582592400,2020-02-25T01:00:00Z,24,22.0,9650.85,9936.4,2.9588067372303914,17.007700743648478,9741.09,9616.74,-127.6551186776842,-145.6551186776842,False,m10
BTC,-10.0,1589511600,2020-05-15T03:00:00Z,2020-05-15,2020-05-15,1589590800,2020-05-16T01:00:00Z,24,22.0,9309.35,9791.97,5.184250243035217,37.71691021752693,9490.21,9396.01,-99.26018496956179,-117.26018496956179,False,m10
BTC,-10.0,1590508800,2020-05-26T16:00:00Z,2020-05-26,2020-05-26,1590541200,2020-05-27T01:00:00Z,24,9.0,8718.14,8900.35,2.0900100250741667,15.660549157655193,8726.6,8886.87,183.65686521669477,165.65686521669477,False,m10
BTC,-10.0,1590962400,2020-05-31T22:00:00Z,2020-05-31,2020-05-31,1590973200,2020-06-01T01:00:00Z,24,3.0,9426.6,9697.72,2.8761165213332376,7.062784705364929,9469.35,9498.31,30.582880556742076,12.582880556742076,False,m10
BTC,-10.0,1591110000,2020-06-02T15:00:00Z,2020-06-02,2020-06-02,1591146000,2020-06-03T01:00:00Z,24,10.0,9448.27,10202.71,7.984953859277928,9.288932486226905,9581.47,9527.2,-56.64057811588297,-74.64057811588296,False,m10
BTC,-10.0,1596344400,2020-08-02T05:00:00Z,2020-08-02,2020-08-02,1596416400,2020-08-03T01:00:00Z,24,20.0,11335.46,11801.17,4.108434946618849,22.810138523464563,11169.84,11135.3,-30.922555739384407,-48.92255573938441,False,m10
BTC,-10.0,1597762800,2020-08-18T15:00:00Z,2020-08-18,2020-08-18,1597798800,2020-08-19T01:00:00Z,24,10.0,11910.99,12281.15,3.1077181661641884,30.77393142268901,11941.36,11985.88,37.282185613698445,19.282185613698445,False,m10
BTC,-10.0,1599037200,2020-09-02T09:00:00Z,2020-09-02,2020-09-02,1599094800,2020-09-03T01:00:00Z,24,16.0,11649.51,11921.97,2.3388108169356405,4.662610021385412,11711.61,11410.34,-257.24046480372965,-275.24046480372965,False,m10
BTC,-10.0,1603897200,2020-10-28T15:00:00Z,2020-10-28,2020-10-28,1603933200,2020-10-29T01:00:00Z,24,10.0,13052.15,13636.16,4.47443524630042,20.331902834082648,13069.26,13245.17,134.5982863605122,116.59828636051219,False,m10
BTC,-10.0,1604476800,2020-11-04T08:00:00Z,2020-11-04,2020-11-04,1604538000,2020-11-05T01:00:00Z,24,17.0,13549.63,14023.53,3.4975124782005227,27.269936956723136,13600.46,14105.09,371.0389207423881,353.0389207423881,False,m10
BTC,-10.0,1604941200,2020-11-09T17:00:00Z,2020-11-09,2020-11-09,1604970000,2020-11-10T01:00:00Z,24,8.0,14818.3,15475.1,4.432357287948017,33.321864118030575,15111.62,15300.0,124.65903721771588,106.65903721771588,False,m10
BTC,-10.0,1606831200,2020-12-01T14:00:00Z,2020-12-01,2020-12-01,1606870800,2020-12-02T01:00:00Z,24,11.0,18185.0,19695.87,8.308331042067632,36.0016674218396,18759.73,18836.51,40.92809438088763,22.92809438088763,False,m10
BTC,-10.0,1608440400,2020-12-20T05:00:00Z,2020-12-20,2020-12-20,1608512400,2020-12-21T01:00:00Z,24,20.0,23107.39,23821.6,3.0908293840195675,28.75411037994942,23426.54,23679.55,108.00143768563197,90.00143768563197,False,m10
BTC,-10.0,1608764400,2020-12-23T23:00:00Z,2020-12-23,2020-12-23,1608771600,2020-12-24T01:00:00Z,24,2.0,22719.88,23810.79,4.801565853340774,26.478548195289882,23291.91,23067.41,-96.38539733323736,-114.38539733323736,False,m10
BTC,-10.0,1609218000,2020-12-29T05:00:00Z,2020-12-29,2020-12-29,1609290000,2020-12-30T01:00:00Z,24,20.0,26281.54,27079.42,3.0358951568286994,49.11681585317795,26487.62,27630.74,431.5676531149282,413.5676531149282,False,m10
BTC,-10.0,1609747200,2021-01-04T08:00:00Z,2021-01-04,2021-01-04,1609808400,2021-01-05T01:00:00Z,24,17.0,32176.45,33000.05,2.5596360070797184,69.57492632715554,32068.84,32430.49,112.77302203634542,94.77302203634542,False,m10
BTC,-10.0,1610074800,2021-01-08T03:00:00Z,2021-01-08,2021-01-08,1610154000,2021-01-09T01:00:00Z,24,22.0,36769.36,39432.48,7.2427695233205105,103.39007712925988,37181.74,40283.56,834.2320719794171,816.2320719794171,False,m10
BTC,-10.0,1610172000,2021-01-09T06:00:00Z,2021-01-09,2021-01-09,1610240400,2021-01-10T01:00:00Z,24,19.0,39432.48,40586.96,2.9277387574912757,113.88296665046482,39295.37,40581.48,327.293011873917,309.293011873917,False,m10
BTC,-10.0,1610715600,2021-01-15T13:00:00Z,2021-01-15,2021-01-15,1610758800,2021-01-16T01:00:00Z,24,12.0,37371.38,39145.21,4.746493172047705,91.11973449119834,37770.63,37159.51,-161.79767189480222,-179.79767189480222,False,m10
BTC,-10.0,1611100800,2021-01-20T00:00:00Z,2021-01-20,2021-01-19,1611104400,2021-01-20T01:00:00Z,24,1.0,35824.99,36622.46,2.226015973765802,53.019374543817385,35891.49,36314.04,117.72985741188347,99.72985741188347,False,m10
BTC,-10.0,1611979200,2021-01-30T04:00:00Z,2021-01-30,2021-01-30,1612054800,2021-01-31T01:00:00Z,24,21.0,33368.18,34246.28,2.631548978697665,14.640848952590963,33273.36,34066.84,238.47306073086605,220.47306073086605,False,m10
BTC,-10.0,1612674000,2021-02-07T05:00:00Z,2021-02-07,2021-02-07,1612746000,2021-02-08T01:00:00Z,24,20.0,38289.32,39181.01,2.3288217184321955,-0.9204549803821784,38312.99,38725.4,107.6423427145734,89.6423427145734,False,m10
BTC,-10.0,1613358000,2021-02-15T03:00:00Z,2021-02-15,2021-02-15,1613437200,2021-02-16T01:00:00Z,24,22.0,47156.78,48580.47,3.019056856723471,29.398630926960763,46874.02,47669.02,169.60354584479865,151.60354584479865,False,m10
BTC,-10.0,1613962800,2021-02-22T03:00:00Z,2021-02-22,2021-02-22,1614042000,2021-02-23T01:00:00Z,24,22.0,55841.19,57412.35,2.8136219876402997,76.26122382167506,56855.12,53440.66,-600.5545322919025,-618.5545322919025,False,m10
BTC,-10.0,1614880800,2021-03-04T18:00:00Z,2021-03-04,2021-03-04,1614906000,2021-03-05T01:00:00Z,24,7.0,48436.61,50349.37,3.9489964305924836,39.18514771399886,48508.07,46829.84,-345.9692376959145,-363.9692376959145,False,m10
BTC,-10.0,1615546800,2021-03-12T11:00:00Z,2021-03-12,2021-03-12,1615597200,2021-03-13T01:00:00Z,24,14.0,55851.59,57773.15,3.440475016020144,21.629344263595872,56715.97,56689.35,-4.693563382589527,-22.693563382589527,False,m10
BTC,-10.0,1615950000,2021-03-17T03:00:00Z,2021-03-17,2021-03-17,1616029200,2021-03-18T01:00:00Z,24,22.0,55605.2,56900.74,2.3298900102868094,18.99489311989884,55777.69,58927.54,564.7150321212657,546.7150321212657,False,m10
BTC,-10.0,1617602400,2021-04-05T06:00:00Z,2021-04-05,2021-04-05,1617670800,2021-04-06T01:00:00Z,24,19.0,57051.95,58202.01,2.015811904764,17.323328717171705,56897.45,59356.23,432.1423895095489,414.1423895095489,False,m10
BTC,-10.0,1620565200,2021-05-09T13:00:00Z,2021-05-09,2021-05-09,1620608400,2021-05-10T01:00:00Z,24,12.0,57315.49,58866.53,2.7061445344007367,-3.5393197545884783,56433.53,58858.6,429.7214794112647,411.7214794112647,False,m10
BTC,-10.0,1625043600,2021-06-30T09:00:00Z,2021-06-30,2021-06-30,1625101200,2021-07-01T01:00:00Z,24,16.0,34494.89,35911.72,4.107361988978663,-4.233525071226881,34591.32,34727.83,39.46365735681745,21.46365735681745,False,m10
BTC,-10.0,1626091200,2021-07-12T12:00:00Z,2021-07-12,2021-07-12,1626138000,2021-07-13T01:00:00Z,24,13.0,33502.87,34259.0,2.2569111243305344,-5.805875263718258,33530.0,33059.99,-140.17596182523184,-158.17596182523184,False,m10
BTC,-10.0,1628157600,2021-08-05T10:00:00Z,2021-08-05,2021-08-05,1628211600,2021-08-06T01:00:00Z,24,15.0,38207.04,39723.17,3.968195390168925,11.214528121396693,38040.44,40061.99,531.4212979660571,513.4212979660571,False,m10
BTC,-10.0,1629954000,2021-08-26T05:00:00Z,2021-08-26,2021-08-26,1630026000,2021-08-27T01:00:00Z,24,20.0,47674.01,48973.32,2.725405309937212,29.584962930167574,47884.08,47249.2,-132.5868639430905,-150.5868639430905,False,m10
BTC,-10.0,1631826000,2021-09-16T21:00:00Z,2021-09-16,2021-09-16,1631840400,2021-09-17T01:00:00Z,24,4.0,47103.28,48121.4,2.161463065841705,4.7725716632432595,47146.62,47499.99,74.95129025155921,56.951290251559215,False,m10
BTC,-10.0,1632052800,2021-09-19T12:00:00Z,2021-09-19,2021-09-19,1632099600,2021-09-20T01:00:00Z,24,13.0,47299.98,48292.75,2.0988803800762637,0.8639594700520195,47327.73,46977.98,-73.89959332509744,-91.89959332509744,False,m10
BTC,-10.0,1634072400,2021-10-12T21:00:00Z,2021-10-12,2021-10-12,1634086800,2021-10-13T01:00:00Z,24,4.0,54659.01,57471.35,5.14524503828371,22.774081247090656,55361.08,56459.81,198.46614264028116,180.46614264028116,False,m10
BTC,-10.0,1634785200,2021-10-21T03:00:00Z,2021-10-21,2021-10-21,1634864400,2021-10-22T01:00:00Z,24,22.0,64280.59,66001.4,2.6770289445071955,51.37571095571095,64940.18,62789.22,-331.2217490003877,-349.2217490003877,False,m10
BTC,-10.0,1635285600,2021-10-26T22:00:00Z,2021-10-26,2021-10-26,1635296400,2021-10-27T01:00:00Z,24,3.0,60852.22,63078.78,3.658962647541861,39.58943978602461,60810.59,60685.25,-20.611541509463205,-38.61154150946321,False,m10
BTC,-10.0,1635966000,2021-11-03T19:00:00Z,2021-11-03,2021-11-03,1635987600,2021-11-04T01:00:00Z,24,6.0,60911.12,63220.57,3.791508020210426,28.044608459386026,63149.04,62829.56,-50.591426251294095,-68.5914262512941,False,m10
BTC,-10.0,1637722800,2021-11-24T03:00:00Z,2021-11-24,2021-11-24,1637802000,2021-11-25T01:00:00Z,24,22.0,56243.83,57541.26,2.306795252030312,-9.193756863879388,56258.79,58008.06,310.9327449097288,292.9327449097288,True,m10
BTC,-10.0,1637913600,2021-11-26T08:00:00Z,2021-11-26,2021-11-26,1637974800,2021-11-27T01:00:00Z,24,17.0,57138.29,58960.37,3.188894872422681,-4.99094827967272,56957.86,54082.72,-504.783712028507,-522.783712028507,False,m10
BTC,-10.0,1642096800,2022-01-13T18:00:00Z,2022-01-13,2022-01-13,1642122000,2022-01-14T01:00:00Z,24,7.0,42729.29,43902.65,2.7460320543589667,-8.150460200896434,42822.12,42750.66,-16.687637137068336,-34.687637137068336,True,m10
BTC,-10.0,1645660800,2022-02-24T00:00:00Z,2022-02-24,2022-02-23,1645664400,2022-02-24T01:00:00Z,24,1.0,37008.16,38230.33,3.3024338416176273,1.6084407268343142,37250.01,36755.82,-132.66842076015584,-150.66842076015584,False,m10
BTC,-10.0,1649952000,2022-04-14T16:00:00Z,2022-04-14,2022-04-14,1649984400,2022-04-15T01:00:00Z,24,9.0,40074.95,41147.78,2.6770588609592822,2.4269096301596815,39964.02,39859.99,-26.030914807869678,-44.03091480786968,False,m10
BTC,-10.0,1660046400,2022-08-09T12:00:00Z,2022-08-09,2022-08-09,1660093200,2022-08-10T01:00:00Z,24,13.0,23174.39,23810.98,2.74695472027527,9.210847513642005,23263.92,22771.87,-211.50777684930122,-229.50777684930122,False,m10
BTC,-10.0,1664305200,2022-09-27T19:00:00Z,2022-09-27,2022-09-27,1664326800,2022-09-28T01:00:00Z,24,6.0,18809.13,19226.68,2.219932554030937,-4.348712546617619,19140.98,19096.83,-23.065694650952207,-41.06569465095221,False,m10
BTC,-10.0,1675080000,2023-01-30T12:00:00Z,2023-01-30,2023-01-30,1675126800,2023-01-31T01:00:00Z,24,13.0,23021.4,23743.37,3.1360820801515006,39.29655975831691,23077.47,22828.32,-107.96244129014254,-125.96244129014254,False,m10
BTC,-10.0,1675875600,2023-02-08T17:00:00Z,2023-02-08,2023-02-08,1675904400,2023-02-09T01:00:00Z,24,8.0,22762.52,23242.42,2.108290294747672,32.53988956500059,22966.3,22980.64,6.243931325464747,-11.756068674535253,False,m10
BTC,-10.0,1676998800,2023-02-21T17:00:00Z,2023-02-21,2023-02-21,1677027600,2023-02-22T01:00:00Z,24,8.0,24272.51,24843.89,2.3540210715743903,6.941454769826224,24403.27,24412.47,3.7699865632756513,-14.230013436724349,False,m10
BTC,-10.0,1678899600,2023-03-15T17:00:00Z,2023-03-15,2023-03-15,1678928400,2023-03-16T01:00:00Z,24,8.0,24112.27,24670.41,2.314755101863074,12.095233577755707,24104.69,24202.64,40.635245672107075,22.635245672107075,False,m10
BTC,-10.0,1679695200,2023-03-24T22:00:00Z,2023-03-24,2023-03-24,1679706000,2023-03-25T01:00:00Z,24,3.0,27250.97,28295.42,3.832707606371432,14.844988418928503,27335.14,27556.35,80.92513885057828,62.92513885057828,False,m10
BTC,-10.0,1681894800,2023-04-19T09:00:00Z,2023-04-19,2023-04-19,1681952400,2023-04-20T01:00:00Z,24,16.0,29430.27,30380.01,3.2270855822933258,3.0183814634887263,29168.47,28920.01,-85.18101909356312,-103.18101909356312,False,m10
BTC,-10.0,1682542800,2023-04-26T21:00:00Z,2023-04-26,2023-04-26,1682557200,2023-04-27T01:00:00Z,24,4.0,27510.93,28300.8,2.8711134083798653,5.06418467199924,28413.39,29225.54,285.8335453812444,267.8335453812444,False,m10
BTC,-10.0,1683381600,2023-05-06T14:00:00Z,2023-05-06,2023-05-06,1683421200,2023-05-07T01:00:00Z,24,11.0,28838.16,29505.6,2.314433375777091,3.745559524953427,28935.84,28942.72,2.3776741922820754,-15.622325807717925,False,m10
BTC,-10.0,1689361200,2023-07-14T19:00:00Z,2023-07-14,2023-07-14,1689382800,2023-07-15T01:00:00Z,24,6.0,30380.0,31454.23,3.535977616853191,16.11728792133369,30091.83,30328.76,78.73565682113615,60.735656821136146,False,m10
BTC,-10.0,1698940800,2023-11-02T16:00:00Z,2023-11-02,2023-11-02,1698973200,2023-11-03T01:00:00Z,24,9.0,34639.78,35421.43,2.256509712244135,26.67767416346682,34640.01,34510.29,-37.4480261408705,-55.4480261408705,False,m10
BTC,-10.0,1700164800,2023-11-16T20:00:00Z,2023-11-16,2023-11-16,1700182800,2023-11-17T01:00:00Z,24,5.0,35551.2,37858.2,6.489232430972796,25.965836584963007,35921.01,36368.01,124.43970812624715,106.43970812624715,False,m10
BTC,-10.0,1702562400,2023-12-14T14:00:00Z,2023-12-14,2023-12-14,1702602000,2023-12-15T01:00:00Z,24,11.0,41492.38,42869.03,3.3178381187099935,16.620049825686802,42570.12,42888.99,74.90465143156655,56.90465143156655,False,m10
BTC,-10.0,1703775600,2023-12-28T15:00:00Z,2023-12-28,2023-12-28,1703811600,2023-12-29T01:00:00Z,24,10.0,42508.93,43428.86,2.1640864637148014,14.17450951846745,42664.0,42407.11,-60.21235702231343,-78.21235702231343,False,m10
BTC,-10.0,1704420000,2024-01-05T02:00:00Z,2024-01-05,2024-01-05,1704502800,2024-01-06T01:00:00Z,24,23.0,42845.23,44151.1,3.0478772082679804,-1.1291418526478718,43376.0,44068.8,159.71966064183053,141.71966064183053,False,m10
BTC,-10.0,1707847200,2024-02-13T18:00:00Z,2024-02-13,2024-02-13,1707872400,2024-02-14T01:00:00Z,24,7.0,48300.0,49917.28,3.3484057971014467,13.6617948785373,48844.19,49482.81,130.74635898353338,112.74635898353338,False,m10
BTC,-10.0,1709668800,2024-03-05T20:00:00Z,2024-03-05,2024-03-05,1709686800,2024-03-06T01:00:00Z,24,5.0,63113.97,68245.71,8.130909844524128,44.034023478508054,61410.98,63429.18,328.63829888400977,310.63829888400977,False,m10
BTC,-10.0,1710266400,2024-03-12T18:00:00Z,2024-03-12,2024-03-12,1710291600,2024-03-13T01:00:00Z,24,7.0,68955.88,72078.1,4.5278517219996335,47.213927772715984,71092.55,71410.68,44.74871136286307,26.74871136286307,False,m10
BTC,-10.0,1710424800,2024-03-14T14:00:00Z,2024-03-14,2024-03-14,1710464400,2024-03-15T01:00:00Z,24,11.0,71452.0,73072.4,2.267816156300725,45.13956331017205,71884.81,71910.01,3.505608486689127,-14.494391513310873,False,m10
BTC,-10.0,1711951200,2024-04-01T06:00:00Z,2024-04-01,2024-04-01,1712019600,2024-04-02T01:00:00Z,24,19.0,69582.17,71280.0,2.4400360034761803,11.548667035982477,69167.48,69349.08,26.255112951925064,8.255112951925064,False,m10
BTC,-10.0,1712322000,2024-04-05T13:00:00Z,2024-04-05,2024-04-05,1712365200,2024-04-06T01:00:00Z,24,12.0,65963.27,68487.8,3.8271753356072233,1.4477434228987103,66883.99,67900.57,151.99153040959425,133.99153040959425,False,m10
BTC,-10.0,1712674800,2024-04-09T15:00:00Z,2024-04-09,2024-04-09,1712710800,2024-04-10T01:00:00Z,24,10.0,69360.38,71620.0,3.2577964538256494,0.1275010827198022,69358.32,69138.81,-31.64869045271135,-49.64869045271135,False,m10
BTC,-10.0,1713196800,2024-04-15T16:00:00Z,2024-04-15,2024-04-15,1713229200,2024-04-16T01:00:00Z,24,9.0,63924.52,65661.85,2.717783410810138,-5.581249731303008,64568.81,63254.74,-203.51466907938988,-221.51466907938988,False,m10
BTC,-10.0,1713492000,2024-04-19T02:00:00Z,2024-04-19,2024-04-19,1713574800,2024-04-20T01:00:00Z,24,23.0,61277.38,63470.09,3.5783351050583416,-2.168918695769418,61022.0,63444.51,396.98961030448123,378.98961030448123,False,m10
BTC,-10.0,1715670000,2024-05-14T07:00:00Z,2024-05-14,2024-05-14,1715734800,2024-05-15T01:00:00Z,24,18.0,61484.0,62940.09,2.3682421442976977,-4.0339700132838425,62042.0,61438.35,-97.29699236001422,-115.29699236001422,False,m10
BTC,-10.0,1723647600,2024-08-14T15:00:00Z,2024-08-14,2024-08-14,1723683600,2024-08-15T01:00:00Z,24,10.0,59346.64,60587.16,2.0902952551315526,-5.877102207818461,59502.67,58993.99,-85.48860076363019,-103.48860076363019,False,m10
BTC,-10.0,1729882800,2024-10-25T19:00:00Z,2024-10-25,2024-10-25,1729904400,2024-10-26T01:00:00Z,24,6.0,66668.65,68198.27,2.2943617427381686,5.80197629082414,67026.61,66736.0,-43.35740685676881,-61.35740685676881,False,m10
BTC,-10.0,1731600000,2024-11-14T16:00:00Z,2024-11-14,2024-11-14,1731632400,2024-11-15T01:00:00Z,24,9.0,87952.0,90375.21,2.755150536656365,33.21012692738785,87947.99,87870.27,-8.837041073934682,-26.83704107393468,False,m10
BTC,-10.0,1733439600,2024-12-05T23:00:00Z,2024-12-05,2024-12-05,1733446800,2024-12-06T01:00:00Z,24,2.0,95849.69,98587.32,2.8561699051921865,38.78932091846997,96589.04,97551.99,99.69557622686808,81.69557622686808,False,m10
BTC,-10.0,1736265600,2025-01-07T16:00:00Z,2025-01-07,2025-01-07,1736298000,2025-01-08T01:00:00Z,24,9.0,98363.61,102235.6,3.9364049367443967,-1.961475902646739,97952.26,97268.49,-69.80645469537805,-87.80645469537805,False,m10
BTC,-10.0,1738706400,2025-02-04T22:00:00Z,2025-02-04,2025-02-04,1738717200,2025-02-05T01:00:00Z,24,3.0,97700.59,101328.51,3.7133040854717443,-2.0123045971573443,96514.47,98274.01,182.30841447919533,164.30841447919533,False,m10
BTC,-10.0,1739430000,2025-02-13T07:00:00Z,2025-02-13,2025-02-13,1739494800,2025-02-14T01:00:00Z,24,18.0,95778.21,97870.0,2.183993624437117,1.078353235764732,96056.72,96750.83,72.26043112860792,54.26043112860792,False,m10
BTC,-10.0,1743638400,2025-04-03T00:00:00Z,2025-04-03,2025-04-02,1743642000,2025-04-03T01:00:00Z,24,1.0,82550.0,85158.35,3.159721380981231,-4.2963277573656775,82516.29,83227.55,86.19631347943636,68.19631347943636,False,m10
BTC,-10.0,1744552800,2025-04-13T14:00:00Z,2025-04-13,2025-04-13,1744592400,2025-04-14T01:00:00Z,24,11.0,83423.83,85276.91,2.221283774672059,-0.0036243082714595364,83599.13,84325.74,86.91597627870084,68.91597627870084,False,m10
BTC,-10.0,1747630800,2025-05-19T05:00:00Z,2025-05-19,2025-05-19,1747702800,2025-05-20T01:00:00Z,24,20.0,103126.65,106454.27,3.2267314026005987,21.14769253568788,103002.07,105727.27,264.57720704059716,246.57720704059716,False,m10
BTC,-10.0,1753279200,2025-07-23T14:00:00Z,2025-07-23,2025-07-23,1753318800,2025-07-24T01:00:00Z,24,11.0,117380.36,119954.43,2.1929307424172086,14.681672866383327,117381.44,119060.0,143.00046072019512,125.00046072019512,False,m10
BTC,-10.0,1755176400,2025-08-14T13:00:00Z,2025-08-14,2025-08-14,1755219600,2025-08-15T01:00:00Z,24,12.0,120134.09,123306.44,2.6406742665633094,1.4182002723793659,118866.37,118181.97,-57.57726091913051,-75.57726091913051,False,m10
BTC,-10.0,1764878400,2025-12-04T20:00:00Z,2025-12-04,2025-12-04,1764896400,2025-12-05T01:00:00Z,24,5.0,91277.88,93429.95,2.3577125147954714,-8.520961852603032,91975.44,92299.08,35.187654443402664,17.187654443402664,True,m10
BTC,-10.0,1767722400,2026-01-06T18:00:00Z,2026-01-06,2026-01-06,1767747600,2026-01-07T01:00:00Z,24,7.0,91529.74,93859.71,2.545587914922517,0.7081959382779833,91589.24,92709.52,122.3156781298762,104.3156781298762,False,m10
BTC,-10.0,1778853600,2026-05-15T14:00:00Z,2026-05-15,2026-05-15,1778893200,2026-05-16T01:00:00Z,24,11.0,79313.61,81090.0,2.2397038793215933,6.338673405350404,78758.59,79111.92,44.862408024317624,26.862408024317624,False,m10
BTC,-7.0,1580468400,2020-01-31T11:00:00Z,2020-01-31,2020-01-31,1580518800,2020-02-01T01:00:00Z,24,14.0,9301.57,9511.52,2.2571458366705914,29.749652874201605,9344.57,9383.07,41.200397664098446,23.200397664098446,False,m7
BTC,-7.0,1581314400,2020-02-10T06:00:00Z,2020-02-10,2020-02-10,1581382800,2020-02-11T01:00:00Z,24,19.0,9895.04,10151.72,2.59402690640966,21.677732541093416,9835.71,9779.69,-56.955725616146815,-74.95572561614682,False,m7
BTC,-7.0,1582149600,2020-02-19T22:00:00Z,2020-02-19,2020-02-19,1582160400,2020-02-20T01:00:00Z,24,3.0,9706.0,10164.78,4.726766948279422,10.617571404249043,9615.72,9626.38,11.08601331985426,-6.91398668014574,False,m7
BTC,-7.0,1582513200,2020-02-24T03:00:00Z,2020-02-24,2020-02-24,1582592400,2020-02-25T01:00:00Z,24,22.0,9650.85,9936.4,2.9588067372303914,17.007700743648478,9741.09,9616.74,-127.6551186776842,-145.6551186776842,False,m7
BTC,-7.0,1589511600,2020-05-15T03:00:00Z,2020-05-15,2020-05-15,1589590800,2020-05-16T01:00:00Z,24,22.0,9309.35,9791.97,5.184250243035217,37.71691021752693,9490.21,9396.01,-99.26018496956179,-117.26018496956179,False,m7
BTC,-7.0,1590508800,2020-05-26T16:00:00Z,2020-05-26,2020-05-26,1590541200,2020-05-27T01:00:00Z,24,9.0,8718.14,8900.35,2.0900100250741667,15.660549157655193,8726.6,8886.87,183.65686521669477,165.65686521669477,False,m7
BTC,-7.0,1590962400,2020-05-31T22:00:00Z,2020-05-31,2020-05-31,1590973200,2020-06-01T01:00:00Z,24,3.0,9426.6,9697.72,2.8761165213332376,7.062784705364929,9469.35,9498.31,30.582880556742076,12.582880556742076,False,m7
BTC,-7.0,1591110000,2020-06-02T15:00:00Z,2020-06-02,2020-06-02,1591146000,2020-06-03T01:00:00Z,24,10.0,9448.27,10202.71,7.984953859277928,9.288932486226905,9581.47,9527.2,-56.64057811588297,-74.64057811588296,False,m7
BTC,-7.0,1596344400,2020-08-02T05:00:00Z,2020-08-02,2020-08-02,1596416400,2020-08-03T01:00:00Z,24,20.0,11335.46,11801.17,4.108434946618849,22.810138523464563,11169.84,11135.3,-30.922555739384407,-48.92255573938441,False,m7
BTC,-7.0,1597762800,2020-08-18T15:00:00Z,2020-08-18,2020-08-18,1597798800,2020-08-19T01:00:00Z,24,10.0,11910.99,12281.15,3.1077181661641884,30.77393142268901,11941.36,11985.88,37.282185613698445,19.282185613698445,False,m7
BTC,-7.0,1599037200,2020-09-02T09:00:00Z,2020-09-02,2020-09-02,1599094800,2020-09-03T01:00:00Z,24,16.0,11649.51,11921.97,2.3388108169356405,4.662610021385412,11711.61,11410.34,-257.24046480372965,-275.24046480372965,False,m7
BTC,-7.0,1603897200,2020-10-28T15:00:00Z,2020-10-28,2020-10-28,1603933200,2020-10-29T01:00:00Z,24,10.0,13052.15,13636.16,4.47443524630042,20.331902834082648,13069.26,13245.17,134.5982863605122,116.59828636051219,False,m7
BTC,-7.0,1604476800,2020-11-04T08:00:00Z,2020-11-04,2020-11-04,1604538000,2020-11-05T01:00:00Z,24,17.0,13549.63,14023.53,3.4975124782005227,27.269936956723136,13600.46,14105.09,371.0389207423881,353.0389207423881,False,m7
BTC,-7.0,1604941200,2020-11-09T17:00:00Z,2020-11-09,2020-11-09,1604970000,2020-11-10T01:00:00Z,24,8.0,14818.3,15475.1,4.432357287948017,33.321864118030575,15111.62,15300.0,124.65903721771588,106.65903721771588,False,m7
BTC,-7.0,1606831200,2020-12-01T14:00:00Z,2020-12-01,2020-12-01,1606870800,2020-12-02T01:00:00Z,24,11.0,18185.0,19695.87,8.308331042067632,36.0016674218396,18759.73,18836.51,40.92809438088763,22.92809438088763,False,m7
BTC,-7.0,1608440400,2020-12-20T05:00:00Z,2020-12-20,2020-12-20,1608512400,2020-12-21T01:00:00Z,24,20.0,23107.39,23821.6,3.0908293840195675,28.75411037994942,23426.54,23679.55,108.00143768563197,90.00143768563197,False,m7
BTC,-7.0,1608764400,2020-12-23T23:00:00Z,2020-12-23,2020-12-23,1608771600,2020-12-24T01:00:00Z,24,2.0,22719.88,23810.79,4.801565853340774,26.478548195289882,23291.91,23067.41,-96.38539733323736,-114.38539733323736,False,m7
BTC,-7.0,1609218000,2020-12-29T05:00:00Z,2020-12-29,2020-12-29,1609290000,2020-12-30T01:00:00Z,24,20.0,26281.54,27079.42,3.0358951568286994,49.11681585317795,26487.62,27630.74,431.5676531149282,413.5676531149282,False,m7
BTC,-7.0,1609747200,2021-01-04T08:00:00Z,2021-01-04,2021-01-04,1609808400,2021-01-05T01:00:00Z,24,17.0,32176.45,33000.05,2.5596360070797184,69.57492632715554,32068.84,32430.49,112.77302203634542,94.77302203634542,False,m7
BTC,-7.0,1610074800,2021-01-08T03:00:00Z,2021-01-08,2021-01-08,1610154000,2021-01-09T01:00:00Z,24,22.0,36769.36,39432.48,7.2427695233205105,103.39007712925988,37181.74,40283.56,834.2320719794171,816.2320719794171,False,m7
BTC,-7.0,1610172000,2021-01-09T06:00:00Z,2021-01-09,2021-01-09,1610240400,2021-01-10T01:00:00Z,24,19.0,39432.48,40586.96,2.9277387574912757,113.88296665046482,39295.37,40581.48,327.293011873917,309.293011873917,False,m7
BTC,-7.0,1610715600,2021-01-15T13:00:00Z,2021-01-15,2021-01-15,1610758800,2021-01-16T01:00:00Z,24,12.0,37371.38,39145.21,4.746493172047705,91.11973449119834,37770.63,37159.51,-161.79767189480222,-179.79767189480222,False,m7
BTC,-7.0,1611100800,2021-01-20T00:00:00Z,2021-01-20,2021-01-19,1611104400,2021-01-20T01:00:00Z,24,1.0,35824.99,36622.46,2.226015973765802,53.019374543817385,35891.49,36314.04,117.72985741188347,99.72985741188347,False,m7
BTC,-7.0,1611979200,2021-01-30T04:00:00Z,2021-01-30,2021-01-30,1612054800,2021-01-31T01:00:00Z,24,21.0,33368.18,34246.28,2.631548978697665,14.640848952590963,33273.36,34066.84,238.47306073086605,220.47306073086605,False,m7
BTC,-7.0,1612674000,2021-02-07T05:00:00Z,2021-02-07,2021-02-07,1612746000,2021-02-08T01:00:00Z,24,20.0,38289.32,39181.01,2.3288217184321955,-0.9204549803821784,38312.99,38725.4,107.6423427145734,89.6423427145734,False,m7
BTC,-7.0,1613358000,2021-02-15T03:00:00Z,2021-02-15,2021-02-15,1613437200,2021-02-16T01:00:00Z,24,22.0,47156.78,48580.47,3.019056856723471,29.398630926960763,46874.02,47669.02,169.60354584479865,151.60354584479865,False,m7
BTC,-7.0,1613962800,2021-02-22T03:00:00Z,2021-02-22,2021-02-22,1614042000,2021-02-23T01:00:00Z,24,22.0,55841.19,57412.35,2.8136219876402997,76.26122382167506,56855.12,53440.66,-600.5545322919025,-618.5545322919025,False,m7
BTC,-7.0,1614880800,2021-03-04T18:00:00Z,2021-03-04,2021-03-04,1614906000,2021-03-05T01:00:00Z,24,7.0,48436.61,50349.37,3.9489964305924836,39.18514771399886,48508.07,46829.84,-345.9692376959145,-363.9692376959145,False,m7
BTC,-7.0,1615546800,2021-03-12T11:00:00Z,2021-03-12,2021-03-12,1615597200,2021-03-13T01:00:00Z,24,14.0,55851.59,57773.15,3.440475016020144,21.629344263595872,56715.97,56689.35,-4.693563382589527,-22.693563382589527,False,m7
BTC,-7.0,1615950000,2021-03-17T03:00:00Z,2021-03-17,2021-03-17,1616029200,2021-03-18T01:00:00Z,24,22.0,55605.2,56900.74,2.3298900102868094,18.99489311989884,55777.69,58927.54,564.7150321212657,546.7150321212657,False,m7
BTC,-7.0,1617602400,2021-04-05T06:00:00Z,2021-04-05,2021-04-05,1617670800,2021-04-06T01:00:00Z,24,19.0,57051.95,58202.01,2.015811904764,17.323328717171705,56897.45,59356.23,432.1423895095489,414.1423895095489,False,m7
BTC,-7.0,1620565200,2021-05-09T13:00:00Z,2021-05-09,2021-05-09,1620608400,2021-05-10T01:00:00Z,24,12.0,57315.49,58866.53,2.7061445344007367,-3.5393197545884783,56433.53,58858.6,429.7214794112647,411.7214794112647,False,m7
BTC,-7.0,1625043600,2021-06-30T09:00:00Z,2021-06-30,2021-06-30,1625101200,2021-07-01T01:00:00Z,24,16.0,34494.89,35911.72,4.107361988978663,-4.233525071226881,34591.32,34727.83,39.46365735681745,21.46365735681745,False,m7
BTC,-7.0,1626091200,2021-07-12T12:00:00Z,2021-07-12,2021-07-12,1626138000,2021-07-13T01:00:00Z,24,13.0,33502.87,34259.0,2.2569111243305344,-5.805875263718258,33530.0,33059.99,-140.17596182523184,-158.17596182523184,False,m7
BTC,-7.0,1628157600,2021-08-05T10:00:00Z,2021-08-05,2021-08-05,1628211600,2021-08-06T01:00:00Z,24,15.0,38207.04,39723.17,3.968195390168925,11.214528121396693,38040.44,40061.99,531.4212979660571,513.4212979660571,False,m7
BTC,-7.0,1629954000,2021-08-26T05:00:00Z,2021-08-26,2021-08-26,1630026000,2021-08-27T01:00:00Z,24,20.0,47674.01,48973.32,2.725405309937212,29.584962930167574,47884.08,47249.2,-132.5868639430905,-150.5868639430905,False,m7
BTC,-7.0,1631826000,2021-09-16T21:00:00Z,2021-09-16,2021-09-16,1631840400,2021-09-17T01:00:00Z,24,4.0,47103.28,48121.4,2.161463065841705,4.7725716632432595,47146.62,47499.99,74.95129025155921,56.951290251559215,False,m7
BTC,-7.0,1632052800,2021-09-19T12:00:00Z,2021-09-19,2021-09-19,1632099600,2021-09-20T01:00:00Z,24,13.0,47299.98,48292.75,2.0988803800762637,0.8639594700520195,47327.73,46977.98,-73.89959332509744,-91.89959332509744,False,m7
BTC,-7.0,1634072400,2021-10-12T21:00:00Z,2021-10-12,2021-10-12,1634086800,2021-10-13T01:00:00Z,24,4.0,54659.01,57471.35,5.14524503828371,22.774081247090656,55361.08,56459.81,198.46614264028116,180.46614264028116,False,m7
BTC,-7.0,1634785200,2021-10-21T03:00:00Z,2021-10-21,2021-10-21,1634864400,2021-10-22T01:00:00Z,24,22.0,64280.59,66001.4,2.6770289445071955,51.37571095571095,64940.18,62789.22,-331.2217490003877,-349.2217490003877,False,m7
BTC,-7.0,1635285600,2021-10-26T22:00:00Z,2021-10-26,2021-10-26,1635296400,2021-10-27T01:00:00Z,24,3.0,60852.22,63078.78,3.658962647541861,39.58943978602461,60810.59,60685.25,-20.611541509463205,-38.61154150946321,False,m7
BTC,-7.0,1635966000,2021-11-03T19:00:00Z,2021-11-03,2021-11-03,1635987600,2021-11-04T01:00:00Z,24,6.0,60911.12,63220.57,3.791508020210426,28.044608459386026,63149.04,62829.56,-50.591426251294095,-68.5914262512941,False,m7
BTC,-7.0,1637913600,2021-11-26T08:00:00Z,2021-11-26,2021-11-26,1637974800,2021-11-27T01:00:00Z,24,17.0,57138.29,58960.37,3.188894872422681,-4.99094827967272,56957.86,54082.72,-504.783712028507,-522.783712028507,False,m7
BTC,-7.0,1645660800,2022-02-24T00:00:00Z,2022-02-24,2022-02-23,1645664400,2022-02-24T01:00:00Z,24,1.0,37008.16,38230.33,3.3024338416176273,1.6084407268343142,37250.01,36755.82,-132.66842076015584,-150.66842076015584,False,m7
BTC,-7.0,1649952000,2022-04-14T16:00:00Z,2022-04-14,2022-04-14,1649984400,2022-04-15T01:00:00Z,24,9.0,40074.95,41147.78,2.6770588609592822,2.4269096301596815,39964.02,39859.99,-26.030914807869678,-44.03091480786968,False,m7
BTC,-7.0,1660046400,2022-08-09T12:00:00Z,2022-08-09,2022-08-09,1660093200,2022-08-10T01:00:00Z,24,13.0,23174.39,23810.98,2.74695472027527,9.210847513642005,23263.92,22771.87,-211.50777684930122,-229.50777684930122,False,m7
BTC,-7.0,1664305200,2022-09-27T19:00:00Z,2022-09-27,2022-09-27,1664326800,2022-09-28T01:00:00Z,24,6.0,18809.13,19226.68,2.219932554030937,-4.348712546617619,19140.98,19096.83,-23.065694650952207,-41.06569465095221,False,m7
BTC,-7.0,1675080000,2023-01-30T12:00:00Z,2023-01-30,2023-01-30,1675126800,2023-01-31T01:00:00Z,24,13.0,23021.4,23743.37,3.1360820801515006,39.29655975831691,23077.47,22828.32,-107.96244129014254,-125.96244129014254,False,m7
BTC,-7.0,1675875600,2023-02-08T17:00:00Z,2023-02-08,2023-02-08,1675904400,2023-02-09T01:00:00Z,24,8.0,22762.52,23242.42,2.108290294747672,32.53988956500059,22966.3,22980.64,6.243931325464747,-11.756068674535253,False,m7
BTC,-7.0,1676998800,2023-02-21T17:00:00Z,2023-02-21,2023-02-21,1677027600,2023-02-22T01:00:00Z,24,8.0,24272.51,24843.89,2.3540210715743903,6.941454769826224,24403.27,24412.47,3.7699865632756513,-14.230013436724349,False,m7
BTC,-7.0,1678899600,2023-03-15T17:00:00Z,2023-03-15,2023-03-15,1678928400,2023-03-16T01:00:00Z,24,8.0,24112.27,24670.41,2.314755101863074,12.095233577755707,24104.69,24202.64,40.635245672107075,22.635245672107075,False,m7
BTC,-7.0,1679695200,2023-03-24T22:00:00Z,2023-03-24,2023-03-24,1679706000,2023-03-25T01:00:00Z,24,3.0,27250.97,28295.42,3.832707606371432,14.844988418928503,27335.14,27556.35,80.92513885057828,62.92513885057828,False,m7
BTC,-7.0,1681894800,2023-04-19T09:00:00Z,2023-04-19,2023-04-19,1681952400,2023-04-20T01:00:00Z,24,16.0,29430.27,30380.01,3.2270855822933258,3.0183814634887263,29168.47,28920.01,-85.18101909356312,-103.18101909356312,False,m7
BTC,-7.0,1682542800,2023-04-26T21:00:00Z,2023-04-26,2023-04-26,1682557200,2023-04-27T01:00:00Z,24,4.0,27510.93,28300.8,2.8711134083798653,5.06418467199924,28413.39,29225.54,285.8335453812444,267.8335453812444,False,m7
BTC,-7.0,1683381600,2023-05-06T14:00:00Z,2023-05-06,2023-05-06,1683421200,2023-05-07T01:00:00Z,24,11.0,28838.16,29505.6,2.314433375777091,3.745559524953427,28935.84,28942.72,2.3776741922820754,-15.622325807717925,False,m7
BTC,-7.0,1689361200,2023-07-14T19:00:00Z,2023-07-14,2023-07-14,1689382800,2023-07-15T01:00:00Z,24,6.0,30380.0,31454.23,3.535977616853191,16.11728792133369,30091.83,30328.76,78.73565682113615,60.735656821136146,False,m7
BTC,-7.0,1698940800,2023-11-02T16:00:00Z,2023-11-02,2023-11-02,1698973200,2023-11-03T01:00:00Z,24,9.0,34639.78,35421.43,2.256509712244135,26.67767416346682,34640.01,34510.29,-37.4480261408705,-55.4480261408705,False,m7
BTC,-7.0,1700164800,2023-11-16T20:00:00Z,2023-11-16,2023-11-16,1700182800,2023-11-17T01:00:00Z,24,5.0,35551.2,37858.2,6.489232430972796,25.965836584963007,35921.01,36368.01,124.43970812624715,106.43970812624715,False,m7
BTC,-7.0,1702562400,2023-12-14T14:00:00Z,2023-12-14,2023-12-14,1702602000,2023-12-15T01:00:00Z,24,11.0,41492.38,42869.03,3.3178381187099935,16.620049825686802,42570.12,42888.99,74.90465143156655,56.90465143156655,False,m7
BTC,-7.0,1703775600,2023-12-28T15:00:00Z,2023-12-28,2023-12-28,1703811600,2023-12-29T01:00:00Z,24,10.0,42508.93,43428.86,2.1640864637148014,14.17450951846745,42664.0,42407.11,-60.21235702231343,-78.21235702231343,False,m7
BTC,-7.0,1704420000,2024-01-05T02:00:00Z,2024-01-05,2024-01-05,1704502800,2024-01-06T01:00:00Z,24,23.0,42845.23,44151.1,3.0478772082679804,-1.1291418526478718,43376.0,44068.8,159.71966064183053,141.71966064183053,False,m7
BTC,-7.0,1707847200,2024-02-13T18:00:00Z,2024-02-13,2024-02-13,1707872400,2024-02-14T01:00:00Z,24,7.0,48300.0,49917.28,3.3484057971014467,13.6617948785373,48844.19,49482.81,130.74635898353338,112.74635898353338,False,m7
BTC,-7.0,1709668800,2024-03-05T20:00:00Z,2024-03-05,2024-03-05,1709686800,2024-03-06T01:00:00Z,24,5.0,63113.97,68245.71,8.130909844524128,44.034023478508054,61410.98,63429.18,328.63829888400977,310.63829888400977,False,m7
BTC,-7.0,1710266400,2024-03-12T18:00:00Z,2024-03-12,2024-03-12,1710291600,2024-03-13T01:00:00Z,24,7.0,68955.88,72078.1,4.5278517219996335,47.213927772715984,71092.55,71410.68,44.74871136286307,26.74871136286307,False,m7
BTC,-7.0,1710424800,2024-03-14T14:00:00Z,2024-03-14,2024-03-14,1710464400,2024-03-15T01:00:00Z,24,11.0,71452.0,73072.4,2.267816156300725,45.13956331017205,71884.81,71910.01,3.505608486689127,-14.494391513310873,False,m7
BTC,-7.0,1711951200,2024-04-01T06:00:00Z,2024-04-01,2024-04-01,1712019600,2024-04-02T01:00:00Z,24,19.0,69582.17,71280.0,2.4400360034761803,11.548667035982477,69167.48,69349.08,26.255112951925064,8.255112951925064,False,m7
BTC,-7.0,1712322000,2024-04-05T13:00:00Z,2024-04-05,2024-04-05,1712365200,2024-04-06T01:00:00Z,24,12.0,65963.27,68487.8,3.8271753356072233,1.4477434228987103,66883.99,67900.57,151.99153040959425,133.99153040959425,False,m7
BTC,-7.0,1712674800,2024-04-09T15:00:00Z,2024-04-09,2024-04-09,1712710800,2024-04-10T01:00:00Z,24,10.0,69360.38,71620.0,3.2577964538256494,0.1275010827198022,69358.32,69138.81,-31.64869045271135,-49.64869045271135,False,m7
BTC,-7.0,1713196800,2024-04-15T16:00:00Z,2024-04-15,2024-04-15,1713229200,2024-04-16T01:00:00Z,24,9.0,63924.52,65661.85,2.717783410810138,-5.581249731303008,64568.81,63254.74,-203.51466907938988,-221.51466907938988,False,m7
BTC,-7.0,1713492000,2024-04-19T02:00:00Z,2024-04-19,2024-04-19,1713574800,2024-04-20T01:00:00Z,24,23.0,61277.38,63470.09,3.5783351050583416,-2.168918695769418,61022.0,63444.51,396.98961030448123,378.98961030448123,False,m7
BTC,-7.0,1715670000,2024-05-14T07:00:00Z,2024-05-14,2024-05-14,1715734800,2024-05-15T01:00:00Z,24,18.0,61484.0,62940.09,2.3682421442976977,-4.0339700132838425,62042.0,61438.35,-97.29699236001422,-115.29699236001422,False,m7
BTC,-7.0,1723647600,2024-08-14T15:00:00Z,2024-08-14,2024-08-14,1723683600,2024-08-15T01:00:00Z,24,10.0,59346.64,60587.16,2.0902952551315526,-5.877102207818461,59502.67,58993.99,-85.48860076363019,-103.48860076363019,False,m7
BTC,-7.0,1729882800,2024-10-25T19:00:00Z,2024-10-25,2024-10-25,1729904400,2024-10-26T01:00:00Z,24,6.0,66668.65,68198.27,2.2943617427381686,5.80197629082414,67026.61,66736.0,-43.35740685676881,-61.35740685676881,False,m7
BTC,-7.0,1731600000,2024-11-14T16:00:00Z,2024-11-14,2024-11-14,1731632400,2024-11-15T01:00:00Z,24,9.0,87952.0,90375.21,2.755150536656365,33.21012692738785,87947.99,87870.27,-8.837041073934682,-26.83704107393468,False,m7
BTC,-7.0,1733439600,2024-12-05T23:00:00Z,2024-12-05,2024-12-05,1733446800,2024-12-06T01:00:00Z,24,2.0,95849.69,98587.32,2.8561699051921865,38.78932091846997,96589.04,97551.99,99.69557622686808,81.69557622686808,False,m7
BTC,-7.0,1736265600,2025-01-07T16:00:00Z,2025-01-07,2025-01-07,1736298000,2025-01-08T01:00:00Z,24,9.0,98363.61,102235.6,3.9364049367443967,-1.961475902646739,97952.26,97268.49,-69.80645469537805,-87.80645469537805,False,m7
BTC,-7.0,1738706400,2025-02-04T22:00:00Z,2025-02-04,2025-02-04,1738717200,2025-02-05T01:00:00Z,24,3.0,97700.59,101328.51,3.7133040854717443,-2.0123045971573443,96514.47,98274.01,182.30841447919533,164.30841447919533,False,m7
BTC,-7.0,1739430000,2025-02-13T07:00:00Z,2025-02-13,2025-02-13,1739494800,2025-02-14T01:00:00Z,24,18.0,95778.21,97870.0,2.183993624437117,1.078353235764732,96056.72,96750.83,72.26043112860792,54.26043112860792,False,m7
BTC,-7.0,1743638400,2025-04-03T00:00:00Z,2025-04-03,2025-04-02,1743642000,2025-04-03T01:00:00Z,24,1.0,82550.0,85158.35,3.159721380981231,-4.2963277573656775,82516.29,83227.55,86.19631347943636,68.19631347943636,False,m7
BTC,-7.0,1744552800,2025-04-13T14:00:00Z,2025-04-13,2025-04-13,1744592400,2025-04-14T01:00:00Z,24,11.0,83423.83,85276.91,2.221283774672059,-0.0036243082714595364,83599.13,84325.74,86.91597627870084,68.91597627870084,False,m7
BTC,-7.0,1747630800,2025-05-19T05:00:00Z,2025-05-19,2025-05-19,1747702800,2025-05-20T01:00:00Z,24,20.0,103126.65,106454.27,3.2267314026005987,21.14769253568788,103002.07,105727.27,264.57720704059716,246.57720704059716,False,m7
BTC,-7.0,1753279200,2025-07-23T14:00:00Z,2025-07-23,2025-07-23,1753318800,2025-07-24T01:00:00Z,24,11.0,117380.36,119954.43,2.1929307424172086,14.681672866383327,117381.44,119060.0,143.00046072019512,125.00046072019512,False,m7
BTC,-7.0,1755176400,2025-08-14T13:00:00Z,2025-08-14,2025-08-14,1755219600,2025-08-15T01:00:00Z,24,12.0,120134.09,123306.44,2.6406742665633094,1.4182002723793659,118866.37,118181.97,-57.57726091913051,-75.57726091913051,False,m7
BTC,-7.0,1767722400,2026-01-06T18:00:00Z,2026-01-06,2026-01-06,1767747600,2026-01-07T01:00:00Z,24,7.0,91529.74,93859.71,2.545587914922517,0.7081959382779833,91589.24,92709.52,122.3156781298762,104.3156781298762,False,m7
BTC,-7.0,1778853600,2026-05-15T14:00:00Z,2026-05-15,2026-05-15,1778893200,2026-05-16T01:00:00Z,24,11.0,79313.61,81090.0,2.2397038793215933,6.338673405350404,78758.59,79111.92,44.862408024317624,26.862408024317624,False,m7
ETH,-10.0,1578898800,2020-01-13T07:00:00Z,2020-01-13,2020-01-13,1578913200,2020-01-13T11:00:00Z,4,4.0,142.4,146.56,2.921348314606739,11.244771029017336,142.42,143.97,108.83302906895098,90.83302906895098,False,m10
ETH,-10.0,1579435200,2020-01-19T12:00:00Z,2020-01-19,2020-01-19,1579449600,2020-01-19T16:00:00Z,4,4.0,169.92,174.1,2.4599811676082903,21.427232673613545,166.62,164.81,-108.63041651662519,-126.63041651662519,False,m10
ETH,-10.0,1580612400,2020-02-02T03:00:00Z,2020-02-02,2020-02-02,1580626800,2020-02-02T07:00:00Z,4,4.0,179.94,183.63,2.050683561187061,33.21819551293108,180.52,186.04,305.7832927099491,287.7832927099491,False,m10
ETH,-10.0,1581134400,2020-02-08T04:00:00Z,2020-02-08,2020-02-08,1581148800,2020-02-08T08:00:00Z,4,4.0,213.16,223.36,4.785137924563716,22.11756039181769,217.32,220.45,144.02724093502738,126.02724093502738,False,m10
ETH,-10.0,1581310800,2020-02-10T05:00:00Z,2020-02-10,2020-02-10,1581325200,2020-02-10T09:00:00Z,4,4.0,223.01,228.53,2.4752253262185597,23.875129037106017,224.43,220.94,-155.50505725616003,-173.50505725616003,False,m10
ETH,-10.0,1581782400,2020-02-15T16:00:00Z,2020-02-15,2020-02-15,1581796800,2020-02-15T20:00:00Z,4,4.0,268.34,285.11,6.249534173064038,14.617188020234165,274.06,266.63,-271.1085163832738,-289.1085163832738,False,m10
ETH,-10.0,1582034400,2020-02-18T14:00:00Z,2020-02-18,2020-02-18,1582048800,2020-02-18T18:00:00Z,4,4.0,258.89,267.9,3.480242574066202,11.568779696372703,263.17,280.55,660.4096211574273,642.4096211574273,False,m10
ETH,-10.0,1582149600,2020-02-19T22:00:00Z,2020-02-19,2020-02-19,1582160400,2020-02-20T01:00:00Z,4,3.0,267.9,282.64,5.50205300485256,10.617571404249043,262.94,262.66,-10.64881722065758,-28.64881722065758,False,m10
ETH,-10.0,1582354800,2020-02-22T07:00:00Z,2020-02-22,2020-02-22,1582369200,2020-02-22T11:00:00Z,4,4.0,256.97,265.32,3.2494065455111354,12.477211909325668,257.99,259.53,59.69223613318198,41.69223613318198,False,m10
ETH,-10.0,1582570800,2020-02-24T19:00:00Z,2020-02-24,2020-02-24,1582585200,2020-02-24T23:00:00Z,4,4.0,261.55,274.5,4.951252150640408,14.953429012963609,262.41,263.72,49.92187797721037,31.92187797721037,False,m10
ETH,-10.0,1590508800,2020-05-26T16:00:00Z,2020-05-26,2020-05-26,1590523200,2020-05-26T20:00:00Z,4,4.0,199.9,204.22,2.161080540270132,15.660549157655193,197.63,199.3,84.5013408895423,66.5013408895423,False,m10
ETH,-10.0,1591110000,2020-06-02T15:00:00Z,2020-06-02,2020-06-02,1591124400,2020-06-02T19:00:00Z,4,4.0,231.56,248.23,7.198998099844527,9.288932486226905,234.33,234.86,22.61767592711239,4.617675927112391,False,m10
ETH,-10.0,1591264800,2020-06-04T10:00:00Z,2020-06-04,2020-06-04,1591279200,2020-06-04T14:00:00Z,4,4.0,237.71,244.54,2.8732489167472903,6.246437503958332,240.73,245.0,177.37714451875553,159.37714451875553,False,m10
ETH,-10.0,1593705600,2020-07-02T16:00:00Z,2020-07-02,2020-07-02,1593720000,2020-07-02T20:00:00Z,4,4.0,225.59,230.99,2.393723126025092,-4.43445374867591,225.07,225.72,28.879904029857073,10.879904029857073,False,m10
ETH,-10.0,1594310400,2020-07-09T16:00:00Z,2020-07-09,2020-07-09,1594324800,2020-07-09T20:00:00Z,4,4.0,239.39,246.94,3.15384936714149,-5.260450478349029,239.87,239.98,4.5858173177126815,-13.414182682287318,False,m10
ETH,-10.0,1595930400,2020-07-28T10:00:00Z,2020-07-28,2020-07-28,1595944800,2020-07-28T14:00:00Z,4,4.0,311.02,321.95,3.514243457012413,18.68053037958085,310.18,315.33,166.0326262170342,148.0326262170342,False,m10
ETH,-10.0,1596344400,2020-08-02T05:00:00Z,2020-08-02,2020-08-02,1596358800,2020-08-02T09:00:00Z,4,4.0,346.32,387.01,11.74924924924925,22.810138523464563,372.15,375.33,85.44941555824303,67.44941555824303,False,m10
ETH,-10.0,1597312800,2020-08-13T10:00:00Z,2020-08-13,2020-08-13,1597327200,2020-08-13T14:00:00Z,4,4.0,378.99,387.18,2.161006886725243,23.948232025401342,386.4,390.79,113.6128364389255,95.6128364389255,False,m10
ETH,-10.0,1598007600,2020-08-21T11:00:00Z,2020-08-21,2020-08-21,1598022000,2020-08-21T15:00:00Z,4,4.0,407.46,415.94,2.0811858832768904,26.00417648318698,408.53,405.22,-81.02220155190464,-99.02220155190464,False,m10
ETH,-10.0,1598346000,2020-08-25T09:00:00Z,2020-08-25,2020-08-25,1598360400,2020-08-25T13:00:00Z,4,4.0,390.72,407.68,4.340704340704335,18.52909507023512,393.92,389.25,-118.55199025182839,-136.55199025182839,False,m10
ETH,-10.0,1599048000,2020-09-02T12:00:00Z,2020-09-02,2020-09-02,1599062400,2020-09-02T16:00:00Z,4,4.0,433.8,475.4,9.589672660212072,1.5570992793251712,441.88,432.49,-212.50113152892158,-230.50113152892158,False,m10
ETH,-10.0,1600182000,2020-09-15T15:00:00Z,2020-09-15,2020-09-15,1600196400,2020-09-15T19:00:00Z,4,4.0,366.43,377.12,2.917337554239554,-8.841707146873702,364.28,364.03,-6.862852750630921,-24.86285275063092,True,m10
ETH,-10.0,1602601200,2020-10-13T15:00:00Z,2020-10-13,2020-10-13,1602615600,2020-10-13T19:00:00Z,4,4.0,374.17,386.51,3.297966165112108,10.319541917600175,379.65,377.71,-51.09969708942397,-69.09969708942397,False,m10
ETH,-10.0,1603875600,2020-10-28T09:00:00Z,2020-10-28,2020-10-28,1603890000,2020-10-28T13:00:00Z,4,4.0,392.52,403.41,2.774380923265068,26.070979818488,397.01,390.18,-172.03596886728235,-190.03596886728235,False,m10
ETH,-10.0,1604307600,2020-11-02T09:00:00Z,2020-11-02,2020-11-02,1604322000,2020-11-02T13:00:00Z,4,4.0,386.44,396.68,2.6498292102266867,27.969976188799407,384.33,380.66,-95.49085421382553,-113.49085421382553,False,m10
ETH,-10.0,1604941200,2020-11-09T17:00:00Z,2020-11-09,2020-11-09,1604955600,2020-11-09T21:00:00Z,4,4.0,435.2,454.29,4.386488970588243,33.321864118030575,442.44,446.83,99.22249344543887,81.22249344543887,False,m10
ETH,-10.0,1605344400,2020-11-14T09:00:00Z,2020-11-14,2020-11-14,1605358800,2020-11-14T13:00:00Z,4,4.0,462.48,476.42,3.01418439716312,40.70189606803486,462.94,460.26,-57.8908713872206,-75.8908713872206,False,m10
ETH,-10.0,1605679200,2020-11-18T06:00:00Z,2020-11-18,2020-11-18,1605693600,2020-11-18T10:00:00Z,4,4.0,460.51,482.11,4.690451890295547,54.02247316705252,470.02,476.87,145.7384792136507,127.73847921365069,False,m10
ETH,-10.0,1606827600,2020-12-01T13:00:00Z,2020-12-01,2020-12-01,1606842000,2020-12-01T17:00:00Z,4,4.0,576.32,616.65,6.997848417545795,34.816840486584326,576.85,594.19,300.59807575626206,282.59807575626206,False,m10
ETH,-10.0,1607079600,2020-12-04T11:00:00Z,2020-12-04,2020-12-04,1607094000,2020-12-04T15:00:00Z,4,4.0,596.88,615.84,3.176517893043834,38.64245691701913,593.25,591.94,-22.0817530552031,-40.0817530552031,False,m10
ETH,-10.0,1607598000,2020-12-10T11:00:00Z,2020-12-10,2020-12-10,1607612400,2020-12-10T15:00:00Z,4,4.0,554.92,573.2,3.29416852879696,18.554942979940076,554.1,552.59,-27.25139866450066,-45.251398664500655,False,m10
ETH,-10.0,1608710400,2020-12-23T08:00:00Z,2020-12-23,2020-12-23,1608724800,2020-12-23T12:00:00Z,4,4.0,607.68,636.41,4.727817272248555,27.617098806867208,615.92,602.1,-224.37978958306127,-242.37978958306127,False,m10
ETH,-10.0,1609380000,2020-12-31T02:00:00Z,2020-12-31,2020-12-31,1609394400,2020-12-31T06:00:00Z,4,4.0,732.0,752.17,2.7554644808743114,46.60785738877625,737.28,741.39,55.74544270833259,37.74544270833259,False,m10
ETH,-10.0,1609826400,2021-01-05T06:00:00Z,2021-01-05,2021-01-05,1609840800,2021-01-05T10:00:00Z,4,4.0,978.33,1041.45,6.451810738707799,58.91968293601128,989.83,1035.85,464.9283210248201,446.9283210248201,False,m10
ETH,-10.0,1610312400,2021-01-10T21:00:00Z,2021-01-10,2021-01-10,1610326800,2021-01-11T01:00:00Z,4,4.0,1216.72,1276.0,4.872115194950356,109.74871113597425,1258.34,1218.8,-314.2235008026439,-332.2235008026439,False,m10
ETH,-10.0,1610726400,2021-01-15T16:00:00Z,2021-01-15,2021-01-15,1610740800,2021-01-15T20:00:00Z,4,4.0,1129.79,1231.89,9.03707768700379,72.35410817385296,1141.52,1133.74,-68.15474104702513,-86.15474104702513,False,m10
ETH,-10.0,1610874000,2021-01-17T09:00:00Z,2021-01-17,2021-01-17,1610888400,2021-01-17T13:00:00Z,4,4.0,1168.48,1227.83,5.079248254142126,50.26203945171155,1196.54,1212.87,136.4768415598294,118.47684155982941,False,m10
ETH,-10.0,1611144000,2021-01-20T12:00:00Z,2021-01-20,2021-01-20,1611158400,2021-01-20T16:00:00Z,4,4.0,1258.52,1365.36,8.489336681181063,52.01977404248461,1265.39,1273.29,62.43134527694983,44.43134527694983,False,m10
ETH,-10.0,1611712800,2021-01-27T02:00:00Z,2021-01-27,2021-01-27,1611727200,2021-01-27T06:00:00Z,4,4.0,1317.6,1366.54,3.7143290831815468,18.559603872588866,1319.53,1284.01,-269.1867558903549,-287.1867558903549,False,m10
ETH,-10.0,1611979200,2021-01-30T04:00:00Z,2021-01-30,2021-01-30,1611993600,2021-01-30T08:00:00Z,4,4.0,1329.44,1379.56,3.770008424599823,14.640848952590963,1342.71,1346.87,30.98211825338204,12.98211825338204,False,m10
ETH,-10.0,1613106000,2021-02-12T05:00:00Z,2021-02-12,2021-02-12,1613120400,2021-02-12T09:00:00Z,4,4.0,1740.76,1785.83,2.5890990142236685,42.453353857354855,1749.34,1765.86,94.43561571792713,76.43561571792713,False,m10
ETH,-10.0,1613217600,2021-02-13T12:00:00Z,2021-02-13,2021-02-13,1613232000,2021-02-13T16:00:00Z,4,4.0,1785.83,1840.24,3.046762569785483,21.4340040859243,1782.95,1816.54,188.39563644521772,170.39563644521772,False,m10
ETH,-10.0,1614247200,2021-02-25T10:00:00Z,2021-02-25,2021-02-25,1614261600,2021-02-25T14:00:00Z,4,4.0,1577.79,1623.16,2.875541104963279,53.99271870225755,1595.95,1645.18,308.4683104107278,290.4683104107278,False,m10
ETH,-10.0,1615341600,2021-03-10T02:00:00Z,2021-03-10,2021-03-10,1615356000,2021-03-10T06:00:00Z,4,4.0,1833.22,1870.5,2.0335802576886555,41.937769133880835,1826.15,1800.72,-139.2547162062263,-157.2547162062263,False,m10
ETH,-10.0,1617602400,2021-04-05T06:00:00Z,2021-04-05,2021-04-05,1617616800,2021-04-05T10:00:00Z,4,4.0,2008.59,2075.7,3.3411497617731793,17.323328717171705,2011.06,2044.39,165.73349377940082,147.73349377940082,False,m10
ETH,-10.0,1618549200,2021-04-16T05:00:00Z,2021-04-16,2021-04-16,1618563600,2021-04-16T09:00:00Z,4,4.0,2432.59,2514.04,3.3482831056610367,10.957498478920023,2422.77,2419.1,-15.147950486427142,-33.14795048642714,False,m10
ETH,-10.0,1619672400,2021-04-29T05:00:00Z,2021-04-29,2021-04-29,1619686800,2021-04-29T09:00:00Z,4,4.0,2666.13,2748.23,3.079369723156782,-6.952019915573173,2679.12,2716.35,138.96354026695423,120.96354026695423,False,m10
ETH,-10.0,1620849600,2021-05-12T20:00:00Z,2021-05-12,2021-05-12,1620864000,2021-05-13T00:00:00Z,4,4.0,3946.63,4173.46,5.747435153536053,-9.415845223888477,4083.92,3823.21,-638.3817508668144,-656.3817508668144,True,m10
ETH,-10.0,1623790800,2021-06-15T21:00:00Z,2021-06-15,2021-06-15,1623805200,2021-06-16T01:00:00Z,4,4.0,2509.33,2580.58,2.839403346710078,-9.418337128523518,2521.7,2518.79,-11.539834238806224,-29.539834238806222,True,m10
ETH,-10.0,1624248000,2021-06-21T04:00:00Z,2021-06-21,2021-06-21,1624262400,2021-06-21T08:00:00Z,4,4.0,2165.34,2243.49,3.60913297680732,-6.230324056846954,2157.07,2012.43,-670.5392036419777,-688.5392036419777,False,m10
ETH,-10.0,1625122800,2021-07-01T07:00:00Z,2021-07-01,2021-07-01,1625137200,2021-07-01T11:00:00Z,4,4.0,2165.46,2275.68,5.089911612313309,-9.22132057909833,2160.8,2112.04,-225.6571640133298,-243.6571640133298,True,m10
ETH,-10.0,1625486400,2021-07-05T12:00:00Z,2021-07-05,2021-07-05,1625500800,2021-07-05T16:00:00Z,4,4.0,2226.99,2322.69,4.297280185362318,-6.940340825137399,2194.91,2206.24,51.6194285870486,33.6194285870486,False,m10
ETH,-10.0,1627221600,2021-07-25T14:00:00Z,2021-07-25,2021-07-25,1627236000,2021-07-25T18:00:00Z,4,4.0,2124.26,2184.9,2.8546411456224696,3.613667443646241,2131.96,2151.5,91.65275145875063,73.65275145875063,False,m10
ETH,-10.0,1627956000,2021-08-03T02:00:00Z,2021-08-03,2021-08-03,1627970400,2021-08-03T06:00:00Z,4,4.0,2555.5,2606.92,2.0121306984934484,12.699558666728219,2546.84,2472.23,-292.95126509714,-310.95126509714,False,m10
ETH,-10.0,1628254800,2021-08-06T13:00:00Z,2021-08-06,2021-08-06,1628269200,2021-08-06T17:00:00Z,4,4.0,2724.55,2827.01,3.760621019984953,16.953679435700796,2769.97,2860.99,328.5956165590243,310.5956165590243,False,m10
ETH,-10.0,1629817200,2021-08-24T15:00:00Z,2021-08-24,2021-08-24,1629831600,2021-08-24T19:00:00Z,4,4.0,3238.0,3321.28,2.5719579987646757,42.29457783475213,3238.0,3188.67,-152.34712785670123,-170.34712785670123,False,m10
ETH,-10.0,1631502000,2021-09-13T03:00:00Z,2021-09-13,2021-09-13,1631516400,2021-09-13T07:00:00Z,4,4.0,3267.1,3404.3,4.199442931039768,-5.427802104256152,3291.17,3278.6,-38.19310457983116,-56.19310457983116,False,m10
ETH,-10.0,1632456000,2021-09-24T04:00:00Z,2021-09-24,2021-09-24,1632470400,2021-09-24T08:00:00Z,4,4.0,3076.92,3152.41,2.4534274534274463,-7.6974015928404125,3074.93,3087.82,41.919653455526614,23.919653455526614,True,m10
ETH,-10.0,1633510800,2021-10-06T09:00:00Z,2021-10-06,2021-10-06,1633525200,2021-10-06T13:00:00Z,4,4.0,3386.31,3515.48,3.8144765245946197,-1.8924789699829876,3379.16,3456.21,228.0152463925944,210.0152463925944,False,m10
ETH,-10.0,1634036400,2021-10-12T11:00:00Z,2021-10-12,2021-10-12,1634050800,2021-10-12T15:00:00Z,4,4.0,3414.22,3542.12,3.7460972052181787,24.45159699352071,3462.6,3485.15,65.12447293941071,47.12447293941071,False,m10
ETH,-10.0,1635094800,2021-10-24T17:00:00Z,2021-10-24,2021-10-24,1635109200,2021-10-24T21:00:00Z,4,4.0,3972.19,4167.13,4.907620229646619,43.076847226887125,4029.51,4066.0,90.55691634963114,72.55691634963114,False,m10
ETH,-10.0,1635584400,2021-10-30T09:00:00Z,2021-10-30,2021-10-30,1635598800,2021-10-30T13:00:00Z,4,4.0,4286.01,4418.89,3.1003194112939565,42.42918877721279,4319.3,4324.97,13.127127080776457,-4.872872919223543,False,m10
ETH,-10.0,1637535600,2021-11-21T23:00:00Z,2021-11-21,2021-11-21,1637542800,2021-11-22T01:00:00Z,4,2.0,4294.75,4412.17,2.7340357413120686,-2.5211765006600517,4313.39,4229.5,-194.4873985426787,-212.4873985426787,False,m10
ETH,-10.0,1637917200,2021-11-26T09:00:00Z,2021-11-26,2021-11-26,1637931600,2021-11-26T13:00:00Z,4,4.0,4270.1,4524.48,5.957237535420696,-6.77292679945074,4099.94,4050.99,-119.3919911023089,-137.3919911023089,False,m10
ETH,-10.0,1644325200,2022-02-08T13:00:00Z,2022-02-08,2022-02-08,1644339600,2022-02-08T17:00:00Z,4,4.0,3055.0,3139.77,2.7747954173486082,4.1007517190464915,3066.36,3044.73,-70.53966266191924,-88.53966266191924,False,m10
ETH,-10.0,1644505200,2022-02-10T15:00:00Z,2022-02-10,2022-02-10,1644519600,2022-02-10T19:00:00Z,4,4.0,3116.69,3243.6,4.07194812445254,6.517650449065851,3170.0,3186.13,50.883280757099136,32.883280757099136,False,m10
ETH,-10.0,1646924400,2022-03-10T15:00:00Z,2022-03-10,2022-03-10,1646938800,2022-03-10T19:00:00Z,4,4.0,2575.98,2726.98,5.861846753468583,-9.857705411122843,2595.44,2596.79,5.201430200658663,-12.798569799341337,True,m10
ETH,-10.0,1647331200,2022-03-15T08:00:00Z,2022-03-15,2022-03-15,1647345600,2022-03-15T12:00:00Z,4,4.0,2515.66,2589.42,2.932033740648586,-9.367307674170764,2532.27,2534.8,9.991035711043317,-8.008964288956683,True,m10
ETH,-10.0,1648605600,2022-03-30T02:00:00Z,2022-03-30,2022-03-30,1648620000,2022-03-30T06:00:00Z,4,4.0,3332.91,3400.51,2.0282575887137777,23.424363689514458,3347.0,3404.8,172.6919629518986,154.6919629518986,False,m10
ETH,-10.0,1649084400,2022-04-04T15:00:00Z,2022-04-04,2022-04-04,1649098800,2022-04-04T19:00:00Z,4,4.0,3443.77,3521.9,2.268734555443601,17.336375928558663,3447.26,3460.92,39.62567372347792,21.625673723477917,False,m10
ETH,-10.0,1649635200,2022-04-11T00:00:00Z,2022-04-11,2022-04-10,1649638800,2022-04-11T01:00:00Z,4,1.0,3192.39,3258.57,2.0730549838835572,8.854423119079295,3203.04,3203.89,2.6537289574890544,-15.346271042510946,False,m10
ETH,-10.0,1649952000,2022-04-14T16:00:00Z,2022-04-14,2022-04-14,1649966400,2022-04-14T20:00:00Z,4,4.0,3027.65,3118.28,2.9934107310950773,2.4269096301596815,3015.9,2995.75,-66.81256009814729,-84.81256009814729,False,m10
ETH,-10.0,1654642800,2022-06-07T23:00:00Z,2022-06-07,2022-06-07,1654650000,2022-06-08T01:00:00Z,4,2.0,1806.22,1859.84,2.9686306208545963,-8.797334054553028,1808.77,1814.17,29.85454203685345,11.854542036853449,True,m10
ETH,-10.0,1657954800,2022-07-16T07:00:00Z,2022-07-16,2022-07-16,1657969200,2022-07-16T11:00:00Z,4,4.0,1193.42,1231.25,3.169881516984794,-5.731663846008085,1198.19,1198.11,-0.6676737412281142,-18.667673741228114,False,m10
ETH,-10.0,1658520000,2022-07-22T20:00:00Z,2022-07-22,2022-07-22,1658534400,2022-07-23T00:00:00Z,4,4.0,1521.63,1575.45,3.5369965103211642,12.272596675305971,1526.2,1535.27,59.42864631109934,41.42864631109934,False,m10
ETH,-10.0,1658714400,2022-07-25T02:00:00Z,2022-07-25,2022-07-25,1658728800,2022-07-25T06:00:00Z,4,4.0,1548.66,1597.7,3.1666085519093903,4.097681672919581,1544.4,1528.01,-106.12535612535723,-124.12535612535723,False,m10
ETH,-10.0,1660046400,2022-08-09T12:00:00Z,2022-08-09,2022-08-09,1660060800,2022-08-09T16:00:00Z,4,4.0,1700.2,1777.05,4.520056463945413,9.210847513642005,1704.04,1684.63,-113.90577685969738,-131.90577685969737,False,m10
ETH,-10.0,1661151600,2022-08-22T07:00:00Z,2022-08-22,2022-08-22,1661166000,2022-08-22T11:00:00Z,4,4.0,1576.03,1618.13,2.671268947926127,-6.4693575194086455,1584.63,1573.19,-72.19350889482112,-90.19350889482112,False,m10
ETH,-10.0,1661306400,2022-08-24T02:00:00Z,2022-08-24,2022-08-24,1661320800,2022-08-24T06:00:00Z,4,4.0,1624.65,1665.4,2.508232542393746,-4.23639814063413,1622.67,1637.77,93.0565056357735,75.0565056357735,False,m10
ETH,-10.0,1661493600,2022-08-26T06:00:00Z,2022-08-26,2022-08-26,1661508000,2022-08-26T10:00:00Z,4,4.0,1656.56,1695.11,2.3271116047713307,0.7389191542434903,1661.19,1660.63,-3.3710773602058097,-21.37107736020581,False,m10
ETH,-10.0,1663495200,2022-09-18T10:00:00Z,2022-09-18,2022-09-18,1663509600,2022-09-18T14:00:00Z,4,4.0,1433.9,1468.82,2.435316270311726,-8.820488443115732,1424.18,1435.02,76.1139743571726,58.113974357172594,True,m10
ETH,-10.0,1664978400,2022-10-05T14:00:00Z,2022-10-05,2022-10-05,1664992800,2022-10-05T18:00:00Z,4,4.0,1323.1,1361.5,2.902274960320467,0.8931316384057756,1323.75,1348.5,186.96883852691303,168.96883852691303,False,m10
ETH,-10.0,1675083600,2023-01-30T13:00:00Z,2023-01-30,2023-01-30,1675098000,2023-01-30T17:00:00Z,4,4.0,1572.1,1644.73,4.619935118631138,39.219652690969305,1577.4,1583.11,36.19880816533305,18.19880816533305,False,m10
ETH,-10.0,1679515200,2023-03-22T20:00:00Z,2023-03-22,2023-03-22,1679529600,2023-03-23T00:00:00Z,4,4.0,1732.77,1801.23,3.950899426929139,7.217458535014421,1716.84,1734.33,101.87320891871022,83.87320891871022,False,m10
ETH,-10.0,1679680800,2023-03-24T18:00:00Z,2023-03-24,2023-03-24,1679695200,2023-03-24T22:00:00Z,4,4.0,1734.34,1813.78,4.580416757959804,16.273004565433173,1737.51,1745.21,44.316291704795674,26.316291704795674,False,m10
ETH,-10.0,1680771600,2023-04-06T09:00:00Z,2023-04-06,2023-04-06,1680786000,2023-04-06T13:00:00Z,4,4.0,1870.38,1908.68,2.0477122296004,24.680622546295343,1879.66,1863.28,-87.14341955460058,-105.14341955460058,False,m10
ETH,-10.0,1683385200,2023-05-06T15:00:00Z,2023-05-06,2023-05-06,1683399600,2023-05-06T19:00:00Z,4,4.0,1877.07,1993.3,6.192097257960546,2.3390517866201566,1875.86,1900.26,130.07367287537485,112.07367287537485,False,m10
ETH,-10.0,1684900800,2023-05-24T04:00:00Z,2023-05-24,2023-05-24,1684915200,2023-05-24T08:00:00Z,4,4.0,1817.36,1854.06,2.01941277457411,-3.6144751727929836,1821.95,1814.07,-43.25036362139545,-61.25036362139545,False,m10
ETH,-10.0,1696273200,2023-10-02T19:00:00Z,2023-10-02,2023-10-02,1696287600,2023-10-02T23:00:00Z,4,4.0,1670.89,1733.8,3.76505933963336,7.707123271430083,1658.36,1661.3,17.728358136954725,-0.27164186304527504,False,m10
ETH,-10.0,1697569200,2023-10-17T19:00:00Z,2023-10-17,2023-10-17,1697583600,2023-10-17T23:00:00Z,4,4.0,1557.78,1599.41,2.6723927640616845,6.995571954605374,1553.64,1562.19,55.03205375762654,37.03205375762654,False,m10
ETH,-10.0,1700150400,2023-11-16T16:00:00Z,2023-11-16,2023-11-16,1700164800,2023-11-16T20:00:00Z,4,4.0,1979.4,2058.49,3.9956552490653574,27.91215710083578,1995.67,1964.99,-153.7328315803721,-171.7328315803721,False,m10
ETH,-10.0,1701763200,2023-12-05T08:00:00Z,2023-12-05,2023-12-05,1701777600,2023-12-05T12:00:00Z,4,4.0,2192.96,2243.36,2.298263534218594,18.103227134847792,2200.27,2204.86,20.86107614065691,2.861076140656909,False,m10
ETH,-10.0,1701864000,2023-12-06T12:00:00Z,2023-12-06,2023-12-06,1701878400,2023-12-06T16:00:00Z,4,4.0,2243.36,2293.33,2.22746237786177,24.428502701344932,2253.15,2252.25,-3.9944078290399254,-21.994407829039925,False,m10
ETH,-10.0,1702623600,2023-12-15T07:00:00Z,2023-12-15,2023-12-15,1702638000,2023-12-15T11:00:00Z,4,4.0,2260.16,2315.32,2.440535183349865,19.624392667720393,2259.62,2279.41,87.58109770669486,69.58109770669486,False,m10
ETH,-10.0,1704474000,2024-01-05T17:00:00Z,2024-01-05,2024-01-05,1704488400,2024-01-05T21:00:00Z,4,4.0,2209.72,2267.11,2.597161631337922,-1.4303390125792304,2211.82,2248.36,165.20331672559286,147.20331672559286,False,m10
ETH,-10.0,1705240800,2024-01-14T14:00:00Z,2024-01-14,2024-01-14,1705255200,2024-01-14T18:00:00Z,4,4.0,2522.55,2578.18,2.205308120750814,1.4275201345440283,2533.81,2530.95,-11.287349880220177,-29.287349880220177,False,m10
ETH,-10.0,1705532400,2024-01-17T23:00:00Z,2024-01-17,2024-01-17,1705539600,2024-01-18T01:00:00Z,4,2.0,2511.79,2587.41,3.010602000963452,0.49643504872845184,2528.61,2530.12,5.971660319303851,-12.02833968069615,False,m10
ETH,-10.0,1708423200,2024-02-20T10:00:00Z,2024-02-20,2024-02-20,1708437600,2024-02-20T14:00:00Z,4,4.0,2881.2,2944.8,2.207413577675981,23.986568786225206,2900.43,2997.61,335.0537678895904,317.0537678895904,False,m10
ETH,-10.0,1708498800,2024-02-21T07:00:00Z,2024-02-21,2024-02-21,1708513200,2024-02-21T11:00:00Z,4,4.0,2944.8,3014.81,2.3774110296115105,25.56907381669511,2951.06,2916.17,-118.22870426219656,-136.22870426219657,False,m10
ETH,-10.0,1709143200,2024-02-28T18:00:00Z,2024-02-28,2024-02-28,1709157600,2024-02-28T22:00:00Z,4,4.0,3175.95,3242.35,2.090713015003388,42.70580188140588,3342.02,3322.79,-57.54005062806322,-75.54005062806323,False,m10
ETH,-10.0,1709668800,2024-03-05T20:00:00Z,2024-03-05,2024-03-05,1709683200,2024-03-06T00:00:00Z,4,4.0,3487.8,3627.75,4.012558059521757,44.034023478508054,3376.46,3553.65,524.7803912973948,506.7803912973948,False,m10
ETH,-10.0,1710266400,2024-03-12T18:00:00Z,2024-03-12,2024-03-12,1710280800,2024-03-12T22:00:00Z,4,4.0,3878.47,4064.8,4.804214032853171,47.213927772715984,3950.56,3940.86,-24.55348102547439,-42.55348102547439,False,m10
ETH,-10.0,1710770400,2024-03-18T14:00:00Z,2024-03-18,2024-03-18,1710784800,2024-03-18T18:00:00Z,4,4.0,3523.09,3644.7,3.45179941471832,31.967103747869903,3546.11,3508.17,-106.99047688875973,-124.99047688875973,False,m10
ETH,-10.0,1711951200,2024-04-01T06:00:00Z,2024-04-01,2024-04-01,1711965600,2024-04-01T10:00:00Z,4,4.0,3505.65,3645.29,3.9832841270520407,11.548667035982477,3510.0,3539.93,85.27065527065503,67.27065527065503,False,m10
ETH,-10.0,1712685600,2024-04-09T18:00:00Z,2024-04-09,2024-04-09,1712700000,2024-04-09T22:00:00Z,4,4.0,3454.2,3694.61,6.959932835388812,-0.8493156881662604,3504.19,3509.2,14.297169959391898,-3.7028300406081023,False,m10
ETH,-10.0,1713492000,2024-04-19T02:00:00Z,2024-04-19,2024-04-19,1713506400,2024-04-19T06:00:00Z,4,4.0,2985.41,3064.4,2.645867736759783,-2.168918695769418,2941.96,3000.81,200.03671022039703,182.03671022039703,False,m10
ETH,-10.0,1716382800,2024-05-22T13:00:00Z,2024-05-22,2024-05-22,1716397200,2024-05-22T17:00:00Z,4,4.0,3661.79,3789.59,3.4900963736314803,5.528257389748523,3666.96,3762.36,260.16100530139363,242.16100530139363,False,m10
ETH,-10.0,1718902800,2024-06-20T17:00:00Z,2024-06-20,2024-06-20,1718917200,2024-06-20T21:00:00Z,4,4.0,3483.42,3560.51,2.2130549861917355,-6.861152812846867,3516.15,3525.97,27.92827382221974,9.92827382221974,False,m10
ETH,-10.0,1719594000,2024-06-28T17:00:00Z,2024-06-28,2024-06-28,1719608400,2024-06-28T21:00:00Z,4,4.0,3371.77,3450.44,2.3331959178710315,-9.792246871372399,3397.77,3390.19,-22.30874956221318,-40.30874956221318,True,m10
ETH,-10.0,1725408000,2024-09-04T00:00:00Z,2024-09-04,2024-09-03,1725411600,2024-09-04T01:00:00Z,4,1.0,2425.71,2538.0,4.629160122191027,-1.1575970151819892,2425.29,2396.28,-119.6145615575861,-137.61456155758611,False,m10
ETH,-10.0,1726653600,2024-09-18T10:00:00Z,2024-09-18,2024-09-18,1726668000,2024-09-18T14:00:00Z,4,4.0,2295.67,2341.79,2.0089995513292367,2.8413668171150905,2295.35,2295.15,-0.8713268129034724,-18.871326812903472,False,m10
ETH,-10.0,1732024800,2024-11-19T14:00:00Z,2024-11-19,2024-11-19,1732039200,2024-11-19T18:00:00Z,4,4.0,3075.99,3207.81,4.285449562579858,33.148015722000196,3082.19,3117.45,114.39917720841297,96.39917720841297,False,m10
ETH,-10.0,1735506000,2024-12-29T21:00:00Z,2024-12-29,2024-12-29,1735520400,2024-12-30T01:00:00Z,4,4.0,3333.51,3404.01,2.11488791094072,-3.5448582942529416,3359.37,3385.59,78.05034872610194,60.050348726101944,False,m10
ETH,-10.0,1737180000,2025-01-18T06:00:00Z,2025-01-18,2025-01-18,1737194400,2025-01-18T10:00:00Z,4,4.0,3308.04,3473.64,5.005985417346825,1.509634599246347,3294.0,3270.97,-69.91499696417769,-87.91499696417769,False,m10
ETH,-10.0,1737424800,2025-01-21T02:00:00Z,2025-01-21,2025-01-21,1737439200,2025-01-21T06:00:00Z,4,4.0,3215.2,3283.99,2.139524757402338,4.572665920805089,3250.63,3225.13,-78.44633194180828,-96.44633194180828,False,m10
ETH,-10.0,1738857600,2025-02-06T16:00:00Z,2025-02-06,2025-02-06,1738872000,2025-02-06T20:00:00Z,4,4.0,2731.19,2788.25,2.0891992135296316,-0.6321140522944527,2705.57,2689.57,-59.137261279508245,-77.13726127950824,False,m10
ETH,-10.0,1739862000,2025-02-18T07:00:00Z,2025-02-18,2025-02-18,1739876400,2025-02-18T11:00:00Z,4,4.0,2661.41,2744.05,3.1051209697115563,-9.648294956752633,2663.24,2695.24,120.15439840194597,102.15439840194597,True,m10
ETH,-10.0,1740369600,2025-02-24T04:00:00Z,2025-02-24,2025-02-24,1740384000,2025-02-24T08:00:00Z,4,4.0,2763.23,2819.7,2.0436228616510315,-9.28609043139699,2718.08,2722.01,14.45873557805566,-3.5412644219443408,True,m10
ETH,-10.0,1743634800,2025-04-02T23:00:00Z,2025-04-02,2025-04-02,1743642000,2025-04-03T01:00:00Z,4,2.0,1822.43,1904.98,4.529666434376078,-4.419304760155005,1798.05,1820.46,124.63502127304515,106.63502127304515,False,m10
ETH,-10.0,1744304400,2025-04-10T17:00:00Z,2025-04-10,2025-04-10,1744318800,2025-04-10T21:00:00Z,4,4.0,1473.41,1669.51,13.309262187714207,-2.375053448470754,1510.73,1531.28,136.0269538567449,118.02695385674491,False,m10
ETH,-10.0,1744552800,2025-04-13T14:00:00Z,2025-04-13,2025-04-13,1744567200,2025-04-13T18:00:00Z,4,4.0,1566.85,1644.19,4.93601812553851,-0.0036243082714595364,1574.26,1636.77,397.07545132316113,379.07545132316113,False,m10
ETH,-10.0,1745470800,2025-04-24T05:00:00Z,2025-04-24,2025-04-24,1745485200,2025-04-24T09:00:00Z,4,4.0,1756.25,1795.08,2.2109608540925225,7.16313427694979,1772.32,1734.91,-211.07926333844838,-229.07926333844838,False,m10
ETH,-10.0,1745762400,2025-04-27T14:00:00Z,2025-04-27,2025-04-27,1745776800,2025-04-27T18:00:00Z,4,4.0,1784.6,1820.87,2.032388210243191,10.66674118173047,1797.96,1798.12,0.8898974393201087,-17.11010256067989,False,m10
ETH,-10.0,1748001600,2025-05-23T12:00:00Z,2025-05-23,2025-05-23,1748016000,2025-05-23T16:00:00Z,4,4.0,2551.0,2664.83,4.462171697373576,16.70162233308131,2566.79,2568.53,6.778895040109312,-11.221104959890688,False,m10
ETH,-10.0,1751295600,2025-06-30T15:00:00Z,2025-06-30,2025-06-30,1751310000,2025-06-30T19:00:00Z,4,4.0,2435.62,2500.09,2.64696463323508,2.131889098161386,2438.61,2485.82,193.593891602184,175.593891602184,False,m10
ETH,-10.0,1751907600,2025-07-07T17:00:00Z,2025-07-07,2025-07-07,1751922000,2025-07-07T21:00:00Z,4,4.0,2516.42,2570.35,2.1431239618187674,2.4928457984324455,2524.21,2534.17,39.45788979522247,21.45788979522247,False,m10
ETH,-10.0,1753412400,2025-07-25T03:00:00Z,2025-07-25,2025-07-25,1753426800,2025-07-25T07:00:00Z,4,4.0,3628.29,3706.95,2.167963420784994,9.278355453480067,3615.97,3631.61,43.25257123261706,25.252571232617058,False,m10
ETH,-10.0,1755176400,2025-08-14T13:00:00Z,2025-08-14,2025-08-14,1755190800,2025-08-14T17:00:00Z,4,4.0,4590.52,4749.31,3.459085245244546,1.4182002723793659,4567.33,4546.48,-45.65030335009767,-63.65030335009767,False,m10
ETH,-10.0,1756998000,2025-09-04T15:00:00Z,2025-09-04,2025-09-04,1757012400,2025-09-04T19:00:00Z,4,4.0,4326.49,4450.46,2.865371236267743,-2.826602447054561,4341.68,4274.03,-155.81526045217674,-173.81526045217674,False,m10
ETH,-10.0,1759852800,2025-10-07T16:00:00Z,2025-10-07,2025-10-07,1759867200,2025-10-07T20:00:00Z,4,4.0,4514.32,4684.02,3.7591486646937025,9.445810603234573,4511.99,4479.44,-72.14111733403695,-90.14111733403695,False,m10
ETH,-10.0,1760414400,2025-10-14T04:00:00Z,2025-10-14,2025-10-14,1760428800,2025-10-14T08:00:00Z,4,4.0,4152.29,4240.86,2.133039840666228,-1.884492027056018,4153.56,3981.19,-414.9934032492619,-432.9934032492619,False,m10
ETH,-10.0,1767780000,2026-01-07T10:00:00Z,2026-01-07,2026-01-07,1767794400,2026-01-07T14:00:00Z,4,4.0,3224.99,3296.83,2.227603806523436,-0.21311684804664793,3200.18,3212.04,37.0604153516374,19.060415351637403,False,m10
ETH,-10.0,1776513600,2026-04-18T12:00:00Z,2026-04-18,2026-04-18,1776528000,2026-04-18T16:00:00Z,4,4.0,2348.16,2419.0,3.016830198964302,8.700587182062183,2352.96,2363.64,45.38963688290431,27.389636882904313,False,m10
ETH,-10.0,1776938400,2026-04-23T10:00:00Z,2026-04-23,2026-04-23,1776952800,2026-04-23T14:00:00Z,4,4.0,2327.15,2374.08,2.016629783211217,8.887604170508078,2316.25,2319.82,15.412844036697404,-2.587155963302596,False,m10
ETH,-10.0,1777269600,2026-04-27T06:00:00Z,2026-04-27,2026-04-27,1777284000,2026-04-27T10:00:00Z,4,4.0,2319.49,2369.45,2.1539217672850515,17.24949089489448,2323.18,2322.19,-4.261400321970976,-22.261400321970974,False,m10
ETH,-10.0,1779660000,2026-05-24T22:00:00Z,2026-05-24,2026-05-24,1779670800,2026-05-25T01:00:00Z,4,3.0,2065.86,2117.69,2.5088824992981094,-1.786694469493581,2070.59,2104.95,165.9430403894535,147.9430403894535,False,m10
ETH,-10.0,1785740400,2026-08-03T07:00:00Z,2026-08-03,2026-08-03,1785754800,2026-08-03T11:00:00Z,4,4.0,1844.95,1885.36,2.190303260250947,0.19774396836095948,1849.28,1846.24,-16.43883024744719,-34.438830247447186,False,m10
ETH,-10.0,1788285600,2026-09-01T18:00:00Z,2026-09-01,2026-09-01,1788300000,2026-09-01T22:00:00Z,4,4.0,2416.89,2467.64,2.0998059489674747,22.062319471572632,2418.18,2415.46,-11.248128757990195,-29.248128757990195,False,m10
ETH,-7.0,1578898800,2020-01-13T07:00:00Z,2020-01-13,2020-01-13,1578913200,2020-01-13T11:00:00Z,4,4.0,142.4,146.56,2.921348314606739,11.244771029017336,142.42,143.97,108.83302906895098,90.83302906895098,False,m7
ETH,-7.0,1579435200,2020-01-19T12:00:00Z,2020-01-19,2020-01-19,1579449600,2020-01-19T16:00:00Z,4,4.0,169.92,174.1,2.4599811676082903,21.427232673613545,166.62,164.81,-108.63041651662519,-126.63041651662519,False,m7
ETH,-7.0,1580612400,2020-02-02T03:00:00Z,2020-02-02,2020-02-02,1580626800,2020-02-02T07:00:00Z,4,4.0,179.94,183.63,2.050683561187061,33.21819551293108,180.52,186.04,305.7832927099491,287.7832927099491,False,m7
ETH,-7.0,1581134400,2020-02-08T04:00:00Z,2020-02-08,2020-02-08,1581148800,2020-02-08T08:00:00Z,4,4.0,213.16,223.36,4.785137924563716,22.11756039181769,217.32,220.45,144.02724093502738,126.02724093502738,False,m7
ETH,-7.0,1581310800,2020-02-10T05:00:00Z,2020-02-10,2020-02-10,1581325200,2020-02-10T09:00:00Z,4,4.0,223.01,228.53,2.4752253262185597,23.875129037106017,224.43,220.94,-155.50505725616003,-173.50505725616003,False,m7
ETH,-7.0,1581782400,2020-02-15T16:00:00Z,2020-02-15,2020-02-15,1581796800,2020-02-15T20:00:00Z,4,4.0,268.34,285.11,6.249534173064038,14.617188020234165,274.06,266.63,-271.1085163832738,-289.1085163832738,False,m7
ETH,-7.0,1582034400,2020-02-18T14:00:00Z,2020-02-18,2020-02-18,1582048800,2020-02-18T18:00:00Z,4,4.0,258.89,267.9,3.480242574066202,11.568779696372703,263.17,280.55,660.4096211574273,642.4096211574273,False,m7
ETH,-7.0,1582149600,2020-02-19T22:00:00Z,2020-02-19,2020-02-19,1582160400,2020-02-20T01:00:00Z,4,3.0,267.9,282.64,5.50205300485256,10.617571404249043,262.94,262.66,-10.64881722065758,-28.64881722065758,False,m7
ETH,-7.0,1582354800,2020-02-22T07:00:00Z,2020-02-22,2020-02-22,1582369200,2020-02-22T11:00:00Z,4,4.0,256.97,265.32,3.2494065455111354,12.477211909325668,257.99,259.53,59.69223613318198,41.69223613318198,False,m7
ETH,-7.0,1582570800,2020-02-24T19:00:00Z,2020-02-24,2020-02-24,1582585200,2020-02-24T23:00:00Z,4,4.0,261.55,274.5,4.951252150640408,14.953429012963609,262.41,263.72,49.92187797721037,31.92187797721037,False,m7
ETH,-7.0,1590508800,2020-05-26T16:00:00Z,2020-05-26,2020-05-26,1590523200,2020-05-26T20:00:00Z,4,4.0,199.9,204.22,2.161080540270132,15.660549157655193,197.63,199.3,84.5013408895423,66.5013408895423,False,m7
ETH,-7.0,1591110000,2020-06-02T15:00:00Z,2020-06-02,2020-06-02,1591124400,2020-06-02T19:00:00Z,4,4.0,231.56,248.23,7.198998099844527,9.288932486226905,234.33,234.86,22.61767592711239,4.617675927112391,False,m7
ETH,-7.0,1591264800,2020-06-04T10:00:00Z,2020-06-04,2020-06-04,1591279200,2020-06-04T14:00:00Z,4,4.0,237.71,244.54,2.8732489167472903,6.246437503958332,240.73,245.0,177.37714451875553,159.37714451875553,False,m7
ETH,-7.0,1593705600,2020-07-02T16:00:00Z,2020-07-02,2020-07-02,1593720000,2020-07-02T20:00:00Z,4,4.0,225.59,230.99,2.393723126025092,-4.43445374867591,225.07,225.72,28.879904029857073,10.879904029857073,False,m7
ETH,-7.0,1594310400,2020-07-09T16:00:00Z,2020-07-09,2020-07-09,1594324800,2020-07-09T20:00:00Z,4,4.0,239.39,246.94,3.15384936714149,-5.260450478349029,239.87,239.98,4.5858173177126815,-13.414182682287318,False,m7
ETH,-7.0,1595930400,2020-07-28T10:00:00Z,2020-07-28,2020-07-28,1595944800,2020-07-28T14:00:00Z,4,4.0,311.02,321.95,3.514243457012413,18.68053037958085,310.18,315.33,166.0326262170342,148.0326262170342,False,m7
ETH,-7.0,1596344400,2020-08-02T05:00:00Z,2020-08-02,2020-08-02,1596358800,2020-08-02T09:00:00Z,4,4.0,346.32,387.01,11.74924924924925,22.810138523464563,372.15,375.33,85.44941555824303,67.44941555824303,False,m7
ETH,-7.0,1597312800,2020-08-13T10:00:00Z,2020-08-13,2020-08-13,1597327200,2020-08-13T14:00:00Z,4,4.0,378.99,387.18,2.161006886725243,23.948232025401342,386.4,390.79,113.6128364389255,95.6128364389255,False,m7
ETH,-7.0,1598007600,2020-08-21T11:00:00Z,2020-08-21,2020-08-21,1598022000,2020-08-21T15:00:00Z,4,4.0,407.46,415.94,2.0811858832768904,26.00417648318698,408.53,405.22,-81.02220155190464,-99.02220155190464,False,m7
ETH,-7.0,1598346000,2020-08-25T09:00:00Z,2020-08-25,2020-08-25,1598360400,2020-08-25T13:00:00Z,4,4.0,390.72,407.68,4.340704340704335,18.52909507023512,393.92,389.25,-118.55199025182839,-136.55199025182839,False,m7
ETH,-7.0,1599048000,2020-09-02T12:00:00Z,2020-09-02,2020-09-02,1599062400,2020-09-02T16:00:00Z,4,4.0,433.8,475.4,9.589672660212072,1.5570992793251712,441.88,432.49,-212.50113152892158,-230.50113152892158,False,m7
ETH,-7.0,1602601200,2020-10-13T15:00:00Z,2020-10-13,2020-10-13,1602615600,2020-10-13T19:00:00Z,4,4.0,374.17,386.51,3.297966165112108,10.319541917600175,379.65,377.71,-51.09969708942397,-69.09969708942397,False,m7
ETH,-7.0,1603875600,2020-10-28T09:00:00Z,2020-10-28,2020-10-28,1603890000,2020-10-28T13:00:00Z,4,4.0,392.52,403.41,2.774380923265068,26.070979818488,397.01,390.18,-172.03596886728235,-190.03596886728235,False,m7
ETH,-7.0,1604307600,2020-11-02T09:00:00Z,2020-11-02,2020-11-02,1604322000,2020-11-02T13:00:00Z,4,4.0,386.44,396.68,2.6498292102266867,27.969976188799407,384.33,380.66,-95.49085421382553,-113.49085421382553,False,m7
ETH,-7.0,1604941200,2020-11-09T17:00:00Z,2020-11-09,2020-11-09,1604955600,2020-11-09T21:00:00Z,4,4.0,435.2,454.29,4.386488970588243,33.321864118030575,442.44,446.83,99.22249344543887,81.22249344543887,False,m7
ETH,-7.0,1605344400,2020-11-14T09:00:00Z,2020-11-14,2020-11-14,1605358800,2020-11-14T13:00:00Z,4,4.0,462.48,476.42,3.01418439716312,40.70189606803486,462.94,460.26,-57.8908713872206,-75.8908713872206,False,m7
ETH,-7.0,1605679200,2020-11-18T06:00:00Z,2020-11-18,2020-11-18,1605693600,2020-11-18T10:00:00Z,4,4.0,460.51,482.11,4.690451890295547,54.02247316705252,470.02,476.87,145.7384792136507,127.73847921365069,False,m7
ETH,-7.0,1606827600,2020-12-01T13:00:00Z,2020-12-01,2020-12-01,1606842000,2020-12-01T17:00:00Z,4,4.0,576.32,616.65,6.997848417545795,34.816840486584326,576.85,594.19,300.59807575626206,282.59807575626206,False,m7
ETH,-7.0,1607079600,2020-12-04T11:00:00Z,2020-12-04,2020-12-04,1607094000,2020-12-04T15:00:00Z,4,4.0,596.88,615.84,3.176517893043834,38.64245691701913,593.25,591.94,-22.0817530552031,-40.0817530552031,False,m7
ETH,-7.0,1607598000,2020-12-10T11:00:00Z,2020-12-10,2020-12-10,1607612400,2020-12-10T15:00:00Z,4,4.0,554.92,573.2,3.29416852879696,18.554942979940076,554.1,552.59,-27.25139866450066,-45.251398664500655,False,m7
ETH,-7.0,1608710400,2020-12-23T08:00:00Z,2020-12-23,2020-12-23,1608724800,2020-12-23T12:00:00Z,4,4.0,607.68,636.41,4.727817272248555,27.617098806867208,615.92,602.1,-224.37978958306127,-242.37978958306127,False,m7
ETH,-7.0,1609380000,2020-12-31T02:00:00Z,2020-12-31,2020-12-31,1609394400,2020-12-31T06:00:00Z,4,4.0,732.0,752.17,2.7554644808743114,46.60785738877625,737.28,741.39,55.74544270833259,37.74544270833259,False,m7
ETH,-7.0,1609826400,2021-01-05T06:00:00Z,2021-01-05,2021-01-05,1609840800,2021-01-05T10:00:00Z,4,4.0,978.33,1041.45,6.451810738707799,58.91968293601128,989.83,1035.85,464.9283210248201,446.9283210248201,False,m7
ETH,-7.0,1610312400,2021-01-10T21:00:00Z,2021-01-10,2021-01-10,1610326800,2021-01-11T01:00:00Z,4,4.0,1216.72,1276.0,4.872115194950356,109.74871113597425,1258.34,1218.8,-314.2235008026439,-332.2235008026439,False,m7
ETH,-7.0,1610726400,2021-01-15T16:00:00Z,2021-01-15,2021-01-15,1610740800,2021-01-15T20:00:00Z,4,4.0,1129.79,1231.89,9.03707768700379,72.35410817385296,1141.52,1133.74,-68.15474104702513,-86.15474104702513,False,m7
ETH,-7.0,1610874000,2021-01-17T09:00:00Z,2021-01-17,2021-01-17,1610888400,2021-01-17T13:00:00Z,4,4.0,1168.48,1227.83,5.079248254142126,50.26203945171155,1196.54,1212.87,136.4768415598294,118.47684155982941,False,m7
ETH,-7.0,1611144000,2021-01-20T12:00:00Z,2021-01-20,2021-01-20,1611158400,2021-01-20T16:00:00Z,4,4.0,1258.52,1365.36,8.489336681181063,52.01977404248461,1265.39,1273.29,62.43134527694983,44.43134527694983,False,m7
ETH,-7.0,1611712800,2021-01-27T02:00:00Z,2021-01-27,2021-01-27,1611727200,2021-01-27T06:00:00Z,4,4.0,1317.6,1366.54,3.7143290831815468,18.559603872588866,1319.53,1284.01,-269.1867558903549,-287.1867558903549,False,m7
ETH,-7.0,1611979200,2021-01-30T04:00:00Z,2021-01-30,2021-01-30,1611993600,2021-01-30T08:00:00Z,4,4.0,1329.44,1379.56,3.770008424599823,14.640848952590963,1342.71,1346.87,30.98211825338204,12.98211825338204,False,m7
ETH,-7.0,1613106000,2021-02-12T05:00:00Z,2021-02-12,2021-02-12,1613120400,2021-02-12T09:00:00Z,4,4.0,1740.76,1785.83,2.5890990142236685,42.453353857354855,1749.34,1765.86,94.43561571792713,76.43561571792713,False,m7
ETH,-7.0,1613217600,2021-02-13T12:00:00Z,2021-02-13,2021-02-13,1613232000,2021-02-13T16:00:00Z,4,4.0,1785.83,1840.24,3.046762569785483,21.4340040859243,1782.95,1816.54,188.39563644521772,170.39563644521772,False,m7
ETH,-7.0,1614247200,2021-02-25T10:00:00Z,2021-02-25,2021-02-25,1614261600,2021-02-25T14:00:00Z,4,4.0,1577.79,1623.16,2.875541104963279,53.99271870225755,1595.95,1645.18,308.4683104107278,290.4683104107278,False,m7
ETH,-7.0,1615341600,2021-03-10T02:00:00Z,2021-03-10,2021-03-10,1615356000,2021-03-10T06:00:00Z,4,4.0,1833.22,1870.5,2.0335802576886555,41.937769133880835,1826.15,1800.72,-139.2547162062263,-157.2547162062263,False,m7
ETH,-7.0,1617602400,2021-04-05T06:00:00Z,2021-04-05,2021-04-05,1617616800,2021-04-05T10:00:00Z,4,4.0,2008.59,2075.7,3.3411497617731793,17.323328717171705,2011.06,2044.39,165.73349377940082,147.73349377940082,False,m7
ETH,-7.0,1618549200,2021-04-16T05:00:00Z,2021-04-16,2021-04-16,1618563600,2021-04-16T09:00:00Z,4,4.0,2432.59,2514.04,3.3482831056610367,10.957498478920023,2422.77,2419.1,-15.147950486427142,-33.14795048642714,False,m7
ETH,-7.0,1619672400,2021-04-29T05:00:00Z,2021-04-29,2021-04-29,1619686800,2021-04-29T09:00:00Z,4,4.0,2666.13,2748.23,3.079369723156782,-6.952019915573173,2679.12,2716.35,138.96354026695423,120.96354026695423,False,m7
ETH,-7.0,1624248000,2021-06-21T04:00:00Z,2021-06-21,2021-06-21,1624262400,2021-06-21T08:00:00Z,4,4.0,2165.34,2243.49,3.60913297680732,-6.230324056846954,2157.07,2012.43,-670.5392036419777,-688.5392036419777,False,m7
ETH,-7.0,1625486400,2021-07-05T12:00:00Z,2021-07-05,2021-07-05,1625500800,2021-07-05T16:00:00Z,4,4.0,2226.99,2322.69,4.297280185362318,-6.940340825137399,2194.91,2206.24,51.6194285870486,33.6194285870486,False,m7
ETH,-7.0,1627221600,2021-07-25T14:00:00Z,2021-07-25,2021-07-25,1627236000,2021-07-25T18:00:00Z,4,4.0,2124.26,2184.9,2.8546411456224696,3.613667443646241,2131.96,2151.5,91.65275145875063,73.65275145875063,False,m7
ETH,-7.0,1627956000,2021-08-03T02:00:00Z,2021-08-03,2021-08-03,1627970400,2021-08-03T06:00:00Z,4,4.0,2555.5,2606.92,2.0121306984934484,12.699558666728219,2546.84,2472.23,-292.95126509714,-310.95126509714,False,m7
ETH,-7.0,1628254800,2021-08-06T13:00:00Z,2021-08-06,2021-08-06,1628269200,2021-08-06T17:00:00Z,4,4.0,2724.55,2827.01,3.760621019984953,16.953679435700796,2769.97,2860.99,328.5956165590243,310.5956165590243,False,m7
ETH,-7.0,1629817200,2021-08-24T15:00:00Z,2021-08-24,2021-08-24,1629831600,2021-08-24T19:00:00Z,4,4.0,3238.0,3321.28,2.5719579987646757,42.29457783475213,3238.0,3188.67,-152.34712785670123,-170.34712785670123,False,m7
ETH,-7.0,1631502000,2021-09-13T03:00:00Z,2021-09-13,2021-09-13,1631516400,2021-09-13T07:00:00Z,4,4.0,3267.1,3404.3,4.199442931039768,-5.427802104256152,3291.17,3278.6,-38.19310457983116,-56.19310457983116,False,m7
ETH,-7.0,1632470400,2021-09-24T08:00:00Z,2021-09-24,2021-09-24,1632484800,2021-09-24T12:00:00Z,4,4.0,3076.92,3152.41,2.4534274534274463,-6.908607365564312,3087.82,2827.91,-841.7265255099071,-859.7265255099071,False,m7
ETH,-7.0,1633510800,2021-10-06T09:00:00Z,2021-10-06,2021-10-06,1633525200,2021-10-06T13:00:00Z,4,4.0,3386.31,3515.48,3.8144765245946197,-1.8924789699829876,3379.16,3456.21,228.0152463925944,210.0152463925944,False,m7
ETH,-7.0,1634036400,2021-10-12T11:00:00Z,2021-10-12,2021-10-12,1634050800,2021-10-12T15:00:00Z,4,4.0,3414.22,3542.12,3.7460972052181787,24.45159699352071,3462.6,3485.15,65.12447293941071,47.12447293941071,False,m7
ETH,-7.0,1635094800,2021-10-24T17:00:00Z,2021-10-24,2021-10-24,1635109200,2021-10-24T21:00:00Z,4,4.0,3972.19,4167.13,4.907620229646619,43.076847226887125,4029.51,4066.0,90.55691634963114,72.55691634963114,False,m7
ETH,-7.0,1635584400,2021-10-30T09:00:00Z,2021-10-30,2021-10-30,1635598800,2021-10-30T13:00:00Z,4,4.0,4286.01,4418.89,3.1003194112939565,42.42918877721279,4319.3,4324.97,13.127127080776457,-4.872872919223543,False,m7
ETH,-7.0,1637535600,2021-11-21T23:00:00Z,2021-11-21,2021-11-21,1637542800,2021-11-22T01:00:00Z,4,2.0,4294.75,4412.17,2.7340357413120686,-2.5211765006600517,4313.39,4229.5,-194.4873985426787,-212.4873985426787,False,m7
ETH,-7.0,1637917200,2021-11-26T09:00:00Z,2021-11-26,2021-11-26,1637931600,2021-11-26T13:00:00Z,4,4.0,4270.1,4524.48,5.957237535420696,-6.77292679945074,4099.94,4050.99,-119.3919911023089,-137.3919911023089,False,m7
ETH,-7.0,1644325200,2022-02-08T13:00:00Z,2022-02-08,2022-02-08,1644339600,2022-02-08T17:00:00Z,4,4.0,3055.0,3139.77,2.7747954173486082,4.1007517190464915,3066.36,3044.73,-70.53966266191924,-88.53966266191924,False,m7
ETH,-7.0,1644505200,2022-02-10T15:00:00Z,2022-02-10,2022-02-10,1644519600,2022-02-10T19:00:00Z,4,4.0,3116.69,3243.6,4.07194812445254,6.517650449065851,3170.0,3186.13,50.883280757099136,32.883280757099136,False,m7
ETH,-7.0,1648605600,2022-03-30T02:00:00Z,2022-03-30,2022-03-30,1648620000,2022-03-30T06:00:00Z,4,4.0,3332.91,3400.51,2.0282575887137777,23.424363689514458,3347.0,3404.8,172.6919629518986,154.6919629518986,False,m7
ETH,-7.0,1649084400,2022-04-04T15:00:00Z,2022-04-04,2022-04-04,1649098800,2022-04-04T19:00:00Z,4,4.0,3443.77,3521.9,2.268734555443601,17.336375928558663,3447.26,3460.92,39.62567372347792,21.625673723477917,False,m7
ETH,-7.0,1649635200,2022-04-11T00:00:00Z,2022-04-11,2022-04-10,1649638800,2022-04-11T01:00:00Z,4,1.0,3192.39,3258.57,2.0730549838835572,8.854423119079295,3203.04,3203.89,2.6537289574890544,-15.346271042510946,False,m7
ETH,-7.0,1649952000,2022-04-14T16:00:00Z,2022-04-14,2022-04-14,1649966400,2022-04-14T20:00:00Z,4,4.0,3027.65,3118.28,2.9934107310950773,2.4269096301596815,3015.9,2995.75,-66.81256009814729,-84.81256009814729,False,m7
ETH,-7.0,1657954800,2022-07-16T07:00:00Z,2022-07-16,2022-07-16,1657969200,2022-07-16T11:00:00Z,4,4.0,1193.42,1231.25,3.169881516984794,-5.731663846008085,1198.19,1198.11,-0.6676737412281142,-18.667673741228114,False,m7
ETH,-7.0,1658520000,2022-07-22T20:00:00Z,2022-07-22,2022-07-22,1658534400,2022-07-23T00:00:00Z,4,4.0,1521.63,1575.45,3.5369965103211642,12.272596675305971,1526.2,1535.27,59.42864631109934,41.42864631109934,False,m7
ETH,-7.0,1658714400,2022-07-25T02:00:00Z,2022-07-25,2022-07-25,1658728800,2022-07-25T06:00:00Z,4,4.0,1548.66,1597.7,3.1666085519093903,4.097681672919581,1544.4,1528.01,-106.12535612535723,-124.12535612535723,False,m7
ETH,-7.0,1660046400,2022-08-09T12:00:00Z,2022-08-09,2022-08-09,1660060800,2022-08-09T16:00:00Z,4,4.0,1700.2,1777.05,4.520056463945413,9.210847513642005,1704.04,1684.63,-113.90577685969738,-131.90577685969737,False,m7
ETH,-7.0,1661151600,2022-08-22T07:00:00Z,2022-08-22,2022-08-22,1661166000,2022-08-22T11:00:00Z,4,4.0,1576.03,1618.13,2.671268947926127,-6.4693575194086455,1584.63,1573.19,-72.19350889482112,-90.19350889482112,False,m7
ETH,-7.0,1661306400,2022-08-24T02:00:00Z,2022-08-24,2022-08-24,1661320800,2022-08-24T06:00:00Z,4,4.0,1624.65,1665.4,2.508232542393746,-4.23639814063413,1622.67,1637.77,93.0565056357735,75.0565056357735,False,m7
ETH,-7.0,1661493600,2022-08-26T06:00:00Z,2022-08-26,2022-08-26,1661508000,2022-08-26T10:00:00Z,4,4.0,1656.56,1695.11,2.3271116047713307,0.7389191542434903,1661.19,1660.63,-3.3710773602058097,-21.37107736020581,False,m7
ETH,-7.0,1663509600,2022-09-18T14:00:00Z,2022-09-18,2022-09-18,1663524000,2022-09-18T18:00:00Z,4,4.0,1433.9,1468.82,2.435316270311726,-6.724660514982754,1435.02,1377.62,-399.9944251648069,-417.9944251648069,False,m7
ETH,-7.0,1664978400,2022-10-05T14:00:00Z,2022-10-05,2022-10-05,1664992800,2022-10-05T18:00:00Z,4,4.0,1323.1,1361.5,2.902274960320467,0.8931316384057756,1323.75,1348.5,186.96883852691303,168.96883852691303,False,m7
ETH,-7.0,1675083600,2023-01-30T13:00:00Z,2023-01-30,2023-01-30,1675098000,2023-01-30T17:00:00Z,4,4.0,1572.1,1644.73,4.619935118631138,39.219652690969305,1577.4,1583.11,36.19880816533305,18.19880816533305,False,m7
ETH,-7.0,1679515200,2023-03-22T20:00:00Z,2023-03-22,2023-03-22,1679529600,2023-03-23T00:00:00Z,4,4.0,1732.77,1801.23,3.950899426929139,7.217458535014421,1716.84,1734.33,101.87320891871022,83.87320891871022,False,m7
ETH,-7.0,1679680800,2023-03-24T18:00:00Z,2023-03-24,2023-03-24,1679695200,2023-03-24T22:00:00Z,4,4.0,1734.34,1813.78,4.580416757959804,16.273004565433173,1737.51,1745.21,44.316291704795674,26.316291704795674,False,m7
ETH,-7.0,1680771600,2023-04-06T09:00:00Z,2023-04-06,2023-04-06,1680786000,2023-04-06T13:00:00Z,4,4.0,1870.38,1908.68,2.0477122296004,24.680622546295343,1879.66,1863.28,-87.14341955460058,-105.14341955460058,False,m7
ETH,-7.0,1683385200,2023-05-06T15:00:00Z,2023-05-06,2023-05-06,1683399600,2023-05-06T19:00:00Z,4,4.0,1877.07,1993.3,6.192097257960546,2.3390517866201566,1875.86,1900.26,130.07367287537485,112.07367287537485,False,m7
ETH,-7.0,1684900800,2023-05-24T04:00:00Z,2023-05-24,2023-05-24,1684915200,2023-05-24T08:00:00Z,4,4.0,1817.36,1854.06,2.01941277457411,-3.6144751727929836,1821.95,1814.07,-43.25036362139545,-61.25036362139545,False,m7
ETH,-7.0,1696273200,2023-10-02T19:00:00Z,2023-10-02,2023-10-02,1696287600,2023-10-02T23:00:00Z,4,4.0,1670.89,1733.8,3.76505933963336,7.707123271430083,1658.36,1661.3,17.728358136954725,-0.27164186304527504,False,m7
ETH,-7.0,1697569200,2023-10-17T19:00:00Z,2023-10-17,2023-10-17,1697583600,2023-10-17T23:00:00Z,4,4.0,1557.78,1599.41,2.6723927640616845,6.995571954605374,1553.64,1562.19,55.03205375762654,37.03205375762654,False,m7
ETH,-7.0,1700150400,2023-11-16T16:00:00Z,2023-11-16,2023-11-16,1700164800,2023-11-16T20:00:00Z,4,4.0,1979.4,2058.49,3.9956552490653574,27.91215710083578,1995.67,1964.99,-153.7328315803721,-171.7328315803721,False,m7
ETH,-7.0,1701763200,2023-12-05T08:00:00Z,2023-12-05,2023-12-05,1701777600,2023-12-05T12:00:00Z,4,4.0,2192.96,2243.36,2.298263534218594,18.103227134847792,2200.27,2204.86,20.86107614065691,2.861076140656909,False,m7
ETH,-7.0,1701864000,2023-12-06T12:00:00Z,2023-12-06,2023-12-06,1701878400,2023-12-06T16:00:00Z,4,4.0,2243.36,2293.33,2.22746237786177,24.428502701344932,2253.15,2252.25,-3.9944078290399254,-21.994407829039925,False,m7
ETH,-7.0,1702623600,2023-12-15T07:00:00Z,2023-12-15,2023-12-15,1702638000,2023-12-15T11:00:00Z,4,4.0,2260.16,2315.32,2.440535183349865,19.624392667720393,2259.62,2279.41,87.58109770669486,69.58109770669486,False,m7
ETH,-7.0,1704474000,2024-01-05T17:00:00Z,2024-01-05,2024-01-05,1704488400,2024-01-05T21:00:00Z,4,4.0,2209.72,2267.11,2.597161631337922,-1.4303390125792304,2211.82,2248.36,165.20331672559286,147.20331672559286,False,m7
ETH,-7.0,1705240800,2024-01-14T14:00:00Z,2024-01-14,2024-01-14,1705255200,2024-01-14T18:00:00Z,4,4.0,2522.55,2578.18,2.205308120750814,1.4275201345440283,2533.81,2530.95,-11.287349880220177,-29.287349880220177,False,m7
ETH,-7.0,1705532400,2024-01-17T23:00:00Z,2024-01-17,2024-01-17,1705539600,2024-01-18T01:00:00Z,4,2.0,2511.79,2587.41,3.010602000963452,0.49643504872845184,2528.61,2530.12,5.971660319303851,-12.02833968069615,False,m7
ETH,-7.0,1708423200,2024-02-20T10:00:00Z,2024-02-20,2024-02-20,1708437600,2024-02-20T14:00:00Z,4,4.0,2881.2,2944.8,2.207413577675981,23.986568786225206,2900.43,2997.61,335.0537678895904,317.0537678895904,False,m7
ETH,-7.0,1708498800,2024-02-21T07:00:00Z,2024-02-21,2024-02-21,1708513200,2024-02-21T11:00:00Z,4,4.0,2944.8,3014.81,2.3774110296115105,25.56907381669511,2951.06,2916.17,-118.22870426219656,-136.22870426219657,False,m7
ETH,-7.0,1709143200,2024-02-28T18:00:00Z,2024-02-28,2024-02-28,1709157600,2024-02-28T22:00:00Z,4,4.0,3175.95,3242.35,2.090713015003388,42.70580188140588,3342.02,3322.79,-57.54005062806322,-75.54005062806323,False,m7
ETH,-7.0,1709668800,2024-03-05T20:00:00Z,2024-03-05,2024-03-05,1709683200,2024-03-06T00:00:00Z,4,4.0,3487.8,3627.75,4.012558059521757,44.034023478508054,3376.46,3553.65,524.7803912973948,506.7803912973948,False,m7
ETH,-7.0,1710266400,2024-03-12T18:00:00Z,2024-03-12,2024-03-12,1710280800,2024-03-12T22:00:00Z,4,4.0,3878.47,4064.8,4.804214032853171,47.213927772715984,3950.56,3940.86,-24.55348102547439,-42.55348102547439,False,m7
ETH,-7.0,1710770400,2024-03-18T14:00:00Z,2024-03-18,2024-03-18,1710784800,2024-03-18T18:00:00Z,4,4.0,3523.09,3644.7,3.45179941471832,31.967103747869903,3546.11,3508.17,-106.99047688875973,-124.99047688875973,False,m7
ETH,-7.0,1711951200,2024-04-01T06:00:00Z,2024-04-01,2024-04-01,1711965600,2024-04-01T10:00:00Z,4,4.0,3505.65,3645.29,3.9832841270520407,11.548667035982477,3510.0,3539.93,85.27065527065503,67.27065527065503,False,m7
ETH,-7.0,1712685600,2024-04-09T18:00:00Z,2024-04-09,2024-04-09,1712700000,2024-04-09T22:00:00Z,4,4.0,3454.2,3694.61,6.959932835388812,-0.8493156881662604,3504.19,3509.2,14.297169959391898,-3.7028300406081023,False,m7
ETH,-7.0,1713492000,2024-04-19T02:00:00Z,2024-04-19,2024-04-19,1713506400,2024-04-19T06:00:00Z,4,4.0,2985.41,3064.4,2.645867736759783,-2.168918695769418,2941.96,3000.81,200.03671022039703,182.03671022039703,False,m7
ETH,-7.0,1716382800,2024-05-22T13:00:00Z,2024-05-22,2024-05-22,1716397200,2024-05-22T17:00:00Z,4,4.0,3661.79,3789.59,3.4900963736314803,5.528257389748523,3666.96,3762.36,260.16100530139363,242.16100530139363,False,m7
ETH,-7.0,1718902800,2024-06-20T17:00:00Z,2024-06-20,2024-06-20,1718917200,2024-06-20T21:00:00Z,4,4.0,3483.42,3560.51,2.2130549861917355,-6.861152812846867,3516.15,3525.97,27.92827382221974,9.92827382221974,False,m7
ETH,-7.0,1725408000,2024-09-04T00:00:00Z,2024-09-04,2024-09-03,1725411600,2024-09-04T01:00:00Z,4,1.0,2425.71,2538.0,4.629160122191027,-1.1575970151819892,2425.29,2396.28,-119.6145615575861,-137.61456155758611,False,m7
ETH,-7.0,1726653600,2024-09-18T10:00:00Z,2024-09-18,2024-09-18,1726668000,2024-09-18T14:00:00Z,4,4.0,2295.67,2341.79,2.0089995513292367,2.8413668171150905,2295.35,2295.15,-0.8713268129034724,-18.871326812903472,False,m7
ETH,-7.0,1732024800,2024-11-19T14:00:00Z,2024-11-19,2024-11-19,1732039200,2024-11-19T18:00:00Z,4,4.0,3075.99,3207.81,4.285449562579858,33.148015722000196,3082.19,3117.45,114.39917720841297,96.39917720841297,False,m7
ETH,-7.0,1735506000,2024-12-29T21:00:00Z,2024-12-29,2024-12-29,1735520400,2024-12-30T01:00:00Z,4,4.0,3333.51,3404.01,2.11488791094072,-3.5448582942529416,3359.37,3385.59,78.05034872610194,60.050348726101944,False,m7
ETH,-7.0,1737180000,2025-01-18T06:00:00Z,2025-01-18,2025-01-18,1737194400,2025-01-18T10:00:00Z,4,4.0,3308.04,3473.64,5.005985417346825,1.509634599246347,3294.0,3270.97,-69.91499696417769,-87.91499696417769,False,m7
ETH,-7.0,1737424800,2025-01-21T02:00:00Z,2025-01-21,2025-01-21,1737439200,2025-01-21T06:00:00Z,4,4.0,3215.2,3283.99,2.139524757402338,4.572665920805089,3250.63,3225.13,-78.44633194180828,-96.44633194180828,False,m7
ETH,-7.0,1738857600,2025-02-06T16:00:00Z,2025-02-06,2025-02-06,1738872000,2025-02-06T20:00:00Z,4,4.0,2731.19,2788.25,2.0891992135296316,-0.6321140522944527,2705.57,2689.57,-59.137261279508245,-77.13726127950824,False,m7
ETH,-7.0,1739923200,2025-02-19T00:00:00Z,2025-02-19,2025-02-18,1739926800,2025-02-19T01:00:00Z,4,1.0,2661.41,2744.05,3.1051209697115563,-5.585455746910861,2671.99,2669.89,-7.8593108507141185,-25.859310850714117,False,m7
ETH,-7.0,1743634800,2025-04-02T23:00:00Z,2025-04-02,2025-04-02,1743642000,2025-04-03T01:00:00Z,4,2.0,1822.43,1904.98,4.529666434376078,-4.419304760155005,1798.05,1820.46,124.63502127304515,106.63502127304515,False,m7
ETH,-7.0,1744304400,2025-04-10T17:00:00Z,2025-04-10,2025-04-10,1744318800,2025-04-10T21:00:00Z,4,4.0,1473.41,1669.51,13.309262187714207,-2.375053448470754,1510.73,1531.28,136.0269538567449,118.02695385674491,False,m7
ETH,-7.0,1744552800,2025-04-13T14:00:00Z,2025-04-13,2025-04-13,1744567200,2025-04-13T18:00:00Z,4,4.0,1566.85,1644.19,4.93601812553851,-0.0036243082714595364,1574.26,1636.77,397.07545132316113,379.07545132316113,False,m7
ETH,-7.0,1745470800,2025-04-24T05:00:00Z,2025-04-24,2025-04-24,1745485200,2025-04-24T09:00:00Z,4,4.0,1756.25,1795.08,2.2109608540925225,7.16313427694979,1772.32,1734.91,-211.07926333844838,-229.07926333844838,False,m7
ETH,-7.0,1745762400,2025-04-27T14:00:00Z,2025-04-27,2025-04-27,1745776800,2025-04-27T18:00:00Z,4,4.0,1784.6,1820.87,2.032388210243191,10.66674118173047,1797.96,1798.12,0.8898974393201087,-17.11010256067989,False,m7
ETH,-7.0,1748001600,2025-05-23T12:00:00Z,2025-05-23,2025-05-23,1748016000,2025-05-23T16:00:00Z,4,4.0,2551.0,2664.83,4.462171697373576,16.70162233308131,2566.79,2568.53,6.778895040109312,-11.221104959890688,False,m7
ETH,-7.0,1751295600,2025-06-30T15:00:00Z,2025-06-30,2025-06-30,1751310000,2025-06-30T19:00:00Z,4,4.0,2435.62,2500.09,2.64696463323508,2.131889098161386,2438.61,2485.82,193.593891602184,175.593891602184,False,m7
ETH,-7.0,1751907600,2025-07-07T17:00:00Z,2025-07-07,2025-07-07,1751922000,2025-07-07T21:00:00Z,4,4.0,2516.42,2570.35,2.1431239618187674,2.4928457984324455,2524.21,2534.17,39.45788979522247,21.45788979522247,False,m7
ETH,-7.0,1753412400,2025-07-25T03:00:00Z,2025-07-25,2025-07-25,1753426800,2025-07-25T07:00:00Z,4,4.0,3628.29,3706.95,2.167963420784994,9.278355453480067,3615.97,3631.61,43.25257123261706,25.252571232617058,False,m7
ETH,-7.0,1755176400,2025-08-14T13:00:00Z,2025-08-14,2025-08-14,1755190800,2025-08-14T17:00:00Z,4,4.0,4590.52,4749.31,3.459085245244546,1.4182002723793659,4567.33,4546.48,-45.65030335009767,-63.65030335009767,False,m7
ETH,-7.0,1756998000,2025-09-04T15:00:00Z,2025-09-04,2025-09-04,1757012400,2025-09-04T19:00:00Z,4,4.0,4326.49,4450.46,2.865371236267743,-2.826602447054561,4341.68,4274.03,-155.81526045217674,-173.81526045217674,False,m7
ETH,-7.0,1759852800,2025-10-07T16:00:00Z,2025-10-07,2025-10-07,1759867200,2025-10-07T20:00:00Z,4,4.0,4514.32,4684.02,3.7591486646937025,9.445810603234573,4511.99,4479.44,-72.14111733403695,-90.14111733403695,False,m7
ETH,-7.0,1760414400,2025-10-14T04:00:00Z,2025-10-14,2025-10-14,1760428800,2025-10-14T08:00:00Z,4,4.0,4152.29,4240.86,2.133039840666228,-1.884492027056018,4153.56,3981.19,-414.9934032492619,-432.9934032492619,False,m7
ETH,-7.0,1767780000,2026-01-07T10:00:00Z,2026-01-07,2026-01-07,1767794400,2026-01-07T14:00:00Z,4,4.0,3224.99,3296.83,2.227603806523436,-0.21311684804664793,3200.18,3212.04,37.0604153516374,19.060415351637403,False,m7
ETH,-7.0,1776513600,2026-04-18T12:00:00Z,2026-04-18,2026-04-18,1776528000,2026-04-18T16:00:00Z,4,4.0,2348.16,2419.0,3.016830198964302,8.700587182062183,2352.96,2363.64,45.38963688290431,27.389636882904313,False,m7
ETH,-7.0,1776938400,2026-04-23T10:00:00Z,2026-04-23,2026-04-23,1776952800,2026-04-23T14:00:00Z,4,4.0,2327.15,2374.08,2.016629783211217,8.887604170508078,2316.25,2319.82,15.412844036697404,-2.587155963302596,False,m7
ETH,-7.0,1777269600,2026-04-27T06:00:00Z,2026-04-27,2026-04-27,1777284000,2026-04-27T10:00:00Z,4,4.0,2319.49,2369.45,2.1539217672850515,17.24949089489448,2323.18,2322.19,-4.261400321970976,-22.261400321970974,False,m7
ETH,-7.0,1779660000,2026-05-24T22:00:00Z,2026-05-24,2026-05-24,1779670800,2026-05-25T01:00:00Z,4,3.0,2065.86,2117.69,2.5088824992981094,-1.786694469493581,2070.59,2104.95,165.9430403894535,147.9430403894535,False,m7
ETH,-7.0,1785740400,2026-08-03T07:00:00Z,2026-08-03,2026-08-03,1785754800,2026-08-03T11:00:00Z,4,4.0,1844.95,1885.36,2.190303260250947,0.19774396836095948,1849.28,1846.24,-16.43883024744719,-34.438830247447186,False,m7
ETH,-7.0,1788285600,2026-09-01T18:00:00Z,2026-09-01,2026-09-01,1788300000,2026-09-01T22:00:00Z,4,4.0,2416.89,2467.64,2.0998059489674747,22.062319471572632,2418.18,2415.46,-11.248128757990195,-29.248128757990195,False,m7
