fid,bar_ts,entry_ts,i0,entry,entry_close_on_path,P0,OI_E,OI_0,ledger_px_chg_4h,ledger_oi_chg_4h,shape,S,T,C,hours_to_spike,hours_to_top,hours_spike_to_top,top_runup_pct,top_after_48h,fall_24h_after_top_pct,n_false_tops,max_pct_7d,min_pct_7d,first_PR_ge_1_min
BTC:1648224000,1648224000,1648227600,1173180,44139.7,44139.7,44808.9,81603.662,83284.147,-0.0149345330949879,-0.0208786673795301,spike_reversal,2858,3098,3106,47.63333333333333,51.63333333333333,4.0,6.108559867874042,True,-2.1419420958237234,1.0,9.19874851890703,-0.3164951279686967,1989
BTC:1648508400,1648508400,1648512000,1177920,47121.9,47121.9,47923.0,77448.683,79324.595,-0.0167163992237547,-0.0207819909622577,spike_reversal,740,740,974,12.333333333333334,12.333333333333334,0.0,2.0756803100044685,False,-3.253638253638258,0.0,2.0756803100044685,-6.187568837419555,710
BTC:1658275200,1658275200,1658278800,1340700,23033.6,23033.6,23295.6,117257.263,121350.915,-0.0112467590446264,-0.0337214344517962,spike_reversal,150,370,419,2.5,6.166666666666667,3.6666666666666665,3.592143651014168,False,-5.13390050710364,2.0,5.3982008891358735,-10.176437899416502,46
BTC:1659207600,1659207600,1659211200,1356240,23915.0,23915.0,24522.8,119377.953,124752.856,-0.0247850979496631,-0.0429497533606006,no_spike,-1,-1,-1,,,,,,,,1.138615931423792,-6.460380514321551,-1
BTC:1659301200,1659301200,1659304800,1357800,23582.0,23582.0,23728.3,113443.533,116876.371,-0.0061656334419237,-0.029424694919547,no_spike,-1,-1,-1,,,,,,,,0.2883555254007186,-5.139513188024769,-1
BTC:1659405600,1659405600,1659409200,1359540,22908.0,22908.0,23152.9,111375.034,114503.007,-0.0105775086490246,-0.027158638153413,spike_reversal,810,821,957,13.5,13.683333333333334,0.18333333333333332,2.360310808451205,False,-3.340910157066279,0.0,5.8276584599266545,-2.3485245329142646,801
BTC:1659564000,1659564000,1659567600,1362180,22920.1,22920.1,23477.0,115673.037,119776.808,-0.0237210887251353,-0.0342908352906993,spike_reversal,1864,2225,2267,31.066666666666666,37.083333333333336,6.016666666666667,2.3119445377637993,False,-2.998294243070354,1.0,5.7717898263969225,-2.4000767884956864,6183
BTC:1660003200,1660003200,1660006800,1369500,23782.9,23782.9,24050.1,117257.561,120216.165,-0.0111101409141748,-0.0243884051728948,spike_reversal,2905,3570,3701,48.416666666666664,59.5,11.083333333333334,4.99981078842362,True,-5.65433285279513,3.0,5.958482775439489,-4.940104024320002,2161
BTC:1660089600,1660089600,1660093200,1370940,22761.4,22761.4,23122.3,112970.455,116473.389,-0.0156083088620075,-0.0303550708143651,spike_reversal,690,690,690,11.5,11.5,0.0,3.683868303355675,False,-2.3351793863533366,0.0,10.713752229651941,-0.06634038328047209,623
BTC:1660244400,1660244400,1660248000,1373520,24213.7,24213.7,24336.6,118058.059,121381.582,-0.0050500069853635,-0.0271610582733203,spike_reversal,1878,2059,2215,31.3,34.31666666666667,3.0166666666666666,2.7476180839772546,False,-2.4578962176936336,1.0,4.073313867769079,-4.310369749356768,1634
BTC:1660474800,1660474800,1660478400,1377360,24554.2,24554.2,24867.1,121007.692,124364.706,-0.0125828906466776,-0.0266319050136485,spike_reversal,912,916,967,15.2,15.266666666666667,0.06666666666666667,2.63009994216874,False,-5.706349206349204,0.0,2.63009994216874,-15.521988091650307,880
BTC:1673686800,1673686800,1673690400,1597560,20542.4,20542.4,20864.2,93507.537,97021.212,-0.0154235484705859,-0.0363385689692457,spike_reversal,152,274,278,2.533333333333333,4.566666666666666,2.033333333333333,3.3959031077186674,False,-3.276836158192087,2.0,12.547706207648556,-1.3878612041436367,152
BTC:1674057600,1674057600,1674061200,1603740,20851.3,20851.3,21257.9,100291.382,102637.351,-0.019127006900964,-0.0235161653872257,spike_reversal,2851,3913,3926,47.516666666666666,65.21666666666667,17.7,11.887508212917176,True,-3.321903129018433,6.0,12.175260055727954,-1.1040079035839478,2851
BTC:1674338400,1674338400,1674342000,1608420,22739.6,22739.6,23246.6,95523.243,98713.782,-0.0218096409797561,-0.0245407556210807,spike_reversal,5676,5707,5710,94.6,95.11666666666666,0.5166666666666667,4.8277014547309705,True,-4.310033812412428,0.0,4.8277014547309705,-1.990360428503568,5679
BTC:1674604800,1674604800,1674608400,1612860,22647.9,22647.9,23004.3,91798.82,94036.459,-0.0154927557021946,-0.023657245838109,spike_reversal,1233,1267,1270,20.55,21.116666666666667,0.5666666666666667,5.252142582756014,False,-4.310033812412428,0.0,5.80539476066213,-1.4897628477695601,1209
BTC:1674694800,1674694800,1674698400,1614360,23158.6,23158.6,23593.3,85803.337,88953.16,-0.0184247222728486,-0.035294351651396,spike_reversal,4864,5388,6183,81.06666666666666,89.8,8.733333333333333,3.472144257424903,True,-5.686754831467244,1.0,4.848306892471932,-2.912093131709159,4996
BTC:1674781200,1674781200,1674784800,1615800,22640.0,22640.0,23073.5,87232.014,89515.046,-0.0187877868550501,-0.0254665083212135,spike_reversal,234,1087,1137,3.9,18.116666666666667,14.216666666666667,3.7985865724381673,False,-2.6774468085106418,4.0,7.250000000000001,-0.6881625441696126,793
BTC:1675069200,1675069200,1675072800,1620600,23192.9,23192.9,23733.7,100645.927,104639.74,-0.0227861648204873,-0.0380260516037279,spike_reversal,3546,3774,4091,59.1,62.9,3.8,4.693246640135551,True,-3.774082219311903,2.0,4.693246640135551,-3.0556765216941395,3550
BTC:1675454400,1675454400,1675458000,1627020,23336.6,23336.6,23514.3,98253.146,100417.695,-0.0075571035497548,-0.0224917691293982,no_spike,-1,-1,-1,,,,,,,,1.0918471414002262,-7.938602881310897,976
BTC:1675969200,1675969200,1675972800,1635600,22027.3,22027.3,22603.8,101098.554,106700.689,-0.0255045611799785,-0.0526439800185468,spike_reversal,8140,8902,9305,135.66666666666666,148.36666666666667,12.7,13.196351799812046,True,-6.353146895215788,5.0,14.812074108038665,-3.1292986430474845,8170
BTC:1676066400,1676066400,1676070000,1637220,21560.5,21560.5,21696.2,101466.491,104357.473,-0.0062545514882791,-0.0277573786098753,spike_reversal,2380,2497,2828,39.666666666666664,41.61666666666667,1.95,2.413673152292395,False,-3.0383725301052156,1.0,17.297836321050063,-1.0319797778344686,253
BTC:1676239200,1676239200,1676242800,1640100,21782.3,21782.3,21959.9,98152.597,100401.587,-0.00808746852217,-0.0225784307672083,spike_reversal,2397,2411,2441,39.95,40.18333333333333,0.23333333333333334,2.4685180169220056,False,-2.1344086021505393,0.0,16.103441785302742,-2.0397295051486686,2390
BTC:1676588400,1676588400,1676592000,1645920,23526.6,23526.6,24879.0,108306.461,112576.353,-0.054359098034487,-0.0379477471353334,spike_reversal,874,876,890,14.566666666666666,14.6,0.03333333333333333,3.09606998036267,False,-2.2836528550814306,0.0,7.740174950906642,-0.7506397014443111,1209
BTC:1676833200,1676833200,1676836800,1650000,24512.5,24512.5,24929.7,108588.483,114319.323,-0.0167350589858682,-0.0499412141440707,spike_reversal,1104,1122,1239,18.4,18.7,0.3,2.559918408975004,False,-2.6459824980111457,0.0,3.4068332483426778,-7.394186639469657,834
BTC:1678816800,1678816800,1678820400,1683060,25007.3,25007.3,25844.3,105596.071,109583.303,-0.0323862515138734,-0.0370790902815221,spike_reversal,3291,3898,3937,54.85,64.96666666666667,10.116666666666667,7.888496559004765,True,-3.187546330615265,4.0,13.899541333930499,-4.4758930392325365,3323
BTC:1678903200,1678903200,1678906800,1684500,24418.5,24418.5,24723.9,97044.752,101289.448,-0.0123524201278925,-0.0418286390816184,spike_reversal,931,949,1099,15.516666666666667,15.816666666666666,0.3,2.6271064971230773,False,-2.170790103750997,0.0,18.275078321764227,-1.220386182607447,883
BTC:1679104800,1679104800,1679108400,1687860,27280.0,27280.0,27511.6,104309.267,108048.218,-0.0084182672036522,-0.0345525967634386,spike_reversal,2253,2471,2498,37.55,41.18333333333333,3.6333333333333333,4.094574780058657,False,-4.494841004331452,2.0,5.868768328445739,-2.65579178885631,172
BTC:1679277600,1679277600,1679281200,1690740,27423.2,27423.2,28100.4,108933.193,112152.008,-0.0240993010775647,-0.028790739215742,spike_reversal,278,364,434,4.633333333333334,6.066666666666666,1.4333333333333333,3.8653402958079397,False,-4.196157735085948,0.0,5.315936870970561,-3.038303334402992,282
BTC:1679428800,1679428800,1679432400,1693260,28058.0,28058.0,28334.9,111839.659,115872.89,-0.00977240082019,-0.0347453675263907,spike_reversal,1065,1260,1261,17.75,21.0,3.25,2.82272435668971,False,-7.833622183708844,1.0,2.933209779741963,-5.6240644379499605,988
BTC:1679515200,1679515200,1679518800,1694700,27295.0,27295.0,28636.6,103938.504,110458.609,-0.0468491371182332,-0.0590159096123863,spike_reversal,1079,1096,1226,17.983333333333334,18.266666666666666,0.2833333333333333,5.429565854552121,False,-5.089133683149738,0.0,5.429565854552121,-2.9858948525370965,1096
BTC:1679655600,1679655600,1679659200,1697040,27558.4,27558.4,28269.9,103191.505,106193.438,-0.0251681116664721,-0.0283660626473699,spike_reversal,20,134,318,0.3333333333333333,2.2333333333333334,1.9,2.545866233163019,False,-4.600141542816704,1.0,5.901648862052933,-3.9131444496052104,6971
BTC:1679774400,1679774400,1679778000,1699020,27341.4,27341.4,27611.8,97769.273,100409.744,-0.0097929146234579,-0.0264191176244331,spike_reversal,898,1018,1199,14.966666666666667,16.966666666666665,2.0,3.092380053691479,False,-2.124745892595503,1.0,6.742156583057191,-3.1505336230039482,281
BTC:1679925600,1679925600,1679929200,1701540,26933.0,26933.0,27900.3,100704.94,104578.588,-0.0346698781016691,-0.0379356777571119,spike_reversal,1732,3580,3607,28.866666666666667,59.666666666666664,30.8,8.36074703894849,True,-5.244853485375955,4.0,8.36074703894849,-1.6819515093008608,2368
BTC:1680195600,1680195600,1680199200,1706040,27830.6,27830.6,28505.0,104179.057,107692.839,-0.0236590071917207,-0.0325751940441585,spike_reversal,1174,1921,2682,19.566666666666666,32.016666666666666,12.45,3.645986791517264,False,-2.3064416040048052,2.0,3.645986791517264,-2.38801894317765,1235
BTC:1680462000,1680462000,1680465600,1710480,27933.7,27933.7,28110.2,104062.457,107594.464,-0.0062788596310235,-0.0329128740529902,spike_reversal,870,870,1119,14.5,14.5,0.0,2.1704965686607958,False,-4.814295725297823,0.0,3.1012719403444633,-2.748293280159808,70
BTC:1680552000,1680552000,1680555600,1711980,27569.3,27569.3,27917.4,98710.285,103552.4,-0.0124689261894016,-0.046961846788461,spike_reversal,589,1777,2464,9.816666666666666,29.616666666666667,19.8,4.464023388334137,False,-3.559027777777779,4.0,6.277634905492713,-1.4628590497401062,124
BTC:1680706800,1680706800,1680710400,1714560,28014.9,28014.9,28544.0,97724.728,101803.112,-0.0185362948430493,-0.0397905935153902,spike_reversal,7181,7809,8038,119.68333333333334,130.15,10.466666666666667,8.838510935252298,True,-2.4233380341740274,4.0,9.09908655751046,-1.1804432641201679,7240
BTC:1681419600,1681419600,1681423200,1726440,30264.9,30264.9,30419.9,112414.242,114899.685,-0.0050953487684048,-0.0213689173782002,spike_reversal,227,533,993,3.783333333333333,8.883333333333333,5.1,2.62383156726107,False,-3.6511156186612603,1.0,2.62383156726107,-7.539757276581128,150
BTC:1687442400,1687442400,1687446000,1826820,29735.4,29735.4,30167.3,115496.275,118293.129,-0.0143168264975651,-0.0241709620693135,spike_reversal,1429,1493,1523,23.816666666666666,24.883333333333333,1.0666666666666667,5.934340886619993,False,-3.930158730158728,0.0,5.934340886619993,-0.2804737787283851,284
BTC:1688648400,1688648400,1688652000,1846920,30361.5,30361.5,31064.7,115020.48,123891.447,-0.0226366261383499,-0.0718893941107191,spike_reversal,6122,6127,6236,102.03333333333333,102.11666666666666,0.08333333333333333,2.234738072888365,True,-3.028350515463918,0.0,2.234738072888365,-2.244619007624793,-1
BTC:1689033600,1689033600,1689037200,1853340,30405.6,30405.6,30773.2,106007.371,114170.638,-0.0119454590357844,-0.0714404211410331,spike_reversal,3764,3992,4084,62.733333333333334,66.53333333333333,3.8,4.750440708290582,True,-6.195918367346942,2.0,4.750440708290582,-2.5508458968084735,1827
BTC:1689289200,1689289200,1689292800,1857600,31441.7,31441.7,31600.6,111378.429,116307.136,-0.0050283855369833,-0.0423962788866513,no_spike,-1,-1,-1,,,,,,,,0.6306910885861772,-6.493605625650012,-1
BTC:1697968800,1697968800,1697972400,2002260,29880.7,29880.7,30062.1,93687.887,95968.986,-0.0060341759225069,-0.0237868703617535,spike_reversal,870,1151,1366,14.5,19.183333333333334,4.683333333333334,3.712429762354952,False,-2.120038722168438,3.0,20.418531025042917,-0.6114314591023629,828
BTC:1698274800,1698274800,1698278400,2007360,34487.7,34487.7,34732.1,83894.769,85730.217,-0.007036718194408,-0.0216246643461243,spike_reversal,9441,9442,9451,157.35,157.36666666666667,0.016666666666666666,2.207453671888837,True,-3.3277539788362787,0.0,3.6137521493170066,-3.2988572737526645,90
BTC:1698426000,1698426000,1698429600,2009880,33609.1,33609.1,34167.3,83916.861,86737.555,-0.0163372581386297,-0.0325723005577168,spike_reversal,1040,3990,4272,17.333333333333332,66.5,49.166666666666664,3.8058144966690577,True,-2.4976926295996793,4.0,7.113549604125091,-0.6150120056770292,679
BTC:1698807600,1698807600,1698811200,2016240,34430.0,34430.0,34651.4,86120.654,88244.189,-0.0063893522339646,-0.0240831360133199,spike_reversal,561,562,571,9.35,9.366666666666667,0.016666666666666666,2.3787394713912224,False,-3.3277539788362787,0.0,4.559686320069711,-1.0281731048504161,531
BTC:1698930000,1698930000,1698933600,2018280,34931.4,34931.4,35377.8,85671.447,87531.706,-0.0126180825263301,-0.0210308430895654,spike_reversal,7605,7617,8179,126.75,126.95,0.2,2.834985142307489,True,-2.362638739257883,0.0,6.488717887058626,-2.3142502161379253,7455
BTC:1699034400,1699034400,1699038000,2020020,34517.1,34517.1,34715.0,83327.598,85444.707,-0.0057007057467953,-0.0248920736435708,spike_reversal,1674,1978,3050,27.9,32.96666666666667,5.066666666666666,2.413006886441793,False,-2.8118811881188144,1.0,11.538628679697904,-0.46672518838488664,272
BTC:1699545600,1699545600,1699549200,2028540,36360.1,36360.1,36892.1,82755.144,95671.879,-0.0144204314744891,-0.1346774745149203,spike_reversal,1111,1789,3191,18.516666666666666,29.816666666666666,11.3,3.32754860410176,False,-2.613787596486561,5.0,4.510163613411411,-5.263461871667008,611
BTC:1699909200,1699909200,1699912800,2034600,36504.0,36504.0,36696.9,81229.521,83238.13,-0.0052565748060463,-0.0242113498047445,spike_reversal,2651,2651,2651,44.18333333333333,44.18333333333333,0.0,2.8695485426254663,False,-3.63101340825267,0.0,4.098181021257941,-5.636916502301115,507
BTC:1699995600,1699995600,1699999200,2036040,35594.1,35594.1,36119.9,78193.078,80362.061,-0.0145570724171441,-0.0269835091749111,spike_reversal,867,1211,1211,14.45,20.183333333333334,5.733333333333333,5.499225995319446,False,-3.63101340825267,2.0,6.759266282895204,-0.5790285468659118,804
BTC:1700161200,1700161200,1700164800,2038800,35936.5,35936.5,36423.1,82565.786,84437.14,-0.0133596536264073,-0.0222634489673902,spike_reversal,390,390,1130,6.5,6.5,0.0,2.089519012702956,False,-2.232646630723345,0.0,5.408150487665742,-0.9065991401499995,335
BTC:1700344800,1700344800,1700348400,2041860,36517.4,36517.4,36714.5,79289.807,81325.89,-0.0053684511568998,-0.0250198494403592,spike_reversal,1442,1463,2351,24.033333333333335,24.383333333333333,0.35,2.7679955308975934,False,-2.4733400482836787,0.0,5.223811114701471,-2.4829259476304544,1162
BTC:1700607600,1700607600,1700611200,2046240,35737.0,35737.0,36989.9,79519.055,81788.249,-0.0338714081411413,-0.0267248524655635,spike_reversal,278,1291,2312,4.633333333333334,21.516666666666666,16.883333333333333,5.996586171195117,False,-2.7024815205913377,4.0,7.52161625206369,-0.35341522791505486,1098
BTC:1701702000,1701702000,1701705600,2064480,41280.8,41280.8,41605.9,82430.62,84552.646,-0.0078137956395607,-0.0259087840323362,spike_reversal,369,379,907,6.15,6.316666666666666,0.16666666666666666,2.808085114629555,False,-2.465834118755894,0.0,8.474884207670396,-2.443508846727782,57
BTC:1702256400,1702256400,1702260000,2073720,43241.7,43241.7,43833.4,81944.182,83751.265,-0.0134988387850362,-0.0215633183426768,no_spike,-1,-1,-1,,,,,,,,0.638041520106758,-6.968736196773007,-1
BTC:1702558800,1702558800,1702562400,2078760,42564.7,42564.7,42898.0,76536.584,79290.934,-0.0077695929880181,-0.0349296858324187,spike_reversal,228,228,796,3.8,3.8,0.0,2.0801274295366934,False,-4.101486532827314,0.0,4.275608661637453,-4.7243373029764,211
BTC:1703102400,1703102400,1703106000,2087820,43481.7,43481.7,43725.9,79708.324,81478.137,-0.005584790707567,-0.0219566009016037,spike_reversal,2014,2015,2097,33.56666666666667,33.583333333333336,0.016666666666666666,2.305107665983619,False,-2.6521895512993554,0.0,2.305107665983619,-4.334467143648935,12
BTC:1703235600,1703235600,1703239200,2090040,43782.2,43782.2,44172.5,79874.849,82116.541,-0.0088358141377554,-0.0272187579501363,no_spike,-1,-1,-1,,,,,,,,0.6938892974770683,-4.991069430042339,-1
BTC:1704279600,1704279600,1704283200,2107440,43728.9,43728.9,45030.4,74874.956,80396.836,-0.0289026968447981,-0.068569266180293,spike_reversal,1958,1958,2237,32.63333333333333,32.63333333333333,0.0,2.5427120279723603,False,-5.666268220013926,0.0,9.995906597238902,-7.765802478452466,7212
BTC:1705096800,1705096800,1705100400,2121060,42517.9,42517.9,43510.1,75522.386,82904.583,-0.0228039007035147,-0.0891938067976174,spike_reversal,4064,4064,4274,67.73333333333333,67.73333333333333,0.0,2.018208801469501,True,-3.0569900405754358,0.0,2.5191742771867753,-5.216391214053373,5673
BTC:1707829200,1707829200,1707832800,2166600,49543.2,49543.2,50237.7,91769.666,93796.514,-0.0138242793758471,-0.0216891615079277,spike_reversal,1137,2914,2973,18.95,48.56666666666667,29.616666666666667,6.692744917566906,True,-2.88333112620367,4.0,7.160821263059325,-2.5073067545091865,1135
BTC:1707933600,1707933600,1707937200,2168340,51471.7,51471.7,51939.9,90818.495,92881.553,-0.0090142645634666,-0.022200125507074,spike_reversal,337,1174,1233,5.616666666666666,19.566666666666666,13.95,2.6952674965077916,False,-2.88333112620367,1.0,3.145806336297441,-1.8326575574538984,317
BTC:1708020000,1708020000,1708023600,2169780,52003.9,52003.9,52644.5,89306.814,91264.965,-0.0121684126546932,-0.0214864621550842,spike_reversal,6880,6880,6913,114.66666666666667,114.66666666666667,0.0,2.090227848296,True,-4.826627538806083,0.0,2.090227848296,-2.8372872034597374,6874
BTC:1708448400,1708448400,1708452000,2176920,51346.4,51346.4,52890.0,88674.074,90872.213,-0.029185101153337,-0.0242303223883877,spike_reversal,305,317,788,5.083333333333333,5.283333333333333,0.2,2.3670598133462173,False,-3.8685889752634095,0.0,12.529797609959026,-1.6236776093358163,8521
BTC:1708545600,1708545600,1708549200,2178540,50978.4,50978.4,51371.6,88015.635,90376.656,-0.0076540345249125,-0.02622288649175,spike_reversal,769,774,1006,12.816666666666666,12.9,0.08333333333333333,2.156991980917411,False,-2.3343830408233734,0.0,26.13185192159817,-0.9135241592517662,41
BTC:1708639200,1708639200,1708642800,2180100,51481.6,51481.6,51747.3,84518.193,87139.744,-0.0051345674073817,-0.0300302676463247,spike_reversal,5310,5948,5950,88.5,99.13333333333334,10.633333333333333,12.234273993038292,True,-3.7938733125648993,2.0,24.89899303828942,-1.882031638488313,3063
BTC:1709150400,1709150400,1709154000,2188620,60469.5,60469.5,62530.3,75371.699,82670.604,-0.0329568225324363,-0.08842282559889,spike_reversal,125,161,229,2.0833333333333335,2.683333333333333,0.6,3.7051736826003268,False,-3.6007016424812632,0.0,14.685916040317837,-2.2449333961749307,138
BTC:1709247600,1709247600,1709251200,2190240,61203.3,61203.3,61681.8,71955.361,74937.124,-0.0077575557133546,-0.039716515295621,spike_reversal,758,802,947,12.633333333333333,13.366666666666667,0.7333333333333333,2.5271513137363533,False,-2.4701195219123506,1.0,13.310883563467968,-3.4169726142217915,27
BTC:1709654400,1709654400,1709658000,2197020,65621.9,65621.9,67399.1,80372.872,82158.613,-0.0263683046212784,-0.0251880699985155,spike_reversal,901,935,1016,15.016666666666667,15.583333333333334,0.5666666666666667,3.211732668514644,False,-4.597701149425292,0.0,11.807186320420481,-9.920316235890759,911
BTC:1710115200,1710115200,1710118800,2204700,68149.9,68149.9,69372.8,76534.881,78370.252,-0.0176279463997418,-0.0237522854908696,spike_reversal,361,1098,1592,6.016666666666667,18.3,12.283333333333333,6.955402722527859,False,-5.885581012484565,5.0,8.410137065498269,-5.267946101168153,359
BTC:1710468000,1710468000,1710471600,2210580,69062.4,69062.4,71594.0,80952.256,84288.966,-0.0353605050702573,-0.0433074058154016,spike_reversal,956,972,1006,15.933333333333334,16.2,0.26666666666666666,2.39421161152813,False,-5.678920865038828,0.0,2.39421161152813,-11.963673431563338,-1
BTC:1710630000,1710630000,1710633600,2213280,65351.0,65351.0,66969.1,76410.461,78865.516,-0.0241618895878846,-0.0279812848996905,spike_reversal,536,1360,1476,8.933333333333334,22.666666666666668,13.733333333333333,5.541460727456338,False,-3.4373169557677996,6.0,5.651635017061696,-6.963933222138907,619
BTC:1710842400,1710842400,1710846000,2216820,63303.4,63303.4,64977.1,79076.253,81622.956,-0.0257583056184409,-0.0334841988813506,spike_reversal,309,389,428,5.15,6.483333333333333,1.3333333333333333,3.9482871378156537,False,-7.602715993848285,0.0,13.183494093524196,-3.954605913742393,355
BTC:1710950400,1710950400,1710954000,2218620,63139.8,63139.8,64102.0,76917.783,78586.067,-0.0150104520919783,-0.0237812794757099,spike_reversal,18,463,645,0.3,7.716666666666667,7.416666666666667,8.162997031982977,False,-5.4818951619397875,6.0,13.855286206164719,-1.3395671193130232,15
BTC:1711141200,1711141200,1711144800,2221800,63010.6,63010.6,63624.2,73724.063,75845.872,-0.0096441291206804,-0.0283737966807442,spike_reversal,227,245,334,3.783333333333333,4.083333333333333,0.3,2.2335924431762244,False,-2.1698904033034316,0.0,14.088740624593331,-0.6802030134612225,118
BTC:1712023200,1712023200,1712026800,2236500,67025.7,67025.7,69756.0,79863.914,84218.778,-0.0391407190779288,-0.0538466640753793,spike_reversal,3770,3782,3907,62.833333333333336,63.03333333333333,0.2,3.437487411545126,True,-4.851744634694799,0.0,8.74992726670516,-3.7682560570049928,7930
BTC:1717354800,1717354800,1717358400,2325360,67765.3,67765.3,68189.8,76358.506,78005.945,-0.0062252712282482,-0.0207094525717516,spike_reversal,629,1069,1127,10.483333333333333,17.816666666666666,7.333333333333333,3.8479870966408924,False,-2.583665018778536,3.0,6.461566613001035,-0.2344857914006293,311
BTC:1717621200,1717621200,1717624800,2329800,71177.2,71177.2,71660.0,82699.782,84526.496,-0.006737370918225,-0.0220737535544227,no_spike,-1,-1,-1,,,,,,,,1.3583001298168584,-7.273677525949318,2272
BTC:1717783200,1717783200,1717786800,2332500,69186.5,69186.5,71466.0,84278.391,86370.099,-0.0318962863459547,-0.026110581264471,no_spike,-1,-1,-1,,,,,,,,1.4976910235378282,-5.975298649302974,-1
BTC:1718078400,1718078400,1718082000,2337420,68040.0,68040.0,69454.6,83902.978,85781.452,-0.0203672614916795,-0.0213044782823598,spike_reversal,1891,2044,2269,31.516666666666666,34.06666666666667,2.55,2.9218106995884785,False,-4.385388701662196,1.0,2.9218106995884785,-5.107289829512052,1897
BTC:1722110400,1722110400,1722114000,2404620,67758.8,67758.8,68662.1,85107.477,87056.738,-0.0131557292887924,-0.0231318671964283,spike_reversal,22,22,177,0.36666666666666664,0.36666666666666664,0.0,2.1269562034746725,False,-3.125722543352605,0.0,3.4271563250825032,-11.615908191998681,16
BTC:1722265200,1722265200,1722268800,2407200,68067.2,68067.2,69549.9,89355.436,92126.985,-0.021318506568665,-0.0280223699902523,no_spike,-1,-1,-1,,,,,,,,0.03805063231632211,-28.176860514315262,-1
BTC:1728331200,1728331200,1728334800,2508300,62995.9,62995.9,63792.0,84603.209,86870.923,-0.0124780732350031,-0.0243556270977891,spike_no_reversal,9056,9707,-1,150.93333333333334,161.78333333333333,10.85,5.2258956535266465,True,-1.7885590152063702,,5.2258956535266465,-6.501851707809559,9038
BTC:1728514800,1728514800,1728518400,2511360,60606.4,60606.4,61013.7,86927.52,89290.095,-0.0066755499174774,-0.0240417281679958,spike_reversal,2275,3794,5216,37.916666666666664,63.233333333333334,25.316666666666666,4.712703608859781,True,-2.036632599357735,5.0,12.859367987539262,-2.815544232952294,350
BTC:1729011600,1729011600,1729015200,2519640,66784.4,66784.4,67646.7,84601.833,87535.532,-0.0127471110933718,-0.0316654434979976,spike_reversal,1047,1067,2431,17.45,17.783333333333335,0.3333333333333333,2.4191278202694066,False,-2.388888888888885,0.0,4.165044531357642,-1.0310791142841613,976
BTC:1729191600,1729191600,1729195200,2522640,66821.1,66821.1,67561.9,82374.895,83907.073,-0.0109647597240455,-0.0212669096673878,spike_reversal,356,4583,5133,5.933333333333334,76.38333333333334,70.45,4.1078342020709036,True,-3.8813500848115523,7.0,4.1078342020709036,-2.392657409111798,318
BTC:1729288800,1729288800,1729292400,2524260,68185.1,68185.1,68873.8,86851.538,89270.919,-0.0099994482662492,-0.027403874937662,spike_reversal,2963,2963,3513,49.38333333333333,49.38333333333333,0.0,2.0252225192894047,True,-3.8813500848115523,0.0,2.0252225192894047,-4.345230849555115,2750
BTC:1730473200,1730473200,1730476800,2544000,69381.0,69381.0,70024.8,85137.39,90219.052,-0.0091938855948179,-0.0547905726206249,spike_reversal,6275,6428,6429,104.58333333333333,107.13333333333334,2.55,9.044406970207985,True,-3.878867665660801,1.0,10.83726092157795,-3.7056254594197258,14
BTC:1731524400,1731524400,1731528000,2561520,90218.8,90218.8,92608.1,83729.153,87328.996,-0.0258001189960705,-0.0310874705143097,spike_reversal,6418,6420,6704,106.96666666666667,107.0,0.03333333333333333,2.4341933166923013,True,-3.2384388231767702,0.0,5.132189743157745,-3.8847778955162338,6954
BTC:1731938400,1731938400,1731942000,2568420,90367.0,90367.0,91862.1,84299.312,86478.698,-0.0162754824895142,-0.0276235115579556,spike_reversal,42,55,219,0.7,0.9166666666666666,0.21666666666666667,2.5816946451691525,False,-3.2295577130528663,0.0,10.283621233414863,-0.7312403864242478,42
BTC:1732053600,1732053600,1732057200,2570340,91857.9,91857.9,93692.3,86157.707,89962.462,-0.0195789835450725,-0.0414590676330236,spike_reversal,622,2169,2411,10.366666666666667,36.15,25.783333333333335,7.164326639298313,False,-2.858524424795472,9.0,8.493662493917231,-1.0793845711691619,807
BTC:1732201200,1732201200,1732204800,2572800,96684.0,96684.0,98014.0,89119.04,90822.903,-0.0135694900728466,-0.0222958577620948,spike_reversal,190,938,1302,3.1666666666666665,15.633333333333333,12.466666666666667,2.9514707707583465,False,-2.348559740238876,2.0,3.078068760084407,-6.01712796326177,119
BTC:1732320000,1732320000,1732323600,2574780,98665.1,98665.1,99187.4,90530.17,92682.76,-0.0052657898079795,-0.0226492397073657,no_spike,-1,-1,-1,,,,,,,,0.3384175356838437,-7.904213343928113,-1
BTC:1732644000,1732644000,1732647600,2580180,92202.0,92202.0,93338.3,87098.153,90280.781,-0.0121739950266932,-0.0346216275532038,spike_reversal,1135,1529,1943,18.916666666666668,25.483333333333334,6.566666666666666,5.474935467777264,False,-2.622005141388173,3.0,7.0619943168261035,-1.4485585995965389,679
BTC:1733414400,1733414400,1733418000,2593020,101113.9,101113.9,102956.1,94779.547,97262.331,-0.0178930631599294,-0.0258953995975926,no_spike,-1,-1,-1,,,,,,,,1.4088072955350306,-10.793669317472665,-1
BTC:1734033600,1734033600,1734037200,2603340,99992.8,99992.8,101449.8,91825.125,94280.366,-0.0143617828719229,-0.0271159407817438,spike_reversal,1682,1707,2872,28.033333333333335,28.45,0.4166666666666667,2.6453904681136953,False,-2.024786141584989,0.0,8.374602971413946,-4.311910457552948,1241
BTC:1734321600,1734321600,1734325200,2608140,104646.4,104646.4,105435.2,95742.521,97945.44,-0.0074813724448761,-0.0218860828598993,spike_reversal,671,803,1106,11.183333333333334,13.383333333333333,2.2,2.9915983731881868,False,-2.1832116314241423,1.0,3.5552106904776615,-11.824391474527541,586
BTC:1734480000,1734480000,1734483600,2610780,106050.5,106050.5,106683.2,92158.365,94182.951,-0.0059306432502961,-0.0215937290457685,no_spike,-1,-1,-1,,,,,,,,0.40933328932915014,-12.991829364312279,-1
BTC:1734627600,1734627600,1734631200,2613240,98815.9,98815.9,101924.7,91005.967,92845.768,-0.0305009482490505,-0.023798470018105,no_spike,-1,-1,-1,,,,,,,,1.147689794860951,-6.621707640167207,-1
BTC:1745856000,1745856000,1745859600,2800380,93677.5,93677.5,95280.7,82584.451,84898.592,-0.0168260728563076,-0.0262014358628762,spike_reversal,3890,5637,6822,64.83333333333333,93.95,29.116666666666667,4.47055055909904,True,-2.1055449627753964,4.0,4.47055055909904,-0.885378025673178,491
BTC:1746129600,1746129600,1746133200,2804940,96344.6,96344.6,96954.3,86246.338,88011.091,-0.0062885297506144,-0.0201535199757738,spike_no_reversal,8880,10076,-1,148.0,167.93333333333334,19.933333333333334,6.7475499405259765,True,-0.7443203640412066,,6.7475499405259765,-3.1320904337139854,236
BTC:1746406800,1746406800,1746410400,2809560,93880.0,93880.0,95622.5,80800.199,82641.96,-0.018222698632644,-0.0251224914676017,spike_reversal,2670,2828,3934,44.5,47.13333333333333,2.6333333333333333,4.069024286322964,False,-2.0281473899692926,1.0,12.04772049424796,-0.5890498508734576,2670
BTC:1746590400,1746590400,1746594000,2812620,96527.6,96527.6,97379.6,80287.822,82314.586,-0.0087492657599743,-0.0235933465429241,spike_reversal,1286,3049,3598,21.433333333333334,50.81666666666667,29.383333333333333,8.127623601954248,True,-2.0436319737863196,7.0,9.671327164458665,-0.8382058602928177,567
BTC:1747598400,1747598400,1747602000,2829420,104002.6,104002.6,105789.2,82195.899,84508.304,-0.0168883023975982,-0.0265933551169887,spike_reversal,170,188,246,2.8333333333333335,3.1333333333333333,0.3,2.991944432158422,False,-4.738396273886869,0.0,7.650674117762435,-1.8882220252186,119
BTC:1747746000,1747746000,1747749600,2831880,104395.5,104395.5,105238.2,81562.159,84205.439,-0.0080075485897705,-0.0308659644292895,spike_reversal,337,1607,1645,5.616666666666666,26.783333333333335,21.166666666666668,5.18097044412833,False,-3.38684676906712,5.0,7.245523034996726,-0.14473803947488983,97
BTC:1747857600,1747857600,1747861200,2833740,108192.4,108192.4,109100.9,84727.358,87525.486,-0.0083271540381426,-0.0296525421238857,spike_reversal,146,1234,2328,2.433333333333333,20.566666666666666,18.133333333333333,3.4818526994502497,False,-4.206431790066945,3.0,3.4818526994502497,-1.5670231920171807,132
BTC:1748001600,1748001600,1748005200,2836140,108401.1,108401.1,110890.0,85977.798,88554.057,-0.0224447650825141,-0.0312589323712577,spike_reversal,5777,5777,6565,96.28333333333333,96.28333333333333,0.0,2.120734937191582,True,-2.2781391147244756,0.0,2.120734937191582,-3.5793917220397264,-1
BTC:1749157200,1749157200,1749160800,2855400,101488.2,101488.2,103201.0,81507.693,83692.545,-0.0165967384036976,-0.0223991731790845,spike_reversal,646,5730,6765,10.766666666666667,95.5,84.73333333333333,9.03100064835125,True,-2.143265108410397,20.0,9.03100064835125,-0.5081378918928459,564
BTC:1753452000,1753452000,1753455600,2926980,114934.4,114934.4,116277.5,93669.483,96173.817,-0.0115508159360151,-0.0247894204462021,spike_reversal,345,3575,4533,5.75,59.583333333333336,53.833333333333336,4.243812122393309,True,-2.0231696324241266,10.0,4.243812122393309,-0.9251364256480099,126
BTC:1759662000,1759662000,1759665600,3030480,123413.2,123413.2,124692.4,99521.644,102064.663,-0.0102588449656915,-0.0250621592298756,spike_reversal,1850,1858,2597,30.833333333333332,30.966666666666665,0.13333333333333333,2.2649927236308542,False,-4.510393515492217,0.0,2.2649927236308542,-17.74259155422596,1510
BTC:1759849200,1759849200,1759852800,3033600,121788.3,121788.3,124397.2,94392.754,97575.34,-0.0209723369979387,-0.0330791352165962,no_spike,-1,-1,-1,,,,,,,,1.9560992312069425,-16.64511287209034,-1
BTC:1776798000,1776798000,1776801600,3316080,74988.6,74988.6,75799.9,95657.468,97664.075,-0.0107031803472035,-0.0204700172055199,spike_reversal,370,1205,1694,6.166666666666667,20.083333333333332,13.916666666666666,5.941436431670932,False,-3.699964755047569,4.0,5.956105328009853,-0.06187607182959187,188
BTC:1776938400,1776938400,1776942000,3318420,77362.9,77362.9,78167.0,97792.817,102096.213,-0.0102869497358221,-0.0425232384270434,spike_reversal,4975,5161,5420,82.91666666666667,86.01666666666667,3.1,2.7042678079544746,True,-3.8449436788119074,1.0,2.7042678079544746,-3.224930813089988,256
BTC:1777266000,1777266000,1777269600,3323880,77730.6,77730.6,79245.3,94911.198,97409.485,-0.0191140673326998,-0.0240559837329976,spike_no_reversal,9614,9979,-1,160.23333333333332,166.31666666666666,6.083333333333333,3.6788600628323787,True,-3.054837933148191,,3.6788600628323787,-3.682719546742219,9615
BTC:1777485600,1777485600,1777489200,3327540,75470.1,75470.1,76540.3,95059.017,97951.201,-0.0139821767095241,-0.0305083050363239,spike_reversal,1939,6319,6666,32.31666666666667,105.31666666666666,73.0,6.7842761570476195,True,-3.054837933148191,9.0,9.75035146369223,-0.28951863055700633,1124
BTC:1777888800,1777888800,1777892400,3334260,78894.8,78894.8,79824.7,100242.796,107974.969,-0.0116492764770803,-0.0708489860172959,spike_reversal,235,2902,3067,3.9166666666666665,48.36666666666667,44.45,4.986260184448144,True,-2.785145728473337,9.0,4.986260184448144,-0.5637887414633225,228
BTC:1778076000,1778076000,1778079600,3337380,81471.6,81471.6,82242.1,107863.254,111024.838,-0.0093686810040113,-0.0290991984810432,no_spike,-1,-1,-1,,,,,,,,1.2137972004968578,-2.8650474521182967,6242
BTC:1778173200,1778173200,1778176800,3339000,80053.3,80053.3,80457.5,103948.495,106091.954,-0.0050237703135195,-0.0206925850628627,spike_reversal,4587,4635,4872,76.45,77.25,0.8,3.0069965885229033,True,-2.5060483504223185,0.0,3.0069965885229033,-1.6732601903981514,2001
BTC:1778468400,1778468400,1778472000,3343920,80693.4,80693.4,82177.7,96339.889,100746.478,-0.0180620776682726,-0.0410202835767344,no_spike,-1,-1,-1,,,,,,,,1.7417781379889696,-4.9909905890692325,-1
BTC:1778677200,1778677200,1778680800,3347400,79617.9,79617.9,81255.5,103941.963,106081.74,-0.0201537126717576,-0.0204503408415271,spike_reversal,1552,1625,2376,25.866666666666667,27.083333333333332,1.2166666666666666,2.9906591356968715,False,-4.1329772314296465,0.0,2.9906591356968715,-4.5262434703753796,1557
BTC:1788530400,1788530400,1788534000,3511620,78874.0,78874.0,81150.0,109811.99,111315.317,-0.0280468268638324,-0.021885418343815,spike_reversal,3403,3406,4302,56.71666666666667,56.766666666666666,0.05,2.107285036894302,True,-2.3593146427502765,0.0,2.107285036894302,-3.6434059385855866,-1
