cell,entry_date,entry_ts,exit_ts,side,p_entry,p_exit,gross,net,note
HIGH52,2021-01-02,2021-01-02T00:00:00+00:00,2021-01-07T00:00:00+00:00,1,29331.7,36769.36,0.25357071018727173,0.2517707101872717,
HIGH52,2021-01-07,2021-01-07T00:00:00+00:00,2021-01-12T00:00:00+00:00,1,36769.36,35410.37,-0.03695984917877271,-0.03875984917877271,
HIGH52,2021-02-09,2021-02-09T00:00:00+00:00,2021-02-14T00:00:00+00:00,1,46374.86,47156.78,0.01686085952604488,0.01506085952604488,
HIGH52,2021-02-15,2021-02-15T00:00:00+00:00,2021-02-20T00:00:00+00:00,1,48580.47,55906.0,0.15079166586902093,0.14899166586902093,
HIGH52,2021-02-20,2021-02-20T00:00:00+00:00,2021-02-25T00:00:00+00:00,1,55906.0,49676.21,-0.11143329875147567,-0.11323329875147567,
HIGH52,2021-03-12,2021-03-12T00:00:00+00:00,2021-03-17T00:00:00+00:00,1,57773.15,56900.74,-0.015100613347203695,-0.016900613347203695,
HIGH52,2021-04-14,2021-04-14T00:00:00+00:00,2021-04-19T00:00:00+00:00,1,63575.01,56150.01,-0.11679117313548204,-0.11859117313548204,
HIGH52,2021-10-20,2021-10-20T00:00:00+00:00,2021-10-25T00:00:00+00:00,1,64280.59,60852.22,-0.05333445134837744,-0.055134451348377446,
HIGH52,2021-11-09,2021-11-09T00:00:00+00:00,2021-11-14T00:00:00+00:00,1,67525.82,64380.01,-0.04658677228947394,-0.048386772289473946,
HIGH52,2023-06-24,2023-06-24T00:00:00+00:00,2023-06-29T00:00:00+00:00,1,30688.51,30077.4,-0.019913316091266675,-0.021713316091266675,
HIGH52,2023-07-04,2023-07-04T00:00:00+00:00,2023-07-09T00:00:00+00:00,1,31156.2,30284.63,-0.027974207380874416,-0.029774207380874416,
HIGH52,2023-07-14,2023-07-14T00:00:00+00:00,2023-07-19T00:00:00+00:00,1,31454.23,29859.14,-0.050711462337498014,-0.05251146233749802,
HIGH52,2023-10-24,2023-10-24T00:00:00+00:00,2023-10-29T00:00:00+00:00,1,33069.99,34081.01,0.03057212899066508,0.028772128990665082,
HIGH52,2023-10-30,2023-10-30T00:00:00+00:00,2023-11-04T00:00:00+00:00,1,34525.88,34716.78,0.00552918564276994,0.0037291856427699405,
HIGH52,2023-11-09,2023-11-09T00:00:00+00:00,2023-11-14T00:00:00+00:00,1,35624.72,36462.93,0.02352888668317954,0.02172888668317954,
HIGH52,2023-11-16,2023-11-16T00:00:00+00:00,2023-11-21T00:00:00+00:00,1,37858.2,37448.79,-0.010814301789308423,-0.012614301789308422,
HIGH52,2023-12-02,2023-12-02T00:00:00+00:00,2023-12-07T00:00:00+00:00,1,38682.51,43762.69,0.1313301541187477,0.12953015411874771,
HIGH52,2023-12-09,2023-12-09T00:00:00+00:00,2023-12-14T00:00:00+00:00,1,44171.0,42869.03,-0.02947567408480678,-0.03127567408480678,
HIGH52,2024-01-02,2024-01-02T00:00:00+00:00,2024-01-07T00:00:00+00:00,1,44179.55,43968.32,-0.004781171379065752,-0.006581171379065751,
HIGH52,2024-01-09,2024-01-09T00:00:00+00:00,2024-01-14T00:00:00+00:00,1,46951.04,42847.99,-0.08738997048840669,-0.08918997048840668,
HIGH52,2024-02-10,2024-02-10T00:00:00+00:00,2024-02-15T00:00:00+00:00,1,47132.78,51795.17,0.09892032678742901,0.09712032678742902,
HIGH52,2024-02-15,2024-02-15T00:00:00+00:00,2024-02-20T00:00:00+00:00,1,51795.17,51774.74,-0.0003944383231100357,-0.0021944383231100356,
HIGH52,2024-02-21,2024-02-21T00:00:00+00:00,2024-02-26T00:00:00+00:00,1,52258.82,51728.85,-0.010141254624578266,-0.011941254624578266,
HIGH52,2024-02-27,2024-02-27T00:00:00+00:00,2024-03-03T00:00:00+00:00,1,54476.48,61987.28,0.13787234417495386,0.13607234417495387,
HIGH52,2024-03-04,2024-03-04T00:00:00+00:00,2024-03-09T00:00:00+00:00,1,63113.97,68124.2,0.07938385115054558,0.07758385115054559,
HIGH52,2024-03-10,2024-03-10T00:00:00+00:00,2024-03-15T00:00:00+00:00,1,68313.28,71388.94,0.0450228711020757,0.0432228711020757,
HIGH52,2024-11-07,2024-11-07T00:00:00+00:00,2024-11-12T00:00:00+00:00,1,75571.99,88648.0,0.1730272022742818,0.17122720227428181,
HIGH52,2024-11-12,2024-11-12T00:00:00+00:00,2024-11-17T00:00:00+00:00,1,88648.0,90587.98,0.021884080859128296,0.020084080859128297,
HIGH52,2024-11-20,2024-11-20T00:00:00+00:00,2024-11-25T00:00:00+00:00,1,92310.8,97900.05,0.06054816987828082,0.05874816987828082,
HIGH52,2024-12-07,2024-12-07T00:00:00+00:00,2024-12-12T00:00:00+00:00,1,99740.84,101125.0,0.013877565097707212,0.012077565097707212,
HIGH52,2024-12-12,2024-12-12T00:00:00+00:00,2024-12-17T00:00:00+00:00,1,101125.0,106058.65,0.0487876390605686,0.046987639060568596,
HIGH52,2024-12-17,2024-12-17T00:00:00+00:00,2024-12-22T00:00:00+00:00,1,106058.65,97292.0,-0.08265851017338044,-0.08445851017338044,
HIGH52,2025-01-22,2025-01-22T00:00:00+00:00,2025-01-27T00:00:00+00:00,1,106143.82,102620.01,-0.03319844716348075,-0.03499844716348075,
HIGH52,2025-05-19,2025-05-19T00:00:00+00:00,2025-05-24T00:00:00+00:00,1,106454.27,107318.3,0.008116442863212558,0.006316442863212559,
HIGH52,2025-07-11,2025-07-11T00:00:00+00:00,2025-07-16T00:00:00+00:00,1,116010.01,117758.08,0.015068268677849606,0.013268268677849606,
HIGH52,2025-07-23,2025-07-23T00:00:00+00:00,2025-07-28T00:00:00+00:00,1,119954.43,119415.56,-0.0044922892801874115,-0.006292289280187411,
HIGH52,2025-08-13,2025-08-13T00:00:00+00:00,2025-08-18T00:00:00+00:00,1,120134.09,117405.01,-0.022716949035864853,-0.024516949035864852,
HIGH52,2025-10-06,2025-10-06T00:00:00+00:00,2025-10-11T00:00:00+00:00,1,123482.32,112774.49,-0.08671549093019959,-0.08851549093019959,
