seed,trades,mean_bp_gross,mean_bp_db
42,735,10.63799199592062,-0.8857572107646242
43,735,12.479665885313878,1.0446506088652696
44,735,3.638435766714945,-7.898667846758257
45,735,12.395214813154045,0.8561487717969358
46,735,-2.125202445597431,-13.610266421497595
47,735,-0.4889548562249571,-12.099360325012714
48,735,2.7262713627985415,-8.787888528903105
49,735,8.401034184354918,-3.043023806783848
50,735,15.74035027249145,4.2653558976492905
51,735,11.042375356476143,-0.3395738953784555
52,735,9.213941511894365,-2.139928260550115
53,735,0.036225682964405204,-11.416512531978745
54,735,9.11783001637347,-2.3558543254417876
55,735,5.586753772117779,-5.911153914174258
56,735,-6.311283446163634,-17.841654609310865
57,735,2.584550870814329,-9.015788576387044
58,735,1.791435901275909,-9.731244233963288
59,735,0.7706579691200576,-10.69424951889489
60,735,8.74022134135342,-2.8034806044674316
61,735,8.43562874299931,-3.1115892898851003
62,735,8.833795294852107,-2.690753349157655
63,735,7.860228888583679,-3.543377784420155
64,735,4.806194995672277,-6.739690794624785
65,735,2.8744326226273533,-8.58135496280227
66,735,6.411055992706307,-5.053359340733325
67,735,2.643484956448821,-8.931514814273168
68,735,5.607077016296724,-5.800439785287941
69,735,10.53057207789536,-1.0746570534378492
70,735,0.624278526411489,-10.923142970073062
71,735,2.582742888836009,-8.824410121458818
72,735,-3.709060155712645,-15.116022904524122
73,735,4.045955139264585,-7.599248050155889
74,735,7.6456843751001635,-3.9585425370114993
75,735,4.467315166595115,-7.186535495026583
76,735,12.375340590703573,0.8394359321584148
77,735,3.0914226902592583,-8.598267566336334
78,735,13.854952486581505,2.213492790691653
79,735,5.089080690476205,-6.437302964747379
80,735,11.001022995416566,-0.43004418020456525
81,735,6.210102911800727,-5.268442776887662
82,735,2.7292577384543826,-8.834216164454357
83,735,12.920163337244727,1.4303266929933935
84,735,10.826312776518462,-0.7720186954209053
85,735,0.6618585593299272,-10.849325610130192
86,735,0.4429995828149752,-11.027128468502012
87,735,6.1632251758436,-5.22586131400829
88,735,2.8367359543260426,-8.780082351354332
89,735,6.5368002716889055,-4.905565853082637
90,735,11.558117325542522,0.06301275050499913
91,735,8.175489925495386,-3.2508568582427517
92,735,7.604028747911171,-3.9471841720732144
93,735,10.172822830405897,-1.362743239856989
94,735,12.543972910716143,1.1071981009428176
95,735,11.12657422185513,-0.4860365369376794
96,735,5.366775134595471,-6.146355828948543
97,735,9.127433013048883,-2.5032492145285494
98,735,2.135011739456874,-9.364787114853003
99,735,2.16190390389142,-9.379949042368516
100,735,5.257446077422342,-6.348125559055438
101,735,7.215100621732046,-4.211366769019104
102,735,-3.945868516667697,-15.512413716210737
103,735,2.9997089990006525,-8.603936210924465
104,735,5.948934182548158,-5.605619321207098
105,735,4.352377306965354,-7.197598289065993
106,735,1.1380079038043578,-10.392437101990414
107,735,8.13846905196918,-3.4004210456254094
108,735,12.094240898424012,0.8048008124120197
109,735,9.14186327422883,-2.37289804647688
110,735,9.82608572601217,-1.721886284221684
111,735,-1.0536285896449862,-12.481011454310485
112,735,15.5268202757577,3.9994812867292615
113,735,10.956254395346061,-0.5410292193912826
114,735,7.404726574073795,-4.048552245738255
115,735,-1.4622289774907449,-12.893537737896516
116,735,4.437625307656581,-7.121765687432952
117,735,11.797447810752143,0.4176362704456022
118,735,0.02309754932339336,-11.50783597221598
119,735,6.663594347454856,-4.819908001095211
120,735,4.816331787510846,-6.741886918107575
121,735,4.045603173663919,-7.591640682772912
122,735,9.646478319032264,-1.8399553299874094
123,735,8.041591757294288,-3.4040528325200348
124,735,13.115280219894625,1.4829937240504254
125,735,11.15921354197411,-0.36686219423879024
126,735,8.383170964331871,-3.212022035337946
127,735,5.918447726537369,-5.604711770257052
128,735,-0.6915751292257742,-12.228554683586845
129,735,7.816810843566412,-3.7821339357575625
130,735,4.580127252761076,-6.901314554645374
131,735,6.491609863190279,-5.075795775567081
132,735,7.942500249226928,-3.6470614255955547
133,735,11.556330263896838,-0.10107086434512566
134,735,7.941918289663121,-3.5452471689720175
135,735,7.965790244228641,-3.627525444751049
136,735,-1.6421236928972216,-13.212689029932791
137,735,5.3269806077362825,-6.10308748657941
138,735,11.460988493376293,-0.16616688183923797
139,735,13.534218537110354,1.9215442265012022
140,735,-2.500975761227394,-14.134454485010767
141,735,3.6561377264776316,-7.848698159447957
142,735,10.485917125835421,-1.0698321553021013
143,735,6.1037262102140195,-5.301210125485014
144,735,6.686306349921563,-4.7895678741128265
145,735,10.548165653589109,-0.8821410942006856
146,735,4.513720520180015,-7.022167838376108
147,735,4.605305365007254,-6.983239568681055
148,735,6.2439684619863085,-5.359865345555467
149,735,6.8986487039520465,-4.60153577519589
150,735,0.9307965293798051,-10.584855271689834
151,735,8.411081781813907,-3.0248114849354963
152,735,4.386391894175116,-7.124365881762709
153,735,0.044611107697279,-11.556572701666152
154,735,13.160771365852208,1.7860788836315076
155,735,-1.9205797510081328,-13.378181455031646
156,735,6.28122235808698,-5.234109057384557
157,735,10.212974246160398,-1.357728032177242
158,735,9.866352445134734,-1.7339352449165806
159,735,6.764749795707673,-4.689362241763724
160,735,5.962345689837108,-5.600674195639064
161,735,10.429273929698669,-1.1549356651193503
162,735,6.77802930015604,-4.808901411469366
163,735,13.575768066110129,2.0950594673167178
164,735,5.372258018470542,-6.037591911082833
165,735,11.445578717097687,-0.06963191300932596
166,735,8.116161341977504,-3.3481210889377304
167,735,7.865591449183204,-3.5976255319366754
168,735,12.69952310077304,1.2117031342913456
169,735,11.831139004458796,0.2547743815207004
170,735,1.130784106920329,-10.288206862968774
171,735,2.433919890035306,-8.964496385611916
172,735,0.3088727563250557,-11.302476353761184
173,735,5.688826659604139,-5.952555047671765
174,735,6.997188086388652,-4.631316051675474
175,735,8.669854835199489,-2.925795369127537
176,735,6.269272314406785,-5.219160160810582
177,735,3.4099217295423037,-8.010565783978183
178,735,16.55143099611494,4.978356584135342
179,735,5.154649954893075,-6.270191028735217
180,735,7.204851887542687,-4.329231468597812
181,735,17.182514046091814,5.685538467971745
182,735,10.00674007266703,-1.597586555387319
183,735,2.3058101603400796,-9.225925137892716
184,735,2.0388000061265705,-9.323258639802468
185,735,5.037912428776989,-6.636142976861035
186,735,4.967487342820401,-6.6278221432981415
187,735,9.76649631505323,-1.7189395372025074
188,735,4.912115325927233,-6.4342968126948366
189,735,7.984455002253919,-3.4392233532720575
190,735,6.622636344036852,-4.930197753283815
191,735,7.055508815521515,-4.549650938367292
192,735,8.382178635387081,-3.1178909786309785
193,735,12.2186876856408,0.614933297867608
194,735,5.108470123840966,-6.33516730415366
195,735,3.421575039594892,-8.048146992504488
196,735,4.473522018679101,-7.06624451272296
197,735,8.424653229944267,-3.2038054985200732
198,735,11.729196262080249,0.0868237158085074
199,735,10.210883023897983,-1.2854926922278296
200,735,6.311640137306288,-5.1980657327298925
201,735,14.921565445991561,3.3602591383129705
202,735,-2.6529603551922003,-14.189437840466526
203,735,8.914237485396734,-2.687732192153581
204,735,-0.4726462922514977,-12.028506747572195
205,735,13.604716023268772,2.129061758190002
206,735,2.796709392495151,-8.730371849678079
207,735,2.0968428552331804,-9.499158906773074
208,735,14.012870753247658,2.326868400733904
209,735,14.331697764224277,2.7204134804265827
210,735,11.017407539223525,-0.47291468612701076
211,735,5.436135639727242,-6.194111417067132
212,735,6.351160454067886,-5.202226434234944
213,735,6.434273829061772,-5.134543860049337
214,735,3.1366797835731446,-8.415229041101147
215,735,7.409407304053274,-4.123712979379247
216,735,-3.9059150985037916,-15.392210806768237
217,735,4.421386328539816,-7.267284466031147
218,735,10.866364378135216,-0.7089323024200072
219,735,2.010403182951584,-9.519736053684206
220,735,14.838045953994389,3.2530964480027085
221,735,10.952502055933925,-0.5588563181119406
222,735,6.280509474292441,-5.155149141442461
223,735,14.457038304730391,2.9571357024202802
224,735,1.4539748592190898,-10.044905188763789
225,735,7.753709859738993,-3.7146781536172253
226,735,3.796883718286933,-7.830428794171761
227,735,4.8790570297468365,-6.571551779905063
228,735,0.9946271519627772,-10.522371528548115
229,735,3.4167424650358162,-8.03336515279382
230,735,10.06096254305242,-1.4239827441355764
231,735,16.287591430419905,4.806847317879312
232,735,0.9352033166256333,-10.70628273097199
233,735,11.485576110635911,-0.12178391670230718
234,735,14.736044647453564,3.3904685596822994
235,735,7.167256020273714,-4.411254932385834
236,735,3.1792359825460488,-8.33112599575203
237,735,8.228753627722092,-3.349287935019525
238,735,3.387324196016391,-8.080608866559563
239,735,4.922810841710734,-6.558992144524441
240,735,9.09021616409162,-2.4746363171873402
241,735,10.804872376198745,-0.6592162977410735
