arm,fill_mode,direction,filled,r,kind
d0.0,touch,short,True,-1.071418327451372,stop
d0.2,touch,short,True,2.9138078661535176,target
d0.2,through,short,True,2.9138078661535176,target
d0.4,touch,short,True,2.8914612548707708,target
d0.4,through,short,True,2.8914612548707708,target
d0.6,touch,short,True,2.853712777242311,target
d0.6,through,short,True,2.853712777242311,target
d0.8,touch,short,True,2.7762667859292627,target
d0.8,through,short,True,2.7762667859292627,target
d1.0,touch,short,False,,
d1.0,through,short,False,,
d0.0,touch,short,True,-1.0644814520871546,stop
d0.2,touch,short,True,2.9230688878296673,target
d0.2,through,short,True,2.9230688878296673,target
d0.4,touch,short,True,2.9047739025055446,target
d0.4,through,short,True,2.9047739025055446,target
d0.6,touch,short,False,,
d0.6,through,short,False,,
d0.8,touch,short,False,,
d0.8,through,short,False,,
d1.0,touch,short,False,,
d1.0,through,short,False,,
d0.0,touch,short,True,-1.0282113315249441,stop
d0.2,touch,short,True,-1.0347103757479355,stop
d0.2,through,short,True,-1.0347103757479355,stop
d0.4,touch,short,True,-1.044928779034227,stop
d0.4,through,short,True,-1.044928779034227,stop
d0.6,touch,short,True,-1.0633392330438118,stop
d0.6,through,short,True,-1.0633392330438118,stop
d0.8,touch,short,True,-1.1063838038854017,stop
d0.8,through,short,True,-1.1063838038854017,stop
d1.0,touch,short,False,,
d1.0,through,short,False,,
d0.0,touch,long,True,2.8547580427622288,target
d0.2,touch,long,True,2.8483953732325884,target
d0.2,through,long,True,2.8483953732325884,target
d0.4,touch,long,True,2.8414454717232025,target
d0.4,through,long,True,2.8414454717232025,target
d0.6,touch,long,True,2.833823108783767,target
d0.6,through,long,True,2.833823108783767,target
d0.8,touch,long,True,2.82542572313123,target
d0.8,through,long,True,2.82542572313123,target
d1.0,touch,long,True,2.81612878003279,target
d1.0,through,long,True,2.81612878003279,target
d0.0,touch,long,True,-1.133620564650354,stop
d0.2,touch,long,True,-1.1568454991635957,stop
d0.2,through,long,True,-1.1568454991635957,stop
d0.4,touch,long,True,-1.1899318437252697,stop
d0.4,through,long,True,-1.1899318437252697,stop
d0.6,touch,long,True,-1.240853211670807,stop
d0.6,through,long,True,-1.240853211670807,stop
d0.8,touch,long,True,-1.3293512302118005,stop
d0.8,through,long,True,-1.3293512302118005,stop
d1.0,touch,long,True,-1.5213395766857738,stop
d1.0,through,long,True,-1.5213395766857738,stop
d0.0,touch,long,True,2.785855581805288,target
d0.2,touch,long,True,2.7461835107552135,target
d0.2,through,long,True,2.7461835107552135,target
d0.4,touch,long,False,,
d0.4,through,long,False,,
d0.6,touch,long,False,,
d0.6,through,long,False,,
d0.8,touch,long,False,,
d0.8,through,long,False,,
d1.0,touch,long,False,,
d1.0,through,long,False,,
d0.0,touch,short,True,-1.0843835513358893,stop
d0.2,touch,short,True,-1.1003138827636987,stop
d0.2,through,short,True,-1.1003138827636987,stop
d0.4,touch,short,True,-1.1235520239585903,stop
d0.4,through,short,True,-1.1235520239585903,stop
d0.6,touch,short,True,-1.160623173853577,stop
d0.6,through,short,True,-1.160623173853577,stop
d0.8,touch,short,True,-1.2291130805739043,stop
d0.8,through,short,True,-1.2291130805739043,stop
d1.0,touch,short,True,-1.3983375039057573,stop
d1.0,through,short,True,-1.3983375039057573,stop
d0.0,touch,short,True,-1.0860757252280848,stop
d0.2,touch,short,True,-1.1003729387888834,stop
d0.2,through,short,True,-1.1003729387888834,stop
d0.4,touch,short,True,-1.1202874784235528,stop
d0.4,through,short,True,-1.1202874784235528,stop
d0.6,touch,short,True,-1.1499392309909249,stop
d0.6,through,short,True,-1.1499392309909249,stop
d0.8,touch,short,True,-1.1987805828570803,stop
d0.8,through,short,True,-1.1987805828570803,stop
d1.0,touch,short,True,2.7056488350016,target
d1.0,through,short,True,2.7056488350016,target
d0.0,touch,short,True,2.8789729370231,target
d0.2,touch,short,True,2.8732585732317677,target
d0.2,through,short,True,2.8732585732317677,target
d0.4,touch,short,True,2.8669827238284884,target
d0.4,through,short,True,2.8669827238284884,target
d0.6,touch,short,True,2.8600583567696383,target
d0.6,through,short,True,2.8600583567696383,target
d0.8,touch,short,True,2.852379473042621,target
d0.8,through,short,True,2.852379473042621,target
d1.0,touch,short,True,2.84381564208034,target
d1.0,through,short,True,2.84381564208034,target
d0.0,touch,short,True,0.09962257082206144,tif
d0.2,touch,short,True,0.1683832791675415,tif
d0.2,through,short,True,0.1683832791675415,tif
d0.4,touch,short,True,0.25540532889286427,tif
d0.4,through,short,True,0.25540532889286427,tif
d0.6,touch,short,True,0.35643735850853525,tif
d0.6,through,short,True,0.35643735850853525,tif
d0.8,touch,short,True,2.899114754246474,target
d0.8,through,short,True,2.899114754246474,target
d1.0,touch,short,True,2.8893330670095163,target
d1.0,through,short,True,2.8893330670095163,target
d0.0,touch,short,True,-1.0783252175878935,stop
d0.2,touch,short,True,-1.0935840802055192,stop
d0.2,through,short,True,-1.0935840802055192,stop
d0.4,touch,short,True,-1.1161114346389056,stop
d0.4,through,short,True,-1.1161114346389056,stop
d0.6,touch,short,True,-1.1527244054343888,stop
d0.6,through,short,True,-1.1527244054343888,stop
d0.8,touch,short,True,2.777357401124437,target
d0.8,through,short,True,2.777357401124437,target
d1.0,touch,short,True,2.5907759280095766,target
d1.0,through,short,True,2.5907759280095766,target
d0.0,touch,short,True,-1.1558775847197094,stop
d0.2,touch,short,True,-1.1829829125580125,stop
d0.2,through,short,True,-1.1829829125580125,stop
d0.4,touch,short,True,2.7785888649437984,target
d0.4,through,short,True,2.7785888649437984,target
d0.6,touch,short,True,2.719869598800604,target
d0.6,through,short,True,2.719869598800604,target
d0.8,touch,short,True,2.619022984007865,target
d0.8,through,short,True,2.619022984007865,target
d1.0,touch,short,True,2.405353802994835,target
d1.0,through,short,True,2.405353802994835,target
d0.0,touch,short,True,-1.1749148121143949,stop
d0.2,touch,short,True,-1.2007648463817593,stop
d0.2,through,short,True,-1.2007648463817593,stop
d0.4,touch,short,True,-1.235520691609042,stop
d0.4,through,short,True,-1.235520691609042,stop
d0.6,touch,short,True,-1.2847424490819133,stop
d0.6,through,short,True,-1.2847424490819133,stop
d0.8,touch,short,True,-1.3598349507733098,stop
d0.8,through,short,True,-1.3598349507733098,stop
d1.0,touch,short,True,-1.488465408491998,stop
d1.0,through,short,True,-1.488465408491998,stop
d0.0,touch,short,True,-1.4132258857014226,stop
d0.2,touch,short,True,-1.4890393166946025,stop
d0.2,through,short,True,-1.4890393166946025,stop
d0.4,touch,short,True,-1.5988212156859265,stop
d0.4,through,short,True,-1.5988212156859265,stop
d0.6,touch,short,True,-1.7719920969036622,stop
d0.6,through,short,True,-1.7719920969036622,stop
d0.8,touch,short,True,-2.085737831480591,stop
d0.8,through,short,True,-2.085737831480591,stop
d1.0,touch,short,True,-2.8281701884899846,stop
d1.0,through,short,True,-2.8281701884899846,stop
d0.0,touch,short,True,-1.472792744094692,stop
d0.2,touch,short,True,-1.5488994910881289,stop
d0.2,through,short,True,-1.5488994910881289,stop
d0.4,touch,short,True,-1.6541359382980316,stop
d0.4,through,short,True,-1.6541359382980316,stop
d0.6,touch,short,True,-1.8091840798855654,stop
d0.6,through,short,True,-1.8091840798855654,stop
d0.8,touch,short,True,-2.060375044265072,stop
d0.8,through,short,True,-2.060375044265072,stop
d1.0,touch,short,True,-2.5373179860326527,stop
d1.0,through,short,True,-2.5373179860326527,stop
d0.0,touch,short,True,0.14069110171756044,tif
d0.2,touch,short,True,0.420805887435849,tif
d0.2,through,short,True,0.420805887435849,tif
d0.4,touch,short,False,,
d0.4,through,short,False,,
d0.6,touch,short,False,,
d0.6,through,short,False,,
d0.8,touch,short,False,,
d0.8,through,short,False,,
d1.0,touch,short,False,,
d1.0,through,short,False,,
d0.0,touch,short,True,-1.1472438782301682,stop
d0.2,touch,short,True,-1.1676475666598432,stop
d0.2,through,short,True,-1.1676475666598432,stop
d0.4,touch,short,True,-1.1945642382474007,stop
d0.4,through,short,True,-1.1945642382474007,stop
d0.6,touch,short,True,-1.2317046117170698,stop
d0.6,through,short,True,-1.2317046117170698,stop
d0.8,touch,short,True,-1.2862591209093162,stop
d0.8,through,short,True,-1.2862591209093162,stop
d1.0,touch,short,True,-1.3742258418379052,stop
d1.0,through,short,True,-1.3742258418379052,stop
d0.0,touch,short,True,-0.5976848729109511,tif
d0.2,touch,short,True,-0.6773753031415923,tif
d0.2,through,short,True,-0.6773753031415923,tif
d0.4,touch,short,False,,
d0.4,through,short,False,,
d0.6,touch,short,False,,
d0.6,through,short,False,,
d0.8,touch,short,False,,
d0.8,through,short,False,,
d1.0,touch,short,False,,
d1.0,through,short,False,,
d0.0,touch,short,True,2.803565378050625,target
d0.2,touch,short,True,2.7943793977437545,target
d0.2,through,short,True,2.7943793977437545,target
d0.4,touch,short,True,2.784296919768036,target
d0.4,through,short,True,2.784296919768036,target
d0.6,touch,short,True,2.7731799721442285,target
d0.6,through,short,True,2.7731799721442285,target
d0.8,touch,short,True,2.760860739882802,target
d0.8,through,short,True,2.760860739882802,target
d1.0,touch,short,True,2.7471330350160423,target
d1.0,through,short,True,2.7471330350160423,target
d0.0,touch,short,True,-1.0603986729571981,stop
d0.2,touch,short,True,-1.07340665145368,stop
d0.2,through,short,True,-1.07340665145368,stop
d0.4,touch,short,True,-1.093408020164981,stop
d0.4,through,short,True,-1.093408020164981,stop
d0.6,touch,short,True,-1.1281158559750628,stop
d0.6,through,short,True,-1.1281158559750628,stop
d0.8,touch,short,True,-1.20317981060242,stop
d0.8,through,short,True,-1.20317981060242,stop
d1.0,touch,short,True,-1.4867321678134973,stop
d1.0,through,short,True,-1.4867321678134973,stop
d0.0,touch,long,True,2.831311972389617,target
d0.2,touch,long,True,2.8081536641048825,target
d0.2,through,long,True,2.8081536641048825,target
d0.4,touch,long,True,2.7775739445683625,target
d0.4,through,long,True,2.7775739445683625,target
d0.6,touch,long,True,2.735324680017669,target
d0.6,through,long,True,2.735324680017669,target
d0.8,touch,long,True,2.6731509559842825,target
d0.8,through,long,True,2.6731509559842825,target
d1.0,touch,long,True,2.5726095759333067,target
d1.0,through,long,True,2.5726095759333067,target
d0.0,touch,long,True,1.3914231560758448,tif
d0.2,touch,long,True,2.885178320476743,target
d0.2,through,long,True,2.885178320476743,target
d0.4,touch,long,True,2.852615228618143,target
d0.4,through,long,True,2.852615228618143,target
d0.6,touch,long,False,,
d0.6,through,long,False,,
d0.8,touch,long,False,,
d0.8,through,long,False,,
d1.0,touch,long,False,,
d1.0,through,long,False,,
d0.0,touch,long,True,-1.5331645673736538,stop
d0.2,touch,long,True,-1.590612518313791,stop
d0.2,through,long,True,-1.590612518313791,stop
d0.4,touch,long,True,-1.661964625767407,stop
d0.4,through,long,True,-1.661964625767407,stop
d0.6,touch,long,True,-1.7529637027034983,stop
d0.6,through,long,True,-1.7529637027034983,stop
d0.8,touch,long,True,-1.8730200867705207,stop
d0.8,through,long,True,-1.8730200867705207,stop
d1.0,touch,long,True,-2.0386956144371133,stop
d1.0,through,long,True,-2.0386956144371133,stop
d0.0,touch,long,True,-1.1701169862922949,stop
d0.2,touch,long,True,-1.1989538855255908,stop
d0.2,through,long,True,-1.1989538855255908,stop
d0.4,touch,long,True,-1.2396465908797016,stop
d0.4,through,long,True,-1.2396465908797016,stop
d0.6,touch,long,True,-1.301398482833212,stop
d0.6,through,long,True,-1.301398482833212,stop
d0.8,touch,long,True,-1.4062641162723168,stop
d0.8,through,long,True,-1.4062641162723168,stop
d1.0,touch,long,True,2.3763899063396168,target
d1.0,through,long,True,2.3763899063396168,target
d0.0,touch,long,True,-1.221115004775992,stop
d0.2,touch,long,True,-1.2687280955043552,stop
d0.2,through,long,True,-1.2687280955043552,stop
d0.4,touch,long,True,-1.3426250268639606,stop
d0.4,through,long,True,-1.3426250268639606,stop
d0.6,touch,long,True,-1.472867453422583,stop
d0.6,through,long,True,-1.472867453422583,stop
d0.8,touch,long,True,-1.7636064360020667,stop
d0.8,through,long,True,-1.7636064360020667,stop
d1.0,touch,long,True,-2.987706757060697,stop
d1.0,through,long,True,-2.987706757060697,stop
d0.0,touch,long,True,2.8321965344327786,target
d0.2,touch,long,True,2.8045930962820567,target
d0.2,through,long,True,2.8045930962820567,target
d0.4,touch,long,True,2.766042105722298,target
d0.4,through,long,True,2.766042105722298,target
d0.6,touch,long,True,2.7084199250739176,target
d0.6,through,long,True,2.7084199250739176,target
d0.8,touch,long,False,,
d0.8,through,long,False,,
d1.0,touch,long,False,,
d1.0,through,long,False,,
d0.0,touch,long,True,2.903242111833884,target
d0.2,touch,long,False,,
d0.2,through,long,False,,
d0.4,touch,long,False,,
d0.4,through,long,False,,
d0.6,touch,long,False,,
d0.6,through,long,False,,
d0.8,touch,long,False,,
d0.8,through,long,False,,
d1.0,touch,long,False,,
d1.0,through,long,False,,
d0.0,touch,long,True,-1.2750550117763206,stop
d0.2,touch,long,True,-1.2917088414469817,stop
d0.2,through,long,True,-1.2917088414469817,stop
d0.4,touch,long,True,-1.3105176732076258,stop
d0.4,through,long,True,-1.3105176732076258,stop
d0.6,touch,long,True,-1.3319287274000124,stop
d0.6,through,long,True,-1.3319287274000124,stop
d0.8,touch,long,True,-1.3565221676354444,stop
d0.8,through,long,True,-1.3565221676354444,stop
d1.0,touch,long,True,-1.3850644660530946,stop
d1.0,through,long,True,-1.3850644660530946,stop
d0.0,touch,long,True,0.3189319229875627,tif
d0.2,touch,long,True,0.613913204003919,tif
d0.2,through,long,True,0.613913204003919,tif
d0.4,touch,long,True,1.1518928630160465,tif
d0.4,through,long,True,1.1518928630160465,tif
d0.6,touch,long,True,1.9744382812815913,tif
d0.6,through,long,True,1.9744382812815913,tif
d0.8,touch,long,False,,
d0.8,through,long,False,,
d1.0,touch,long,False,,
d1.0,through,long,False,,
d0.0,touch,long,True,2.62829918839285,target
d0.2,touch,long,True,2.5659785124086913,target
d0.2,through,long,True,2.5659785124086913,target
d0.4,touch,long,True,2.4784690112930026,target
d0.4,through,long,True,2.4784690112930026,target
d0.6,touch,long,True,2.346631596326207,target
d0.6,through,long,True,2.346631596326207,target
d0.8,touch,long,False,,
d0.8,through,long,False,,
d1.0,touch,long,False,,
d1.0,through,long,False,,
d0.0,touch,long,True,-1.0884183434557198,stop
d0.2,touch,long,True,-1.1051016717469997,stop
d0.2,through,long,True,-1.1051016717469997,stop
d0.4,touch,long,True,2.8703452499594766,target
d0.4,through,long,True,2.8703452499594766,target
d0.6,touch,long,True,2.8306353064715823,target
d0.6,through,long,True,2.8306353064715823,target
d0.8,touch,long,True,2.75546787709038,target
d0.8,through,long,True,2.75546787709038,target
d1.0,touch,long,True,2.55904919658116,target
d1.0,through,long,True,2.55904919658116,target
d0.0,touch,long,True,-1.132418498800732,stop
d0.2,touch,long,True,2.848017849444168,target
d0.2,through,long,True,2.848017849444168,target
d0.4,touch,long,True,2.8216107486995265,target
d0.4,through,long,True,2.8216107486995265,target
d0.6,touch,long,True,2.7840082284741006,target
d0.6,through,long,True,2.7840082284741006,target
d0.8,touch,long,True,2.7261756117805938,target
d0.8,through,long,True,2.7261756117805938,target
d1.0,touch,long,False,,
d1.0,through,long,False,,
d0.0,touch,short,True,2.9275959137258942,target
d0.2,touch,short,True,2.9137151708700237,target
d0.2,through,short,True,2.9137151708700237,target
d0.4,touch,short,True,2.8933604965726007,target
d0.4,through,short,True,2.8933604965726007,target
d0.6,touch,short,True,2.8606253708391787,target
d0.6,through,short,True,2.8606253708391787,target
d0.8,touch,short,True,2.7992780734337366,target
d0.8,through,short,True,2.7992780734337366,target
d1.0,touch,short,True,2.6426854775889845,target
d1.0,through,short,True,2.6426854775889845,target
d0.0,touch,short,True,1.2291676391515718,tif
d0.2,touch,short,True,1.8617323946227522,tif
d0.2,through,short,True,1.8617323946227522,tif
d0.4,touch,short,True,2.3596971845653205,tif
d0.4,through,short,True,2.3596971845653205,tif
d0.6,touch,short,False,,
d0.6,through,short,False,,
d0.8,touch,short,False,,
d0.8,through,short,False,,
d1.0,touch,short,False,,
d1.0,through,short,False,,
d0.0,touch,short,True,2.9389962409656953,target
d0.2,touch,short,True,2.9297447979288274,target
d0.2,through,short,True,2.9297447979288274,target
d0.4,touch,short,True,2.917248409275975,target
d0.4,through,short,True,2.917248409275975,target
d0.6,touch,short,False,,
d0.6,through,short,False,,
d0.8,touch,short,False,,
d0.8,through,short,False,,
d1.0,touch,short,False,,
d1.0,through,short,False,,
d0.0,touch,short,True,2.926591461487959,target
d0.2,touch,short,True,2.914028919451735,target
d0.2,through,short,True,2.914028919451735,target
d0.4,touch,short,True,2.896362814649774,target
d0.4,through,short,True,2.896362814649774,target
d0.6,touch,short,False,,
d0.6,through,short,False,,
d0.8,touch,short,False,,
d0.8,through,short,False,,
d1.0,touch,short,False,,
d1.0,through,short,False,,
d0.0,touch,short,True,-1.045181649242974,stop
d0.2,touch,short,True,-1.0505167392156223,stop
d0.2,through,short,True,-1.0505167392156223,stop
d0.4,touch,short,True,-1.0572454929643489,stop
d0.4,through,short,True,-1.0572454929643489,stop
d0.6,touch,short,True,-1.0659960445920844,stop
d0.6,through,short,True,-1.0659960445920844,stop
d0.8,touch,short,True,-1.0778407368217404,stop
d0.8,through,short,True,-1.0778407368217404,stop
d1.0,touch,short,True,-1.0947731278295987,stop
d1.0,through,short,True,-1.0947731278295987,stop
d0.0,touch,short,True,2.774304647856181,target
d0.2,touch,short,True,2.74072656886222,target
d0.2,through,short,True,2.74072656886222,target
d0.4,touch,short,True,2.695471777883533,target
d0.4,through,short,True,2.695471777883533,target
d0.6,touch,short,True,2.631167511891781,target
d0.6,through,short,True,2.631167511891781,target
d0.8,touch,short,True,2.5325794318778763,target
d0.8,through,short,True,2.5325794318778763,target
d1.0,touch,short,True,2.362324550773958,target
d1.0,through,short,True,2.362324550773958,target
d0.0,touch,short,True,2.939509149142273,target
d0.2,touch,short,True,2.9288604184733993,target
d0.2,through,short,True,2.9288604184733993,target
d0.4,touch,short,True,2.913750997949855,target
d0.4,through,short,True,2.913750997949855,target
d0.6,touch,short,True,2.890635477336742,target
d0.6,through,short,True,2.890635477336742,target
d0.8,touch,short,True,2.850856981901664,target
d0.8,through,short,True,2.850856981901664,target
d1.0,touch,short,False,,
d1.0,through,short,False,,
d0.0,touch,short,True,-1.014868360886001,stop
d0.2,touch,short,True,-1.0183526288104654,stop
d0.2,through,short,True,-1.0183526288104654,stop
d0.4,touch,short,True,-1.0237974961921787,stop
d0.4,through,short,True,-1.0237974961921787,stop
d0.6,touch,short,True,-1.0335056781204235,stop
d0.6,through,short,True,-1.0335056781204235,stop
d0.8,touch,short,False,,
d0.8,through,short,False,,
d1.0,touch,short,False,,
d1.0,through,short,False,,
d0.0,touch,short,True,-1.0189870379755335,stop
d0.2,touch,short,True,-1.0231867110429052,stop
d0.2,through,short,True,-1.0231867110429052,stop
d0.4,touch,short,True,-1.0296207346780135,stop
d0.4,through,short,True,-1.0296207346780135,stop
d0.6,touch,short,True,-1.0407184646226189,stop
d0.6,through,short,True,-1.0407184646226189,stop
d0.8,touch,short,False,,
d0.8,through,short,False,,
d1.0,touch,short,False,,
d1.0,through,short,False,,
d0.0,touch,short,True,-1.0273611429798952,stop
d0.2,touch,short,True,-1.0330916442199118,stop
d0.2,through,short,True,-1.0330916442199118,stop
d0.4,touch,short,True,-1.0417242853850168,stop
d0.4,through,short,True,-1.0417242853850168,stop
d0.6,touch,short,False,,
d0.6,through,short,False,,
d0.8,touch,short,False,,
d0.8,through,short,False,,
d1.0,touch,short,False,,
d1.0,through,short,False,,
d0.0,touch,long,True,2.9074755524964404,target
d0.2,touch,long,True,2.897621395909249,target
d0.2,through,long,True,2.897621395909249,target
d0.4,touch,long,True,2.885389277863727,target
d0.4,through,long,True,2.885389277863727,target
d0.6,touch,long,True,2.8698003317811773,target
d0.6,through,long,True,2.8698003317811773,target
d0.8,touch,long,True,2.8492529927833337,target
d0.8,through,long,True,2.8492529927833337,target
d1.0,touch,long,True,2.8209342025350774,target
d1.0,through,long,True,2.8209342025350774,target
d0.0,touch,long,True,-1.1902779992376429,stop
d0.2,touch,long,True,-1.2169094344213127,stop
d0.2,through,long,True,-1.2169094344213127,stop
d0.4,touch,long,True,-1.2522620294286537,stop
d0.4,through,long,True,-1.2522620294286537,stop
d0.6,touch,long,True,-1.3014585306298365,stop
d0.6,through,long,True,-1.3014585306298365,stop
d0.8,touch,long,True,-1.3746105847813037,stop
d0.8,through,long,True,-1.3746105847813037,stop
d1.0,touch,long,True,-1.494846409791223,stop
d1.0,through,long,True,-1.494846409791223,stop
d0.0,touch,long,True,1.0354394197687316,tif
d0.2,touch,long,True,0.637810989025229,tif
d0.2,through,long,True,0.637810989025229,tif
d0.4,touch,long,False,,
d0.4,through,long,False,,
d0.6,touch,long,False,,
d0.6,through,long,False,,
d0.8,touch,long,False,,
d0.8,through,long,False,,
d1.0,touch,long,False,,
d1.0,through,long,False,,
d0.0,touch,long,True,-1.05091793467371,stop
d0.2,touch,long,True,-1.061367882650998,stop
d0.2,through,long,True,-1.061367882650998,stop
d0.4,touch,long,True,-1.077351500920007,stop
d0.4,through,long,True,-1.077351500920007,stop
d0.6,touch,long,False,,
d0.6,through,long,False,,
d0.8,touch,long,False,,
d0.8,through,long,False,,
d1.0,touch,long,False,,
d1.0,through,long,False,,
d0.0,touch,long,True,-1.104881310950744,stop
d0.2,touch,long,True,-1.128888035261748,stop
d0.2,through,long,True,-1.128888035261748,stop
d0.4,touch,long,True,-1.1673254523973362,stop
d0.4,through,long,True,-1.1673254523973362,stop
d0.6,touch,long,True,-1.238796403945663,stop
d0.6,through,long,True,-1.238796403945663,stop
d0.8,touch,long,True,-1.4179711938886086,stop
d0.8,through,long,True,-1.4179711938886086,stop
d1.0,touch,long,True,-2.6924281897982363,stop
d1.0,through,long,True,-2.6924281897982363,stop
d0.0,touch,long,True,-1.1331962151846486,stop
d0.2,touch,long,True,-1.1567040051496702,stop
d0.2,through,long,True,-1.1567040051496702,stop
d0.4,touch,long,True,-1.1903806090969151,stop
d0.4,through,long,True,-1.1903806090969151,stop
d0.6,touch,long,True,-1.2426450653174181,stop
d0.6,through,long,True,-1.2426450653174181,stop
d0.8,touch,long,True,-1.3347527249347628,stop
d0.8,through,long,True,-1.3347527249347628,stop
d1.0,touch,long,True,2.459672073056518,target
d1.0,through,long,True,2.459672073056518,target
d0.0,touch,long,True,-1.1259417417848419,stop
d0.2,touch,long,True,-1.1324990535283623,stop
d0.2,through,long,True,-1.1324990535283623,stop
d0.4,touch,long,True,-1.1397827840633865,stop
d0.4,through,long,True,-1.1397827840633865,stop
d0.6,touch,long,True,-1.1479207204923112,stop
d0.6,through,long,True,-1.1479207204923112,stop
d0.8,touch,long,True,-1.1570724896214204,stop
d0.8,through,long,True,-1.1570724896214204,stop
d1.0,touch,long,True,-1.1674401332616409,stop
d1.0,through,long,True,-1.1674401332616409,stop
d0.0,touch,short,True,-1.0371131489706589,stop
d0.2,touch,short,True,-1.045867872477348,stop
d0.2,through,short,True,-1.045867872477348,stop
d0.4,touch,short,True,-1.0598439375558215,stop
d0.4,through,short,True,-1.0598439375558215,stop
d0.6,touch,short,True,-1.0856971483751174,stop
d0.6,through,short,True,-1.0856971483751174,stop
d0.8,touch,short,True,-1.1497541104168298,stop
d0.8,through,short,True,-1.1497541104168298,stop
d1.0,touch,short,True,2.4237100746214995,target
d1.0,through,short,True,2.4237100746214995,target
d0.0,touch,short,True,2.9571418282024093,target
d0.2,touch,short,True,2.9475535357888742,target
d0.2,through,short,True,2.9475535357888742,target
d0.4,touch,short,True,2.932599869871853,target
d0.4,through,short,True,2.932599869871853,target
d0.6,touch,short,True,2.9060278163983115,target
d0.6,through,short,True,2.9060278163983115,target
d0.8,touch,short,True,2.845694993495613,target
d0.8,through,short,True,2.845694993495613,target
d1.0,touch,short,True,2.575193769909057,target
d1.0,through,short,True,2.575193769909057,target
d0.0,touch,short,True,-1.0680383636422819,stop
d0.2,touch,short,True,2.920863947519024,target
d0.2,through,short,True,2.920863947519024,target
d0.4,touch,short,True,2.905515058708014,target
d0.4,through,short,True,2.905515058708014,target
d0.6,touch,short,True,2.882893482704437,target
d0.6,through,short,True,2.882893482704437,target
d0.8,touch,short,True,-1.1537745403403987,stop
d0.8,through,short,True,-1.1537745403403987,stop
d1.0,touch,short,True,2.776537574781929,target
d1.0,through,short,True,2.776537574781929,target
d0.0,touch,short,True,2.900547793097068,target
d0.2,touch,short,True,2.8904060827888927,target
d0.2,through,short,True,2.8904060827888927,target
d0.4,touch,short,True,2.8779865799349293,target
d0.4,through,short,True,2.8779865799349293,target
d0.6,touch,short,True,2.8624248316772234,target
d0.6,through,short,True,2.8624248316772234,target
d0.8,touch,short,True,2.842355605689983,target
d0.8,through,short,True,2.842355605689983,target
d1.0,touch,short,True,2.8154888499959796,target
d1.0,through,short,True,2.8154888499959796,target
d0.0,touch,short,True,2.9141911304916377,target
d0.2,touch,short,True,2.9036814847558032,target
d0.2,through,short,True,2.9036814847558032,target
d0.4,touch,short,True,2.890276589290508,target
d0.4,through,short,True,2.890276589290508,target
d0.6,touch,short,True,2.8725889272633824,target
d0.6,through,short,True,2.8725889272633824,target
d0.8,touch,short,False,,
d0.8,through,short,False,,
d1.0,touch,short,False,,
d1.0,through,short,False,,
d0.0,touch,short,True,2.975698364389301,target
d0.2,touch,short,True,2.9710907040362993,target
d0.2,through,short,True,2.9710907040362993,target
d0.4,touch,short,True,2.964431187172961,target
d0.4,through,short,True,2.964431187172961,target
d0.6,touch,short,False,,
d0.6,through,short,False,,
d0.8,touch,short,False,,
d0.8,through,short,False,,
d1.0,touch,short,False,,
d1.0,through,short,False,,
d0.0,touch,short,True,2.9339695338294787,target
d0.2,touch,short,True,2.9236840063399097,target
d0.2,through,short,True,2.9236840063399097,target
d0.4,touch,short,True,2.909669791210605,target
d0.4,through,short,True,2.909669791210605,target
d0.6,touch,short,True,2.8894504352385355,target
d0.6,through,short,True,2.8894504352385355,target
d0.8,touch,short,False,,
d0.8,through,short,False,,
d1.0,touch,short,False,,
d1.0,through,short,False,,
d0.0,touch,short,True,-0.5605998384357039,tif
d0.2,touch,short,True,2.9743997425994997,target
d0.2,through,short,True,2.9743997425994997,target
d0.4,touch,short,False,,
d0.4,through,short,False,,
d0.6,touch,short,False,,
d0.6,through,short,False,,
d0.8,touch,short,False,,
d0.8,through,short,False,,
d1.0,touch,short,False,,
d1.0,through,short,False,,
d0.0,touch,long,True,-0.1537633733437839,tif
d0.2,touch,long,True,2.9513203723117587,target
d0.2,through,long,True,2.9513203723117587,target
d0.4,touch,long,True,2.940087262616373,target
d0.4,through,long,True,2.940087262616373,target
d0.6,touch,long,True,2.921929883587315,target
d0.6,through,long,True,2.921929883587315,target
d0.8,touch,long,True,2.887593507414538,target
d0.8,through,long,True,2.887593507414538,target
d1.0,touch,long,True,2.798078870595272,target
d1.0,through,long,True,2.798078870595272,target
d0.0,touch,long,True,-0.13134473369079885,tif
d0.2,touch,long,True,-0.03259360632541972,tif
d0.2,through,long,True,-0.03259360632541972,tif
d0.4,touch,long,True,0.18382445369028522,tif
d0.4,through,long,True,0.18382445369028522,tif
d0.6,touch,long,False,,
d0.6,through,long,False,,
d0.8,touch,long,False,,
d0.8,through,long,False,,
d1.0,touch,long,False,,
d1.0,through,long,False,,
d0.0,touch,long,True,-1.0225641078714445,stop
d0.2,touch,long,True,-1.0276230385359255,stop
d0.2,through,long,True,-1.0276230385359255,stop
d0.4,touch,long,False,,
d0.4,through,long,False,,
d0.6,touch,long,False,,
d0.6,through,long,False,,
d0.8,touch,long,False,,
d0.8,through,long,False,,
d1.0,touch,long,False,,
d1.0,through,long,False,,
d0.0,touch,long,True,-1.0859004152503355,stop
d0.2,touch,long,True,-1.0963763427683524,stop
d0.2,through,long,True,-1.0963763427683524,stop
d0.4,touch,long,True,-1.1098014355599672,stop
d0.4,through,long,True,-1.1098014355599672,stop
d0.6,touch,long,True,-1.1276250730111084,stop
d0.6,through,long,True,-1.1276250730111084,stop
d0.8,touch,long,True,-1.152432437450452,stop
d0.8,through,long,True,-1.152432437450452,stop
d1.0,touch,long,True,-1.1893281770665491,stop
d1.0,through,long,True,-1.1893281770665491,stop
d0.0,touch,long,True,-1.0218322019175112,stop
d0.2,touch,long,True,-1.026388340594846,stop
d0.2,through,long,True,-1.026388340594846,stop
d0.4,touch,long,True,-1.033495268039807,stop
d0.4,through,long,True,-1.033495268039807,stop
d0.6,touch,long,True,-1.0461278534077998,stop
d0.6,through,long,True,-1.0461278534077998,stop
d0.8,touch,long,True,-1.074828984572588,stop
d0.8,through,long,True,-1.074828984572588,stop
d1.0,touch,long,True,-1.2038246136843131,stop
d1.0,through,long,True,-1.2038246136843131,stop
d0.0,touch,long,True,0.2849502683498697,tif
d0.2,touch,long,True,0.6122828055545015,tif
d0.2,through,long,True,0.6122828055545015,tif
d0.4,touch,long,True,0.8079283860206276,tif
d0.4,through,long,True,0.8079283860206276,tif
d0.6,touch,long,True,2.522305321427122,tif
d0.6,through,long,True,2.522305321427122,tif
d0.8,touch,long,False,,
d0.8,through,long,False,,
d1.0,touch,long,False,,
d1.0,through,long,False,,
d0.0,touch,long,True,-1.277388811244304,stop
d0.2,touch,long,True,-1.3118769160272943,stop
d0.2,through,long,True,-1.3118769160272943,stop
d0.4,touch,long,True,-1.356199050556806,stop
d0.4,through,long,True,-1.356199050556806,stop
d0.6,touch,long,True,-1.415260756428532,stop
d0.6,through,long,True,-1.415260756428532,stop
d0.8,touch,long,True,-1.4978810249948433,stop
d0.8,through,long,True,-1.4978810249948433,stop
d1.0,touch,long,True,-1.6216670078077535,stop
d1.0,through,long,True,-1.6216670078077535,stop
d0.0,touch,long,True,2.887591147997543,target
d0.2,touch,long,True,2.8637251798367456,target
d0.2,through,long,True,2.8637251798367456,target
d0.4,touch,long,True,2.82684651638292,target
d0.4,through,long,True,2.82684651638292,target
d0.6,touch,long,True,2.7623237687773785,target
d0.6,through,long,True,2.7623237687773785,target
d0.8,touch,long,False,,
d0.8,through,long,False,,
d1.0,touch,long,False,,
d1.0,through,long,False,,
d0.0,touch,long,True,-1.0609438694372864,stop
d0.2,touch,long,True,2.9268277868499455,target
d0.2,through,long,True,2.9268277868499455,target
d0.4,touch,long,False,,
d0.4,through,long,False,,
d0.6,touch,long,False,,
d0.6,through,long,False,,
d0.8,touch,long,False,,
d0.8,through,long,False,,
d1.0,touch,long,False,,
d1.0,through,long,False,,
d0.0,touch,long,True,-1.1098920255445255,stop
d0.2,touch,long,True,2.874830151830701,target
d0.2,through,long,True,2.874830151830701,target
d0.4,touch,long,True,2.854565652892414,target
d0.4,through,long,True,2.854565652892414,target
d0.6,touch,long,True,2.8263968464231146,target
d0.6,through,long,True,2.8263968464231146,target
d0.8,touch,long,True,2.78457856731473,target
d0.8,through,long,True,2.78457856731473,target
d1.0,touch,long,True,-1.283982383294354,stop
d1.0,through,long,True,-1.283982383294354,stop
d0.0,touch,long,True,-1.0651976755605561,stop
d0.2,touch,long,True,-1.0773542805608949,stop
d0.2,through,long,True,-1.0773542805608949,stop
d0.4,touch,long,True,-1.0951903630794066,stop
d0.4,through,long,True,-1.0951903630794066,stop
d0.6,touch,long,True,-1.1238991604199586,stop
d0.6,through,long,True,-1.1238991604199586,stop
d0.8,touch,long,True,-1.1777813034324098,stop
d0.8,through,long,True,-1.1777813034324098,stop
d1.0,touch,long,True,-1.3157958950690203,stop
d1.0,through,long,True,-1.3157958950690203,stop
d0.0,touch,long,True,-1.1117989632843404,stop
d0.2,touch,long,True,-1.113292142167982,stop
d0.2,through,long,True,-1.113292142167982,stop
d0.4,touch,long,True,-1.1148261163890514,stop
d0.4,through,long,True,-1.1148261163890514,stop
d0.6,touch,long,True,-1.1164025809646354,stop
d0.6,through,long,True,-1.1164025809646354,stop
d0.8,touch,long,True,-1.1180233261329535,stop
d0.8,through,long,True,-1.1180233261329535,stop
d1.0,touch,long,True,-1.1196902441351353,stop
d1.0,through,long,True,-1.1196902441351353,stop
d0.0,touch,long,True,-1.0628394564013772,stop
d0.2,touch,long,True,-1.0734084972223044,stop
d0.2,through,long,True,-1.0734084972223044,stop
d0.4,touch,long,True,-1.0883350070674158,stop
d0.4,through,long,True,-1.0883350070674158,stop
d0.6,touch,long,True,-1.111013534764457,stop
d0.6,through,long,True,-1.111013534764457,stop
d0.8,touch,long,True,-1.1496012373350415,stop
d0.8,through,long,True,-1.1496012373350415,stop
d1.0,touch,long,True,-1.2298828409478773,stop
d1.0,through,long,True,-1.2298828409478773,stop
d0.0,touch,long,True,-1.1568412487810482,stop
d0.2,touch,long,True,-1.1674342699090325,stop
d0.2,through,long,True,-1.1674342699090325,stop
d0.4,touch,long,True,-1.1795723990005502,stop
d0.4,through,long,True,-1.1795723990005502,stop
d0.6,touch,long,True,-1.1936202865223478,stop
d0.6,through,long,True,-1.1936202865223478,stop
d0.8,touch,long,True,-1.2100671253256363,stop
d0.8,through,long,True,-1.2100671253256363,stop
d1.0,touch,long,True,-1.2295847845064962,stop
d1.0,through,long,True,-1.2295847845064962,stop
d0.0,touch,long,True,2.9240411485948656,target
d0.2,touch,long,True,2.908845564785826,target
d0.2,through,long,True,2.908845564785826,target
d0.4,touch,long,True,2.8859226335078296,target
d0.4,through,long,True,2.8859226335078296,target
d0.6,touch,long,True,2.8473683167152575,target
d0.6,through,long,True,2.8473683167152575,target
d0.8,touch,long,True,2.7689220376550585,target
d0.8,through,long,True,2.7689220376550585,target
d1.0,touch,long,False,,
d1.0,through,long,False,,
d0.0,touch,long,True,2.8379825578317175,target
d0.2,touch,long,True,2.812252659934624,target
d0.2,through,long,True,2.812252659934624,target
d0.4,touch,long,True,2.776735790895997,target
d0.4,through,long,True,2.776735790895997,target
d0.6,touch,long,True,2.7245364639143186,target
d0.6,through,long,True,2.7245364639143186,target
d0.8,touch,long,True,2.6402932522300655,target
d0.8,through,long,True,2.6402932522300655,target
d1.0,touch,long,True,2.481432160072682,target
d1.0,through,long,True,2.481432160072682,target
d0.0,touch,long,True,2.8412194311602774,target
d0.2,touch,long,True,2.8180202842120163,target
d0.2,through,long,True,2.8180202842120163,target
d0.4,touch,long,False,,
d0.4,through,long,False,,
d0.6,touch,long,False,,
d0.6,through,long,False,,
d0.8,touch,long,False,,
d0.8,through,long,False,,
d1.0,touch,long,False,,
d1.0,through,long,False,,
d0.0,touch,long,True,2.8847772103814164,target
d0.2,touch,long,True,2.8713768277647413,target
d0.2,through,long,True,2.8713768277647413,target
d0.4,touch,long,True,2.8544143351050097,target
d0.4,through,long,True,2.8544143351050097,target
d0.6,touch,long,True,2.832251690804518,target
d0.6,through,long,True,2.832251690804518,target
d0.8,touch,long,True,2.8020646929142305,target
d0.8,through,long,True,2.8020646929142305,target
d1.0,touch,long,True,2.7585319701928204,target
d1.0,through,long,True,2.7585319701928204,target
d0.0,touch,long,True,-1.0504933948631323,stop
d0.2,touch,long,True,-1.0612788024983866,stop
d0.2,through,long,True,-1.0612788024983866,stop
d0.4,touch,long,True,-1.078074598489605,stop
d0.4,through,long,True,-1.078074598489605,stop
d0.6,touch,long,True,-1.107845521347089,stop
d0.6,through,long,True,-1.107845521347089,stop
d0.8,touch,long,True,-1.175089551143627,stop
d0.8,through,long,True,-1.175089551143627,stop
d1.0,touch,long,True,-1.4706966736537246,stop
d1.0,through,long,True,-1.4706966736537246,stop
d0.0,touch,long,True,-1.2739344538229593,stop
d0.2,touch,long,True,-1.3224383920425498,stop
d0.2,through,long,True,-1.3224383920425498,stop
d0.4,touch,long,True,-1.3919076790828036,stop
d0.4,through,long,True,-1.3919076790828036,stop
d0.6,touch,long,True,-1.499683105614496,stop
d0.6,through,long,True,-1.499683105614496,stop
d0.8,touch,long,True,-1.6895088281434885,stop
d0.8,through,long,True,-1.6895088281434885,stop
d1.0,touch,long,True,-2.1126707563583507,stop
d1.0,through,long,True,-2.1126707563583507,stop
d0.0,touch,long,True,-1.1132155337287741,stop
d0.2,touch,long,True,-1.127837154413733,stop
d0.2,through,long,True,-1.127837154413733,stop
d0.4,touch,long,True,-1.1468400276745325,stop
d0.4,through,long,True,-1.1468400276745325,stop
d0.6,touch,long,True,-1.1725403850434548,stop
d0.6,through,long,True,-1.1725403850434548,stop
d0.8,touch,long,True,-1.2092364171501162,stop
d0.8,through,long,True,-1.2092364171501162,stop
d1.0,touch,long,True,-1.2659050879775746,stop
d1.0,through,long,True,-1.2659050879775746,stop
d0.0,touch,short,True,2.7576900865753866,target
d0.2,touch,short,True,2.7377998298298776,target
d0.2,through,short,True,2.7377998298298776,target
d0.4,touch,short,True,2.714368055571695,target
d0.4,through,short,True,2.714368055571695,target
d0.6,touch,short,True,2.6863564613351514,target
d0.6,through,short,True,2.6863564613351514,target
d0.8,touch,short,True,2.6522769036836005,target
d0.8,through,short,True,2.6522769036836005,target
d1.0,touch,short,True,2.609918191697764,target
d1.0,through,short,True,2.609918191697764,target
d0.0,touch,short,True,1.2078753512777964,tif
d0.2,touch,short,True,2.890288978584617,target
d0.2,through,short,True,2.890288978584617,target
d0.4,touch,short,False,,
d0.4,through,short,False,,
d0.6,touch,short,False,,
d0.6,through,short,False,,
d0.8,touch,short,False,,
d0.8,through,short,False,,
d1.0,touch,short,False,,
d1.0,through,short,False,,
d0.0,touch,short,True,-1.4169029731250062,stop
d0.2,touch,short,True,-1.454881521515814,stop
d0.2,through,short,True,-1.454881521515814,stop
d0.4,touch,short,True,-1.5004530017844449,stop
d0.4,through,short,True,-1.5004530017844449,stop
d0.6,touch,short,True,-1.556147362826715,stop
d0.6,through,short,True,-1.556147362826715,stop
d0.8,touch,short,True,-1.6257589497772744,stop
d0.8,through,short,True,-1.6257589497772744,stop
d1.0,touch,short,True,-1.7152491724201182,stop
d1.0,through,short,True,-1.7152491724201182,stop
d0.0,touch,short,True,2.935703791496737,target
d0.2,touch,short,True,2.9222418873987666,target
d0.2,through,short,True,2.9222418873987666,target
d0.4,touch,short,True,2.901787592295565,target
d0.4,through,short,True,2.901787592295565,target
d0.6,touch,short,False,,
d0.6,through,short,False,,
d0.8,touch,short,False,,
d0.8,through,short,False,,
d1.0,touch,short,False,,
d1.0,through,short,False,,
d0.0,touch,short,True,2.9545119523709036,target
d0.2,touch,short,False,,
d0.2,through,short,False,,
d0.4,touch,short,False,,
d0.4,through,short,False,,
d0.6,touch,short,False,,
d0.6,through,short,False,,
d0.8,touch,short,False,,
d0.8,through,short,False,,
d1.0,touch,short,False,,
d1.0,through,short,False,,
