ts,dir,era,has_zone,in_zone,poc_dist_atr,side,shallow_of_poc,bid_depth
2024-08-12 09:07:00+00:00,short,2024,True,False,0.21275624605172339,in_zone,True,0.9184930072371106
2024-08-27 12:43:00+00:00,short,2024,True,True,2.882064230926871,in_zone,True,0.7057841505676186
2024-08-28 13:25:00+00:00,short,2024,True,False,-2.8453822988120856,below_zone,False,1.4311955914064343
2024-09-02 23:57:00+00:00,short,2024,True,False,-3.284238247011943,below_zone,False,1.57265495908961
2024-09-03 13:04:00+00:00,short,2024,True,False,1.6447875018510019,above_zone,True,0.881674859092351
2024-09-03 20:29:00+00:00,short,2024,True,False,-1.4178832116788356,below_zone,False,1.5447228947196203
2024-09-04 12:42:00+00:00,short,2024,True,True,-0.23640200062519506,in_zone,False,1.034013605442177
2024-09-04 17:37:00+00:00,short,2024,True,True,0.43924791954942183,in_zone,True,0.8551863720694863
2024-09-05 19:50:00+00:00,short,2024,True,True,-0.2603134060472231,in_zone,False,1.063075932322465
2024-09-24 11:03:00+00:00,short,2024,True,True,-2.039894922534137,in_zone,False,1.3352687612232035
2024-09-24 11:38:00+00:00,long,2024,True,False,3.2603124305092277,above_zone,True,0.6609450744491125
2024-09-27 17:43:00+00:00,short,2024,True,False,-3.161071448184974,below_zone,False,1.3024646741079573
2024-10-14 11:35:00+00:00,short,2024,True,False,-8.951137583543998,below_zone,False,3.516423606378643
2024-10-14 13:26:00+00:00,short,2024,True,False,-9.17641570756698,below_zone,False,2.4770373433972654
2024-10-14 16:42:00+00:00,long,2024,True,False,6.076815031268036,above_zone,True,0.4207541927067392
2024-10-14 17:13:00+00:00,short,2024,True,False,-8.529554187062418,below_zone,False,4.704322582119905
2024-10-14 18:57:00+00:00,short,2024,True,False,-14.718718620388316,below_zone,False,5.4036619653918905
2024-11-07 12:52:00+00:00,short,2024,True,True,-0.33934326773595713,in_zone,False,1.0102306599715931
2024-11-07 17:44:00+00:00,short,2024,True,False,-2.03444876448801,below_zone,False,1.1262128153319864
2025-01-28 10:15:00+00:00,long,2025,True,True,0.11505321570239975,in_zone,True,0.9847588705584429
2025-12-21 11:53:00+00:00,long,2025,True,False,-1.5601020961024192,below_zone,False,1.2662860148383421
2025-12-22 01:03:00+00:00,long,2025,True,False,-1.1079082419276598,below_zone,False,1.3123471873151653
2025-12-22 11:39:00+00:00,long,2025,True,True,-0.15607083264140867,in_zone,False,1.0257616858456409
2025-12-23 20:43:00+00:00,long,2025,True,True,0.22651565511081903,in_zone,True,0.9734942807211013
2025-12-24 19:31:00+00:00,long,2025,True,True,-1.111976548046542,in_zone,False,1.1601277658770068
2025-12-25 01:00:00+00:00,long,2025,True,True,-2.139901531728634,in_zone,False,1.3190376688475514
2025-12-25 17:27:00+00:00,long,2025,True,True,-0.9963247958736738,in_zone,False,1.2651625855856115
2025-12-25 17:56:00+00:00,long,2025,True,False,0.5925024457237145,above_zone,True,0.9037396399697301
2025-12-26 15:41:00+00:00,long,2025,True,False,1.1703783592902262,above_zone,True,0.7901538275960341
2025-12-29 04:05:00+00:00,long,2025,True,False,0.9797239780043667,above_zone,True,0.8477951484487386
2025-12-29 05:49:00+00:00,long,2025,True,False,1.4600922280066924,above_zone,True,0.8484118684708052
2025-12-29 12:56:00+00:00,short,2025,True,True,-0.19629739782037617,in_zone,False,1.0677668281165806
2025-12-30 12:36:00+00:00,long,2025,True,True,-0.018464632126791496,in_zone,False,1.0011220859729182
2025-12-31 01:18:00+00:00,long,2025,True,True,-0.007292677292692352,in_zone,False,1.0005311199801223
2026-01-02 10:05:00+00:00,long,2026,True,False,1.1116525535506556,above_zone,True,0.8938353401349032
2026-01-02 12:08:00+00:00,long,2026,True,False,0.996504248682329,above_zone,True,0.8995636501612627
2026-01-02 21:00:00+00:00,long,2026,True,False,2.361033787985239,above_zone,True,0.528029683024556
2026-01-05 11:32:00+00:00,long,2026,True,True,-0.11941998566599077,in_zone,False,1.011809523809521
2026-01-05 12:52:00+00:00,short,2026,True,False,-9.027879085425827,below_zone,False,2.321250224537457
2026-01-05 19:23:00+00:00,short,2026,True,False,-6.8563977951696415,below_zone,False,2.7981816145316563
2026-01-08 12:51:00+00:00,long,2026,True,False,-4.17953986186071,below_zone,False,1.3178341595350087
2026-01-11 16:08:00+00:00,long,2026,True,False,1.5955842160657159,above_zone,True,0.7948164410899641
2026-01-12 19:31:00+00:00,short,2026,True,False,-3.6938534742511546,below_zone,False,3.2599476549707207
2026-01-14 00:12:00+00:00,short,2026,True,False,-7.543335958491614,below_zone,False,3.0829353406619093
2026-01-14 13:19:00+00:00,short,2026,True,True,-0.8093477863154523,in_zone,False,1.0315153954116607
2026-01-18 16:16:00+00:00,long,2026,True,True,0.9229751658597126,in_zone,True,0.7588666843195712
2026-01-18 20:59:00+00:00,short,2026,True,True,-0.7962155129529337,in_zone,False,1.3119588602613041
2026-01-19 01:59:00+00:00,long,2026,True,False,-2.7784418769838273,below_zone,False,4.018538322013467
2026-01-19 13:30:00+00:00,long,2026,True,False,-13.307197517052625,below_zone,False,5.1306350751062215
2026-01-20 00:53:00+00:00,short,2026,True,True,-0.29827982938602754,in_zone,False,1.06413261535213
2026-01-20 12:07:00+00:00,long,2026,True,False,-9.532823121695522,below_zone,False,1.5211006600730232
2026-01-20 15:13:00+00:00,short,2026,True,False,0.3674047649654767,above_zone,True,0.8983580030495802
2026-01-20 23:43:00+00:00,long,2026,True,False,-3.8935665917630518,below_zone,False,1.4436351044128979
2026-01-21 00:33:00+00:00,short,2026,True,False,3.866994898812524,above_zone,True,0.5240561654900112
2026-01-21 14:18:00+00:00,short,2026,True,False,2.6267650596835233,above_zone,True,0.41981472870989994
2026-01-22 00:37:00+00:00,long,2026,True,True,1.6078901179382392,in_zone,True,0.8626187828405163
2026-01-23 06:51:00+00:00,long,2026,True,False,-5.207146078743344,below_zone,False,2.5369530361376067
2026-01-23 21:34:00+00:00,short,2026,True,False,-0.6061966719021553,below_zone,False,1.1369330395573813
2026-01-25 20:57:00+00:00,long,2026,True,False,-3.3832851427531776,below_zone,False,2.273725115128393
2026-01-25 21:55:00+00:00,long,2026,True,False,-5.618626159218892,below_zone,False,3.064468150000154
2026-01-25 22:45:00+00:00,long,2026,True,False,-6.422326536202501,below_zone,False,2.9720436394307272
2026-01-25 23:06:00+00:00,long,2026,True,False,-5.271712576462894,below_zone,False,2.6177160270647106
2026-01-27 19:13:00+00:00,short,2026,True,False,-1.5006776851445303,below_zone,False,1.373780190635935
2026-02-01 19:50:00+00:00,short,2026,True,False,3.231207508924219,above_zone,True,0.5957946448381437
2026-02-03 21:14:00+00:00,long,2026,True,False,-4.429360518432472,below_zone,False,2.455748011561416
2026-02-04 00:27:00+00:00,long,2026,True,False,-6.829145217287173,below_zone,False,6.075911070772323
2026-02-05 14:27:00+00:00,long,2026,True,False,-5.938125242619279,below_zone,False,1.6262157374179134
2026-02-05 20:57:00+00:00,long,2026,True,False,-5.354398778201163,below_zone,False,1.83313651763024
2026-02-05 23:07:00+00:00,long,2026,True,False,-6.545168006227265,below_zone,False,2.355945049569703
2026-02-06 09:34:00+00:00,long,2026,True,False,-3.241397613690761,below_zone,False,1.1585607081181355
2026-02-06 12:14:00+00:00,short,2026,True,True,0.4063088392448225,in_zone,True,0.9713001879772163
2026-02-06 13:59:00+00:00,long,2026,True,False,-3.7237116323179165,below_zone,False,1.1414077303595596
2026-02-06 18:27:00+00:00,long,2026,True,True,-0.7191914773379746,in_zone,False,1.0603988971699396
2026-02-06 19:50:00+00:00,long,2026,True,True,-0.06307112644663844,in_zone,False,1.0047039982675068
2026-02-06 20:03:00+00:00,long,2026,True,True,-0.06770458028437963,in_zone,False,1.005264931577988
2026-02-08 15:42:00+00:00,long,2026,True,False,-12.748474463325246,below_zone,False,2.8043004204355495
2026-02-09 10:32:00+00:00,short,2026,True,False,0.7691783503167969,above_zone,True,0.8925513830983518
2026-02-09 12:31:00+00:00,short,2026,True,False,-1.9494061579450959,below_zone,False,1.7792361202257514
2026-02-09 12:43:00+00:00,short,2026,True,True,-0.6194626339193485,in_zone,False,1.247617797611232
2026-02-10 10:38:00+00:00,short,2026,True,True,0.022724028141517274,in_zone,True,0.9923450126937324
2026-02-10 11:24:00+00:00,long,2026,True,False,1.2152133585751321,above_zone,True,0.9203827643043557
2026-02-10 18:16:00+00:00,long,2026,True,True,0.08147833330912072,in_zone,True,0.9879758892375885
2026-02-10 19:58:00+00:00,long,2026,True,True,1.4644958129687118,in_zone,True,0.8348758000542853
2026-02-12 21:47:00+00:00,long,2026,True,False,-3.1107184810126363,below_zone,False,1.495786195532498
2026-02-12 21:51:00+00:00,long,2026,True,False,-2.9292501265822564,below_zone,False,1.4668637759687408
2026-02-13 00:46:00+00:00,long,2026,True,False,-4.298436275607231,below_zone,False,1.495786195532498
2026-02-15 15:02:00+00:00,short,2026,True,False,0.30114458779106756,above_zone,True,0.95729996436226
2026-02-15 17:30:00+00:00,short,2026,True,False,-1.1034115794395096,below_zone,False,1.8917696189316549
2026-02-18 21:46:00+00:00,long,2026,True,False,-4.145462467438425,below_zone,False,1.7708709565766458
2026-02-19 17:23:00+00:00,short,2026,True,True,-0.07329702165589787,in_zone,False,1.0460704013085558
2026-02-20 12:18:00+00:00,long,2026,True,True,0.05448956818552408,in_zone,True,0.9914109253653292
2026-02-25 11:04:00+00:00,long,2026,True,False,1.4753907418243384,above_zone,True,0.8365032626421216
2026-03-01 00:41:00+00:00,short,2026,True,False,-4.461506355249585,below_zone,False,1.5596051538248032
2026-03-03 18:38:00+00:00,short,2026,True,True,0.5673401495663726,in_zone,True,0.8892580000519095
2026-03-04 13:36:00+00:00,short,2026,True,False,-7.6593937439649045,below_zone,False,1.7124477331278907
2026-03-05 19:08:00+00:00,short,2026,True,True,-0.22136475289314833,in_zone,False,1.0232337947260477
2026-03-06 15:57:00+00:00,short,2026,True,False,2.1468591275235176,above_zone,True,0.6289319607687823
2026-03-10 14:10:00+00:00,short,2026,True,False,-5.018353753919543,below_zone,False,1.4899076622440635
2026-03-13 08:44:00+00:00,short,2026,True,False,-4.654153853180393,below_zone,False,1.732345654169773
2026-03-13 18:28:00+00:00,short,2026,True,False,-2.9556337195554656,below_zone,False,2.1529459241323647
2026-03-18 09:22:00+00:00,short,2026,True,True,-0.7214811658801462,in_zone,False,1.1137269083566972
2026-03-18 22:08:00+00:00,short,2026,True,False,8.459714667904867,above_zone,True,0.255761492604681
2026-03-19 09:18:00+00:00,short,2026,True,False,0.9729895873244965,above_zone,True,0.8231631480513731
2026-03-22 09:48:00+00:00,short,2026,True,True,-0.122258747284105,in_zone,False,1.0108198522735445
2026-03-23 08:46:00+00:00,short,2026,True,False,-1.4235696529947326,below_zone,False,1.3601284653018462
2026-03-25 14:20:00+00:00,short,2026,True,False,-3.844103581052321,below_zone,False,1.7685068688491432
2026-03-30 11:15:00+00:00,long,2026,True,False,5.276592422980945,above_zone,True,0.3281103596708535
2026-03-30 14:44:00+00:00,long,2026,True,False,3.0259013552659346,above_zone,True,0.44063876891564835
2026-03-30 17:57:00+00:00,long,2026,True,False,1.3790085111086694,above_zone,True,0.701755560278249
2026-03-31 08:10:00+00:00,long,2026,True,True,0.42481902417832584,in_zone,True,0.9527059998251236
2026-03-31 11:46:00+00:00,short,2026,True,True,0.3072390448957588,in_zone,True,0.9635630651742119
2026-03-31 13:00:00+00:00,short,2026,True,False,-1.2428395094855742,below_zone,False,1.1962055907933034
2026-04-02 17:39:00+00:00,short,2026,True,False,3.6741730513953037,above_zone,True,0.5056903755598594
2026-04-03 14:42:00+00:00,short,2026,True,False,-23.39053545038379,below_zone,False,4.866406343678526
2026-04-09 15:12:00+00:00,long,2026,True,True,-1.8227548708442156,in_zone,False,1.3774566601466705
2026-04-09 18:16:00+00:00,long,2026,True,True,-1.2184182168282938,in_zone,False,1.4003819740745171
2026-04-09 20:16:00+00:00,long,2026,True,True,0.30280547760956616,in_zone,True,0.9239986839598836
2026-04-14 18:15:00+00:00,short,2026,True,False,-3.043859440850055,below_zone,False,1.2778433075554811
2026-04-15 10:25:00+00:00,short,2026,True,False,-5.335161969253265,below_zone,False,1.2822392219652479
2026-04-17 13:51:00+00:00,short,2026,True,False,-2.7750501705799744,below_zone,False,1.8088521094939303
2026-04-17 20:22:00+00:00,short,2026,True,False,-7.50410809632772,below_zone,False,2.6304549587090023
2026-04-18 11:15:00+00:00,short,2026,True,True,-0.10172260465734725,in_zone,False,1.0057366647249761
2026-04-19 10:21:00+00:00,short,2026,True,False,-2.621487622826951,below_zone,False,1.3508923967248934
2026-04-19 10:29:00+00:00,short,2026,True,False,-2.621487622826951,below_zone,False,1.3508923967248934
2026-04-20 00:11:00+00:00,short,2026,True,True,-0.6670076631202603,in_zone,False,1.1010114951594072
2026-04-20 01:06:00+00:00,short,2026,True,True,0.2512613457735626,in_zone,True,0.9627803957910206
2026-04-21 20:18:00+00:00,short,2026,True,True,-1.1268002175171403,in_zone,False,1.2280584032308155
2026-04-22 10:02:00+00:00,short,2026,True,False,-11.690172110994094,below_zone,False,3.1162227602905603
2026-04-23 11:47:00+00:00,short,2026,True,True,-0.33085376893790563,in_zone,False,1.027667645356938
2026-04-23 12:06:00+00:00,short,2026,True,True,-0.9789955114254442,in_zone,False,1.0801311587835647
2026-04-25 19:41:00+00:00,short,2026,True,False,-3.2599526066349607,below_zone,False,1.6877468379742646
2026-04-27 10:10:00+00:00,short,2026,True,False,-1.6037756544630297,below_zone,False,1.2690760752880588
2026-04-27 18:25:00+00:00,short,2026,True,True,0.1457542059104577,in_zone,True,0.9721456232647536
2026-04-28 10:21:00+00:00,short,2026,True,True,-0.12279946793208905,in_zone,False,1.0122721372914043
2026-04-29 18:14:00+00:00,short,2026,True,False,-2.166082677427491,below_zone,False,1.3939659579446513
2026-04-29 21:11:00+00:00,short,2026,True,False,-1.968899440518231,below_zone,False,1.3239217627873843
2026-05-04 13:19:00+00:00,short,2026,True,True,0.08025387009501975,in_zone,True,0.9567446429667724
2026-05-07 18:19:00+00:00,short,2026,True,False,2.551678859501012,above_zone,True,0.5383022774327143
2026-05-18 11:15:00+00:00,short,2026,True,False,-2.5584366242724563,below_zone,False,1.2077455243299664
2026-05-18 17:43:00+00:00,long,2026,True,False,-1.5605739164772545,below_zone,False,1.2799498058899599
