ts,dir,market,market_fill,shallow0.2,shallow0.2_fill,deep_single,deep_single_fill,deep_ladder,deep_ladder_fill,cascade,cascade_attempts
2025-06-21 20:00:00+00:00,short,-1.0714184222735588,True,2.9138077561877362,True,,False,,False,,0
2025-06-22 02:30:00+00:00,short,-1.0644814520871546,True,2.9230688878296673,True,,False,,False,,0
2025-06-22 15:15:00+00:00,short,-1.0282113418833065,True,-1.0347103881321145,True,,False,,False,,0
2025-07-02 09:00:00+00:00,long,2.8547587718689473,True,2.848396009112145,True,2.81612878003279,True,2.81612878003279,True,2.81612878003279,1
2025-07-03 10:15:00+00:00,long,-1.1336201617572153,True,-1.1568450540747413,True,-1.5213395766857738,True,-2.322598190831501,True,-2.322598190831501,1
2025-07-09 09:00:00+00:00,long,2.785854925424644,True,2.7461827719864047,True,,False,,False,,0
2025-07-21 00:45:00+00:00,short,-1.0843834166278579,True,-1.1003137310331592,True,-1.3983375039057573,True,-2.15914070891194,True,-2.15914070891194,1
2025-07-21 20:15:00+00:00,short,-1.0860755049068367,True,-1.1003726998997918,True,2.7056488350016,True,2.7056488350016,True,2.7056488350016,1
2025-07-23 04:15:00+00:00,short,2.8789731314171356,True,2.8732587436532135,True,2.84381564208034,True,2.84381564208034,True,2.84381564208034,1
2025-07-23 10:15:00+00:00,short,0.0996201833426471,True,0.16838519232624988,True,2.8893330670095163,True,6.724267328103616,True,6.724267328103616,1
2025-07-23 16:15:00+00:00,short,-1.078325135258742,True,-1.0935839865664267,True,2.5907759280095766,True,2.5907759280095766,True,2.5907759280095766,1
2025-07-23 23:45:00+00:00,short,-1.1558770691325009,True,-1.1829823452415305,True,2.405353802994835,True,5.409889327988056,True,5.409889327988056,1
2025-07-24 14:30:00+00:00,short,-1.174915707348127,True,-1.2007657885152183,True,-1.488465408491998,True,-2.2759832573290875,True,-4.906592901527031,2
2025-07-26 02:15:00+00:00,short,-1.4132304451013458,True,-1.4890444215659229,True,-2.8281701884899846,True,-5.3503148334304775,True,-5.3503148334304775,1
2025-07-26 08:15:00+00:00,short,-1.4727987104809532,True,-1.548905920789265,True,-2.5373179860326527,True,-4.302361667291821,True,-4.302361667291821,1
2025-08-01 01:45:00+00:00,short,0.1406910205148536,True,0.42080600938730983,True,,False,,False,,0
2025-08-01 14:15:00+00:00,short,-1.1472444712986885,True,-1.1676481807064358,True,-1.3742258418379052,True,-2.1495073535181,True,-2.1495073535181,1
2025-08-01 20:15:00+00:00,short,-0.5976857519354698,True,-0.6773738355511874,True,,False,,False,,0
2025-08-24 03:45:00+00:00,short,2.8035664321388096,True,2.7943803213097427,True,2.7471330350160423,True,2.7471330350160423,True,2.7471330350160423,1
2025-08-25 21:30:00+00:00,short,-1.0603987258609147,True,-1.0734067136094865,True,-1.4867321678134973,True,-2.6237762082004017,True,-2.4577341082912225,3
2025-09-10 00:00:00+00:00,long,2.831312606488643,True,2.8081543211735536,True,2.5726095759333067,True,2.5726095759333067,True,2.5726095759333067,1
2025-09-10 18:15:00+00:00,long,1.3914139256327336,True,2.8851786657562357,True,,False,,False,,0
2025-09-11 00:15:00+00:00,long,-1.533170016614209,True,-1.5906178697079856,True,-2.0386956144371133,True,-3.402318328402278,True,-3.402318328402278,1
2025-09-11 07:00:00+00:00,long,-1.1701178513883816,True,-1.1989548337427136,True,2.3763899063396168,True,2.3763899063396168,True,2.3763899063396168,1
2025-09-13 13:45:00+00:00,long,-1.2211157925531895,True,-1.2687290278607422,True,-2.987706757060697,True,-5.38518886367305,True,-5.38518886367305,1
2025-10-01 02:30:00+00:00,long,2.8321966873138527,True,2.804593262415465,True,,False,,False,,0
2025-10-02 05:45:00+00:00,long,2.9032418918710503,True,,False,,False,,False,,0
2025-10-03 09:30:00+00:00,long,-1.275053054053298,True,-1.2917070791354293,True,-1.3850644660530946,True,-1.9331446171970839,True,-1.9331446171970839,1
2025-10-03 16:45:00+00:00,long,0.31893299615398835,True,0.6139138248389849,True,,False,,False,,0
2025-10-04 22:45:00+00:00,long,2.628298836291333,True,2.5659781280562157,True,,False,,False,,0
2025-10-05 12:00:00+00:00,long,-1.0884181869302711,True,-1.1051014941706006,True,2.55904919658116,True,2.55904919658116,True,2.55904919658116,1
2025-10-06 00:30:00+00:00,long,-1.132418498800732,True,2.848017849444168,True,,False,,False,,0
2025-11-13 14:15:00+00:00,short,2.927595978709066,True,2.9137152443769,True,2.6426854775889845,True,2.6426854775889845,True,2.6426854775889845,1
2025-11-13 21:30:00+00:00,short,1.2291691944686622,True,1.8617325617807348,True,,False,,False,,0
2025-11-15 05:30:00+00:00,short,2.9389961056018366,True,2.9297446549111408,True,,False,,False,,0
2025-11-18 18:00:00+00:00,short,2.926591406594281,True,2.9140288594565384,True,,False,,False,,0
2025-11-19 06:00:00+00:00,short,-1.045181598750129,True,-1.0505166889492277,True,-1.0947731278295987,True,-1.2814688431349426,True,-3.2390368449379148,2
2025-11-20 07:45:00+00:00,short,2.774302912887408,True,2.740724739263612,True,2.362324550773958,True,2.362324550773958,True,2.362324550773958,1
2025-11-20 14:15:00+00:00,short,2.9395091106965627,True,2.928860376141857,True,,False,,False,,0
2025-11-21 10:30:00+00:00,short,-1.0148683689687164,True,-1.0183526384279848,True,,False,,False,,0
2025-11-21 16:30:00+00:00,short,-1.018987053648896,True,-1.0231867294044372,True,,False,,False,,0
2025-11-21 23:15:00+00:00,short,-1.027361128621254,True,-1.033091627622064,True,,False,,False,,0
2025-12-02 08:00:00+00:00,long,2.907475674110915,True,2.8976215152788396,True,2.8209342025350774,True,2.8209342025350774,True,2.8209342025350774,1
2025-12-03 10:30:00+00:00,long,-1.1902782407452006,True,-1.2169096858203665,True,-1.494846409791223,True,-2.3141626309883043,True,-4.617527576644356,2
2026-01-04 03:15:00+00:00,long,1.0354353869455775,True,0.6378072376082119,True,,False,,False,,0
2026-01-05 02:15:00+00:00,long,-1.0509180116405517,True,-1.0613679727027776,True,,False,,False,,0
2026-01-06 07:00:00+00:00,long,-1.1048815650915351,True,-1.12888834340264,True,-2.6924281897982363,True,-5.0867069641565115,True,-5.0867069641565115,1
2026-01-13 09:30:00+00:00,long,-1.1331967502763403,True,-1.1567045990035805,True,2.4596720730565176,True,2.4596720730565176,True,2.4596720730565176,1
2026-01-15 13:00:00+00:00,long,-1.1259418939203234,True,-1.1324991883471935,True,-1.1674401332616409,True,-1.4048621346691694,True,-1.4048621346691694,1
2026-01-25 21:45:00+00:00,short,-1.0371132051561232,True,-1.0458679404469562,True,2.4237100746214995,True,5.152618068350345,True,5.152618068350345,1
2026-01-30 14:00:00+00:00,short,2.95714191338992,True,2.947553636994079,True,2.575193769909057,True,5.745819191587261,True,5.745819191587261,1
2026-02-01 14:45:00+00:00,short,-1.0680382882991262,True,2.92086402872888,True,2.776537574781929,True,2.776537574781929,True,2.776537574781929,1
2026-02-03 03:30:00+00:00,short,2.900547992440237,True,2.890406276090278,True,2.8154888499959796,True,6.420343418560178,True,6.420343418560178,1
2026-02-03 11:00:00+00:00,short,2.914191190075654,True,2.903681544663488,True,,False,,False,,0
2026-02-04 03:00:00+00:00,short,2.975698334035587,True,2.9710906701037114,True,,False,,False,,0
2026-02-05 00:15:00+00:00,short,2.9339697239075937,True,2.9236842086494685,True,,False,,False,,0
2026-02-05 14:00:00+00:00,short,-0.5605987370081519,True,2.9743997377592937,True,,False,,False,,0
2026-02-25 02:30:00+00:00,long,-0.15376394201802096,True,2.951320434001411,True,2.798078870595272,True,2.798078870595272,True,2.798078870595272,1
2026-03-03 20:00:00+00:00,long,-0.13134416007064287,True,-0.03259249131300931,True,,False,,False,,0
2026-03-04 09:45:00+00:00,long,-1.0225641290511898,True,-1.0276230643622715,True,,False,,False,,0
2026-03-05 11:15:00+00:00,long,-1.0859006021363249,True,-1.0963765314494243,True,-1.1893281770665491,True,-1.6071800146918944,True,-1.6071800146918944,1
2026-03-05 17:15:00+00:00,long,-1.0218321919343867,True,-1.0263883287329325,True,-1.2038246136843131,True,-1.8279009157750776,True,-1.8279009157750776,1
2026-03-13 01:15:00+00:00,long,0.28494892931297355,True,0.6122808010316284,True,,False,,False,,0
2026-03-13 21:15:00+00:00,long,-1.2773857916541373,True,-1.3118738598784612,True,-1.6216670078077535,True,-2.729476368501476,True,-2.729476368501476,1
2026-03-15 12:30:00+00:00,long,2.8875916937868533,True,2.863725823575426,True,,False,,False,,0
2026-03-16 00:30:00+00:00,long,-1.0609438536936913,True,2.9268278051075756,True,,False,,False,,0
2026-03-16 18:45:00+00:00,long,-1.1098926303911165,True,2.874829522650336,True,-1.2839823832943542,True,-1.8766794875131412,True,-1.8766794875131412,1
2026-03-17 19:45:00+00:00,long,-1.0651978331788305,True,-1.0773544589320703,True,-1.3157958950690203,True,-1.897875003391987,True,-1.897875003391987,1
2026-04-07 10:00:00+00:00,long,-1.1117996350104105,True,-1.113292694129797,True,-1.1196902441351353,True,-1.3113458564197096,True,-1.3113458564197096,1
2026-04-08 13:30:00+00:00,long,-1.0628395568660425,True,-1.0734086074145477,True,-1.2298828409478773,True,-1.7057127804319965,True,-1.7057127804319965,1
2026-04-13 02:30:00+00:00,long,-1.1568418921039294,True,-1.1674348569107809,True,-1.2295847845064962,True,-1.6187350790570962,True,-1.6187350790570962,1
2026-04-13 15:00:00+00:00,long,2.924040853865497,True,2.908845223717268,True,,False,,False,,0
2026-04-17 00:15:00+00:00,long,2.8379831015190726,True,2.8122532449972075,True,2.481432160072682,True,5.671919574224734,True,5.671919574224734,1
2026-04-17 07:15:00+00:00,long,2.8412199528690576,True,2.8180208333367704,True,,False,,False,,0
2026-05-03 12:45:00+00:00,long,2.8847774191741222,True,2.8713770362901303,True,2.7585319701928204,True,2.7585319701928204,True,2.7585319701928204,1
2026-05-04 03:30:00+00:00,long,-1.050493453337062,True,-1.0612788718868071,True,-1.4706966736537246,True,-2.519249305654212,True,-2.4526243109935857,3
2026-05-04 22:30:00+00:00,long,-1.27393241629586,True,-1.3224361311894879,True,-2.1126707563583507,True,-3.7569770219704477,True,-3.7569770219704477,1
2026-05-06 16:15:00+00:00,long,-1.1132160679274847,True,-1.1278377003973938,True,-1.2659050879775746,True,-1.8120491072817715,True,3.200002635121233,2
2026-05-16 01:45:00+00:00,short,2.7576917184398972,True,2.73780135749161,True,2.609918191697764,True,2.609918191697764,True,2.609918191697764,1
2026-05-16 08:00:00+00:00,short,1.2078854997909156,True,2.8902885532124114,True,,False,,False,,0
2026-05-17 09:45:00+00:00,short,-1.4168967010287208,True,-1.4548755503849198,True,-1.7152491724201182,True,-2.5946760437007077,True,-2.5946760437007077,1
2026-06-02 02:45:00+00:00,short,2.935703791496737,True,2.9222418873987666,True,,False,,False,,0
2026-06-03 18:45:00+00:00,short,2.954511892335705,True,,False,,False,,False,,0
